COV,20150226,0.03,0.03,0.03,0.03,000
COV,20150225,0.03,0.03,0.03,0.03,000
COV,20150224,0.03,0.03,0.03,0.03,000
COV,20150223,0.03,0.03,0.03,0.03,000
COV,20150220,0.03,0.03,0.03,0.03,000
COV,20150219,0.03,0.03,0.03,0.03,000
COV,20150218,0.03,0.03,0.03,0.03,000
COV,20150217,0.03,0.03,0.03,0.03,000
COV,20150216,0.03,0.03,0.03,0.03,000
COV,20150212,0.03,0.03,0.03,0.03,000
COV,20150211,0.03,0.03,0.03,0.03,000
COV,20150210,0.03,0.03,0.03,0.03,000
COV,20150209,0.03,0.03,0.03,0.03,000
COV,20150206,0.03,0.03,0.03,0.03,000
COV,20150205,0.03,0.03,0.03,0.03,000
COV,20150204,0.03,0.03,0.03,0.03,000
COV,20150203,0.03,0.03,0.03,0.03,000
COV,20150202,0.03,0.03,0.03,0.03,000
COV,20150130,0.03,0.03,0.03,0.03,000
COV,20150129,0.03,0.03,0.03,0.03,000
COV,20150128,0.03,0.03,0.03,0.03,000
COV,20150127,0.03,0.03,0.03,0.03,000
COV,20150126,107.97,108.15,106.71,106.71,24887100
COV,20150123,106.85,108.57,106.72,108.07,8351700
COV,20150122,104.21,106.92,104.18,106.45,6689000
COV,20150121,103.10,104.81,102.45,102.45,5806300
COV,20150120,104.17,104.71,103.01,103.38,3591300
COV,20150119,104.05,104.05,104.05,104.05,000
COV,20150116,102.86,104.10,102.46,104.05,3480600
COV,20150115,103.21,103.45,102.63,102.88,2543300
COV,20150114,103.00,103.49,102.48,102.97,2555000
COV,20150113,105.75,106.29,103.53,103.82,4042100
COV,20150112,105.34,105.65,104.93,105.29,2413300
COV,20150109,105.63,105.79,105.03,105.14,3991500
COV,20150108,104.85,105.68,104.59,105.68,3387100
COV,20150107,102.50,104.06,102.42,103.95,4282200
COV,20150106,102.27,103.60,102.00,102.08,9940900
COV,20150105,101.60,102.72,101.60,102.26,6201500
COV,20150102,102.37,103.21,101.64,102.07,2999800
COV,20150101,102.28,102.28,102.28,102.28,000
COV,20141231,103.56,103.95,102.25,102.28,2094800
COV,20141230,103.10,103.68,102.55,103.22,2225300
COV,20141229,102.90,103.77,102.77,103.57,2120000
COV,20141226,103.43,103.79,103.02,103.21,1769300
COV,20141225,103.35,103.35,103.35,103.35,000
COV,20141224,102.80,103.71,102.43,103.35,1330100
COV,20141223,104.06,104.06,102.47,102.78,4629400
COV,20141222,102.87,104.06,102.83,104.06,3935900
COV,20141219,103.48,103.89,102.52,102.90,5780600
COV,20141218,102.19,103.28,101.80,103.22,3023700
COV,20141217,100.11,101.49,100.01,101.26,4203400
COV,20141216,99.95,101.40,99.52,99.74,3679800
COV,20141215,101.18,101.56,100.03,100.04,2962300
COV,20141212,101.30,101.88,100.49,100.49,3329700
COV,20141211,101.59,102.75,101.59,101.85,2111600
COV,20141210,103.33,103.33,101.49,101.50,2984200
COV,20141209,102.18,103.35,102.00,103.29,2222300
COV,20141208,103.59,103.90,102.88,102.94,3640300
COV,20141205,102.19,103.79,102.18,103.68,4025700
COV,20141204,103.36,103.83,102.22,102.50,4781700
COV,20141203,101.23,102.48,100.88,102.36,4290100
COV,20141202,100.90,102.04,100.82,101.61,2953700
COV,20141201,100.51,101.40,99.89,100.99,2406600
COV,20141128,100.58,101.66,100.26,101.00,1482100
COV,20141127,100.54,100.54,100.54,100.54,000
COV,20141126,99.66,100.60,99.45,100.54,2304200
COV,20141125,99.20,99.79,98.99,99.32,2084200
COV,20141124,98.81,99.39,98.37,99.36,2994400
COV,20141121,98.88,98.88,98.03,98.44,3824500
COV,20141120,97.00,97.94,96.57,97.91,3145100
COV,20141119,97.48,98.16,97.34,97.50,2952700
COV,20141118,95.00,98.32,94.66,98.09,4725500
COV,20141117,94.23,94.90,93.68,94.61,2739700
COV,20141114,93.70,94.08,93.31,93.98,3051400
COV,20141113,92.88,94.58,92.87,93.67,3096800
COV,20141112,93.33,93.33,92.59,92.88,2112900
COV,20141111,93.53,93.84,93.30,93.71,1622700
COV,20141110,92.39,93.74,92.19,93.64,3528400
COV,20141107,92.63,93.03,91.80,92.08,1480500
COV,20141106,93.50,93.50,92.30,92.60,3719000
COV,20141105,92.69,93.68,92.69,93.32,3538500
COV,20141104,90.61,92.81,90.39,92.03,2764700
COV,20141103,92.81,92.89,92.10,92.42,2183400
COV,20141031,92.44,92.59,92.03,92.44,3685200
COV,20141030,91.71,92.12,90.71,91.61,3342700
COV,20141029,90.00,91.92,90.00,91.69,2738400
COV,20141028,89.22,90.33,89.20,90.00,3439200
COV,20141027,89.51,89.88,89.17,89.32,3000100
COV,20141024,88.70,89.68,88.42,89.64,3505200
COV,20141023,88.01,89.19,87.97,88.45,2034400
COV,20141022,88.90,89.54,87.25,87.41,4433800
COV,20141021,88.00,90.22,87.73,89.25,8814200
COV,20141020,83.49,85.73,82.97,85.44,9822500
COV,20141017,86.55,86.66,81.19,82.20,18412600
COV,20141016,84.82,86.97,84.72,85.50,7990000
COV,20141015,89.40,89.97,80.69,85.86,27657100
COV,20141014,92.37,93.24,92.06,92.36,4677500
COV,20141013,92.64,93.06,91.82,91.86,4241800
COV,20141010,92.66,93.91,92.55,92.93,3906000
COV,20141009,94.07,94.50,92.67,92.69,3059300
COV,20141008,92.89,94.70,92.55,94.64,5478800
COV,20141007,93.02,93.71,92.50,92.73,4069400
COV,20141006,93.21,94.36,93.06,93.71,6346400
COV,20141003,94.11,95.29,93.52,93.89,20562100
COV,20141002,88.84,89.51,87.57,89.17,4770300
COV,20141001,86.73,89.14,86.56,88.68,7398200
COV,20140930,87.72,87.99,86.47,86.51,9773100
COV,20140929,89.08,89.08,87.71,87.81,5449700
COV,20140926,88.62,90.51,88.46,89.98,4905300
COV,20140925,89.56,89.87,88.41,88.41,7252200
COV,20140924,88.30,90.48,87.88,89.39,8462200
COV,20140923,87.63,88.83,87.26,88.11,11585700
COV,20140922,90.42,90.81,89.98,90.40,4707200
COV,20140919,92.15,92.15,90.85,90.85,3416300
COV,20140918,91.01,91.88,90.51,91.60,2650900
COV,20140917,91.49,91.63,90.39,91.15,4090700
COV,20140916,90.51,91.73,89.97,91.66,1842700
COV,20140915,90.63,90.68,90.12,90.47,1278300
COV,20140912,91.08,91.11,90.42,90.67,2052800
COV,20140911,90.75,91.26,90.37,91.25,1990000
COV,20140910,90.88,91.40,90.31,91.07,2777100
COV,20140909,89.81,91.61,89.69,90.64,3624300
COV,20140908,88.43,90.11,88.25,89.87,3031200
COV,20140905,87.46,88.72,87.11,88.44,2784000
COV,20140904,88.17,88.72,87.51,87.75,6531400
COV,20140903,87.49,88.39,87.27,88.14,2202500
COV,20140902,86.81,87.17,86.26,87.16,2633300
COV,20140901,86.83,86.83,86.83,86.83,000
COV,20140829,87.05,87.05,86.47,86.83,2547100
COV,20140828,86.90,87.50,86.60,86.70,2617200
COV,20140827,87.65,87.69,86.92,87.08,1813000
COV,20140826,87.59,87.89,87.27,87.34,2757400
COV,20140825,87.93,88.68,87.44,87.53,3182900
COV,20140822,88.87,88.93,88.20,88.26,1818200
COV,20140821,89.10,89.39,88.88,89.02,1727700
COV,20140820,88.05,88.90,87.81,88.79,2079800
COV,20140819,87.71,88.49,87.15,88.44,3748500
COV,20140818,87.31,87.87,87.15,87.72,3252000
COV,20140815,87.32,87.47,86.35,87.11,4004500
COV,20140814,86.99,87.41,86.90,87.26,2189500
COV,20140813,85.50,86.84,85.05,86.72,3172200
COV,20140812,84.77,85.14,84.44,85.01,2414200
COV,20140811,84.72,85.37,84.06,84.71,2899200
COV,20140808,82.91,84.02,81.93,84.00,7346400
COV,20140807,85.15,85.15,82.19,82.54,10352800
COV,20140806,84.00,85.06,82.38,84.77,13172800
COV,20140805,87.71,88.34,86.49,86.56,6553400
COV,20140804,86.93,88.12,86.71,88.02,2480900
COV,20140801,86.54,87.12,85.95,86.93,3288400
COV,20140731,86.76,87.16,86.32,86.51,5369600
COV,20140730,87.45,87.58,87.04,87.20,3897800
COV,20140729,87.35,87.53,86.80,87.14,4458300
COV,20140728,87.68,87.85,86.13,87.10,4478700
COV,20140725,88.54,89.19,87.72,87.79,4594700
COV,20140724,89.08,89.83,88.61,89.10,6265900
COV,20140723,88.79,89.98,88.01,89.29,4825300
COV,20140722,88.65,89.50,88.61,88.89,5454400
COV,20140721,88.32,88.68,87.86,88.53,3806300
COV,20140718,87.40,88.80,87.20,88.53,5301500
COV,20140717,88.36,88.89,86.96,87.05,10504900
COV,20140716,90.12,90.20,88.11,88.93,12033600
COV,20140715,90.91,91.37,90.50,90.50,5177100
COV,20140714,91.07,91.31,90.77,91.12,4930900
COV,20140711,91.00,91.49,90.73,91.37,5239400
COV,20140710,90.01,91.25,89.90,91.00,3646400
COV,20140709,90.81,91.29,90.59,90.91,4593300
COV,20140708,91.14,91.61,90.55,90.85,4274600
COV,20140707,90.53,91.19,90.15,90.80,7503200
COV,20140704,91.76,91.76,91.76,91.76,000
COV,20140703,91.05,91.76,90.75,91.76,2486700
COV,20140702,90.54,91.29,90.54,90.90,4591100
COV,20140701,90.08,91.14,90.00,90.86,3664100
COV,20140630,90.61,90.82,90.11,90.18,6519200
COV,20140627,91.03,91.25,90.41,90.43,7764400
COV,20140626,90.71,91.26,90.37,91.18,5376500
COV,20140625,90.75,91.21,90.48,90.86,4066800
COV,20140624,90.44,91.31,90.31,90.54,5161300
COV,20140623,89.95,91.19,89.85,90.95,4288800
COV,20140620,91.55,92.17,89.97,90.11,9968100
COV,20140619,90.73,92.63,90.66,91.24,12942100
COV,20140618,88.36,91.10,88.14,91.01,13615500
COV,20140617,88.21,88.88,87.88,88.12,26281500
COV,20140616,92.35,92.68,85.46,86.75,68100200
COV,20140613,72.14,72.37,71.87,72.02,829900
COV,20140612,72.51,72.74,71.90,72.04,1357700
COV,20140611,73.18,73.18,72.34,72.55,1140700
COV,20140610,72.83,73.11,72.65,72.98,1326900
COV,20140609,73.41,73.47,73.02,73.13,1220700
COV,20140606,73.40,73.79,73.29,73.60,993000
COV,20140605,73.50,73.60,72.98,73.38,1512100
COV,20140604,72.86,73.49,72.71,73.48,1116500
COV,20140603,72.68,73.18,72.64,73.08,956800
COV,20140602,73.03,73.12,72.25,72.77,1435600
COV,20140530,72.62,73.31,72.62,73.11,1531600
COV,20140529,72.68,72.86,72.21,72.62,2153700
COV,20140528,71.97,73.00,71.85,72.75,1686200
COV,20140527,71.58,71.94,71.28,71.83,1669800
COV,20140526,71.19,71.19,71.19,71.19,000
COV,20140523,71.17,71.33,70.92,71.19,1413300
COV,20140522,71.66,71.85,71.00,71.02,1353100
COV,20140521,70.93,71.65,70.72,71.51,1189700
COV,20140520,71.53,71.73,70.52,70.65,1249500
COV,20140519,71.25,71.73,71.24,71.60,962100
COV,20140516,70.86,71.62,70.75,71.59,2666700
COV,20140515,71.99,72.14,70.93,70.97,2064500
COV,20140514,72.27,72.46,71.93,72.16,1456800
COV,20140513,72.50,72.50,71.93,72.18,1276300
COV,20140512,72.15,72.43,71.89,72.41,1318200
COV,20140509,71.59,72.05,70.97,72.05,1727800
COV,20140508,71.35,71.83,71.24,71.43,1465000
COV,20140507,71.28,71.41,70.69,71.40,1720300
COV,20140506,71.36,71.77,70.89,71.13,1966500
COV,20140505,71.31,71.80,71.05,71.62,1697400
COV,20140502,71.52,72.21,71.33,71.69,1873000
COV,20140501,71.15,71.60,70.89,71.46,1801300
COV,20140430,70.38,71.29,70.04,71.25,2958900
COV,20140429,70.24,70.54,69.95,70.36,2104500
COV,20140428,69.80,70.33,69.02,70.04,2987900
COV,20140425,69.39,69.50,67.68,69.38,6822100
COV,20140424,70.44,71.14,68.71,70.96,2999200
COV,20140423,70.42,70.78,69.80,70.55,1896300
COV,20140422,70.82,70.87,70.29,70.59,1487900
COV,20140421,69.98,70.78,69.98,70.67,1844400
COV,20140418,69.86,69.86,69.86,69.86,000
COV,20140417,69.77,70.32,69.38,69.86,1996500
COV,20140416,70.34,70.87,69.34,69.84,2392000
COV,20140415,70.11,70.56,68.79,69.90,3481500
COV,20140414,69.55,70.50,69.31,69.92,2902900
COV,20140411,69.40,70.10,68.81,69.03,2214100
COV,20140410,71.75,71.79,70.02,70.19,2497400
COV,20140409,70.56,71.81,70.05,71.80,2712500
COV,20140408,71.20,71.26,70.16,70.19,2749700
COV,20140407,72.30,72.38,71.28,71.42,1408000
COV,20140404,73.00,73.77,72.19,72.22,1702400
COV,20140403,72.84,73.20,72.01,72.72,1896600
COV,20140402,72.54,73.05,72.41,72.88,1625400
COV,20140401,73.76,73.76,72.06,72.63,2761300
COV,20140331,72.86,73.68,72.66,73.66,2199300
COV,20140328,71.97,73.39,71.97,72.50,3017600
COV,20140327,70.82,72.00,70.55,71.90,3658600
COV,20140326,70.26,70.90,70.12,70.49,2123800
COV,20140325,69.23,69.92,69.07,69.84,1485400
COV,20140324,70.52,70.68,68.45,68.91,2351100
COV,20140321,71.01,71.14,70.06,70.44,3661700
COV,20140320,70.69,70.70,70.11,70.40,1139000
COV,20140319,71.47,71.83,70.40,70.68,1274900
COV,20140318,70.81,71.39,70.69,71.27,1101800
COV,20140317,70.47,70.91,70.47,70.70,1264900
COV,20140314,70.54,70.95,70.12,70.26,1960100
COV,20140313,71.41,71.76,70.59,70.61,1513900
COV,20140312,70.66,71.35,70.56,71.14,2122700
COV,20140311,71.59,71.71,70.89,71.07,1380600
COV,20140310,71.30,71.59,70.93,71.33,1340400
COV,20140307,71.75,71.83,71.05,71.35,1531100
COV,20140306,71.58,72.20,71.39,71.45,1691800
COV,20140305,72.35,72.35,71.32,71.40,1349400
COV,20140304,71.67,72.43,71.56,72.04,2007800
COV,20140303,71.32,71.96,70.68,70.92,1548500
COV,20140228,71.50,72.47,71.36,71.95,2649600
COV,20140227,71.55,71.71,70.47,71.34,1611700
COV,20140226,70.62,71.45,70.49,70.98,1886500
COV,20140225,70.95,71.07,70.26,70.36,2208800
COV,20140224,71.09,71.46,70.81,70.82,1931200
COV,20140221,71.31,71.81,70.93,70.96,2178300
COV,20140220,70.92,71.62,70.57,71.28,1886900
COV,20140219,71.27,71.80,70.73,70.78,1541700
COV,20140218,71.00,71.54,70.81,71.34,2142500
COV,20140217,71.00,71.00,71.00,71.00,000
COV,20140214,70.90,71.15,70.71,71.00,2182100
COV,20140213,70.00,71.04,69.93,70.97,1428700
COV,20140212,69.85,70.96,69.67,70.49,3207500
COV,20140211,68.87,70.16,68.80,69.91,2605600
COV,20140210,67.65,69.05,67.62,69.04,2507300
COV,20140207,66.79,67.81,66.79,67.75,1388400
COV,20140206,66.61,67.05,66.29,66.57,1479300
COV,20140205,66.30,66.92,66.04,66.42,1577600
COV,20140204,66.59,66.91,65.97,66.55,1797200
COV,20140203,68.32,68.40,66.26,66.35,2611100
COV,20140131,67.89,68.44,67.40,68.24,2267800
COV,20140130,68.26,68.78,67.72,68.56,2186700
COV,20140129,68.61,68.72,67.57,67.93,1921600
COV,20140128,67.83,69.35,67.74,68.85,2478300
COV,20140127,68.05,68.36,67.11,67.71,3066700
COV,20140124,69.11,70.42,68.00,68.00,5577300
COV,20140123,67.79,67.82,66.79,67.14,3834100
COV,20140122,68.48,68.57,67.84,68.09,2995100
COV,20140121,68.95,69.02,67.97,68.19,4115000
COV,20140120,68.20,68.20,68.20,68.20,000
COV,20140117,69.44,69.64,67.95,68.20,4867100
COV,20140116,69.56,69.98,69.37,69.68,1863200
COV,20140115,69.69,69.97,69.13,69.96,1426800
COV,20140114,69.07,69.72,68.90,69.69,1318500
COV,20140113,69.25,69.65,68.69,68.77,1386300
COV,20140110,69.50,69.84,68.93,69.67,1845100
COV,20140109,68.44,69.37,68.29,69.31,2123900
COV,20140108,68.06,68.43,67.87,68.25,2143200
COV,20140107,67.74,68.26,67.39,68.06,1880500
COV,20140106,68.27,68.36,67.15,67.35,1806800
COV,20140103,67.48,68.16,67.30,67.82,1009000
COV,20140102,67.87,68.10,67.25,67.42,1091300
COV,20140101,68.10,68.10,68.10,68.10,000
COV,20131231,68.12,68.32,67.71,68.10,950400
COV,20131230,67.77,68.09,67.59,67.91,826000
COV,20131227,67.65,68.09,67.43,67.82,787300
COV,20131226,67.74,67.82,67.25,67.49,838100
COV,20131225,67.53,67.53,67.53,67.53,000
COV,20131224,67.00,67.76,66.95,67.53,686800
COV,20131223,67.19,67.23,66.63,66.94,1973300
COV,20131220,67.60,67.85,66.80,66.80,4017100
COV,20131219,67.24,67.49,67.01,67.42,1549500
COV,20131218,65.85,67.47,65.68,67.36,3065500
COV,20131217,66.26,66.31,65.49,65.59,2143100
COV,20131216,66.20,66.65,66.14,66.33,1735900
COV,20131213,66.18,66.82,65.71,65.81,1868300
COV,20131212,66.07,66.28,65.66,65.70,2221800
COV,20131211,67.64,67.89,66.13,66.25,2242200
COV,20131210,68.03,68.14,67.61,67.80,1749500
COV,20131209,67.90,68.78,67.88,68.13,2251700
COV,20131206,67.87,68.37,67.65,68.07,1470200
COV,20131205,67.46,67.65,66.88,67.49,1903200
COV,20131204,66.82,67.44,66.30,66.91,1856900
COV,20131203,67.17,67.47,66.83,67.24,2341300
COV,20131202,67.64,68.07,67.46,67.49,2750700
COV,20131129,68.62,68.78,68.19,68.26,1149900
COV,20131128,68.42,68.42,68.42,68.42,000
COV,20131127,68.22,68.88,68.22,68.42,1831000
COV,20131126,67.34,68.64,67.20,68.22,3630300
COV,20131125,67.16,67.60,66.96,67.05,1408700
COV,20131122,66.13,66.93,65.92,66.87,1234500
COV,20131121,66.64,66.76,66.34,66.68,1237500
COV,20131120,67.00,67.00,66.10,66.37,1593500
COV,20131119,66.59,66.98,66.40,66.60,1553900
COV,20131118,67.25,67.36,66.28,66.52,1684100
COV,20131115,66.06,67.28,65.89,67.25,2987700
COV,20131114,65.25,66.27,65.15,66.08,2451200
COV,20131113,64.35,65.14,64.11,65.14,1854300
COV,20131112,63.93,64.61,63.65,64.48,1849900
COV,20131111,63.99,64.32,63.72,64.00,2259400
COV,20131108,62.00,64.09,60.71,63.84,4682800
COV,20131107,65.30,65.38,64.71,64.94,3089300
COV,20131106,65.04,65.25,64.31,65.22,2361100
COV,20131105,64.50,64.52,63.84,64.33,1255300
COV,20131104,64.31,64.81,64.15,64.65,1510300
COV,20131101,64.23,64.51,63.53,64.09,1483600
COV,20131031,64.09,64.72,63.82,64.11,1794500
COV,20131030,64.70,64.77,63.84,64.08,1251300
COV,20131029,64.49,64.81,64.29,64.51,1312000
COV,20131028,64.15,64.44,63.99,64.21,1966200
COV,20131025,64.09,64.62,63.74,64.10,1969700
COV,20131024,64.69,64.81,64.09,64.27,1561400
COV,20131023,64.13,65.04,63.92,64.76,2411100
COV,20131022,63.59,64.32,63.50,64.17,2055400
COV,20131021,63.44,63.65,63.24,63.49,1542300
COV,20131018,63.56,63.66,62.98,63.27,2212800
COV,20131017,62.18,63.79,62.10,63.60,2515200
COV,20131016,61.47,62.41,61.41,62.40,1350500
COV,20131015,61.72,61.96,61.12,61.12,1456800
COV,20131014,60.91,61.88,60.82,61.76,1251100
COV,20131011,60.33,61.34,60.21,61.34,1859800
COV,20131010,60.54,61.02,60.06,60.37,3009600
COV,20131009,59.95,60.34,59.77,60.08,2647200
COV,20131008,60.38,60.55,59.80,59.82,2475300
COV,20131007,59.97,60.81,59.72,60.55,2365200
COV,20131004,60.67,60.77,60.23,60.30,1938900
COV,20131003,60.52,61.08,60.24,60.53,1864100
COV,20131002,60.78,60.92,60.34,60.77,2693200
COV,20131001,61.12,61.29,60.84,61.09,1115200
COV,20130930,60.66,61.04,60.36,60.94,1945500
COV,20130927,60.76,61.14,60.56,60.96,1119200
COV,20130926,61.16,61.45,60.67,60.97,1822800
COV,20130925,61.87,61.89,61.11,61.12,1828800
COV,20130924,62.55,62.60,61.89,61.94,2190800
COV,20130923,62.75,62.90,62.50,62.61,1810200
COV,20130920,63.38,63.54,62.69,63.05,5517600
COV,20130919,63.00,63.26,62.75,63.19,2469000
COV,20130918,61.69,63.04,61.34,62.86,3389000
COV,20130917,61.37,61.81,61.06,61.72,1924400
COV,20130916,60.99,61.48,60.72,61.31,2482400
COV,20130913,60.99,61.20,60.36,60.45,3310800
COV,20130912,61.84,62.01,61.32,61.40,2573700
COV,20130911,62.18,62.68,61.70,61.92,2941700
COV,20130910,61.38,61.73,60.99,61.53,2344100
COV,20130909,60.75,61.31,60.64,61.14,2181200
COV,20130906,60.98,61.15,60.15,60.75,2079700
COV,20130905,60.71,61.05,60.60,60.69,1882200
COV,20130904,59.76,61.42,59.42,60.75,3681800
COV,20130903,60.00,60.39,59.18,59.59,2610700
COV,20130902,59.40,59.40,59.40,59.40,000
COV,20130830,60.17,60.33,59.17,59.40,2087800
COV,20130829,59.49,60.49,59.32,60.17,1905700
COV,20130828,59.70,60.01,59.64,59.68,1432500
COV,20130827,60.32,60.32,59.74,59.75,2296800
COV,20130826,60.93,61.41,60.84,60.93,1620700
COV,20130823,60.87,60.99,60.45,60.88,1518900
COV,20130822,60.50,60.90,60.39,60.74,1495100
COV,20130821,60.86,61.00,60.23,60.37,1466600
COV,20130820,60.90,61.20,60.76,60.96,1704200
COV,20130819,60.23,61.12,60.10,60.90,2417000
COV,20130816,61.58,61.75,60.25,60.25,4549300
COV,20130815,62.72,63.00,61.82,61.85,2729800
COV,20130814,63.53,63.85,63.23,63.29,2076000
COV,20130813,63.77,63.97,63.42,63.71,2254400
COV,20130812,63.59,64.10,63.35,63.79,1526700
COV,20130809,63.70,64.04,63.41,63.70,1495800
COV,20130808,63.50,63.99,63.40,63.80,2206400
COV,20130807,63.38,63.58,63.04,63.34,1534500
COV,20130806,63.44,63.81,63.36,63.60,2343200
COV,20130805,63.01,63.71,62.84,63.57,1958100
COV,20130802,62.86,63.30,62.50,63.27,2177400
COV,20130801,62.41,63.47,61.72,62.93,3178500
COV,20130731,60.85,62.21,60.82,61.63,3031600
COV,20130730,61.02,61.44,60.89,61.02,1707300
COV,20130729,60.70,60.94,60.34,60.76,1417900
COV,20130726,60.49,60.99,60.04,60.96,997000
COV,20130725,60.65,61.07,60.54,61.02,1552100
COV,20130724,61.32,61.57,60.50,60.65,1616900
COV,20130723,61.46,61.58,60.94,61.28,1727100
COV,20130722,61.80,61.91,61.10,61.21,2091400
COV,20130719,61.08,61.93,60.62,61.93,4599200
COV,20130718,60.68,60.96,60.48,60.75,1663400
COV,20130717,60.18,60.75,60.17,60.46,2565800
COV,20130716,59.81,60.47,59.80,60.07,2793300
COV,20130715,60.01,60.01,59.50,59.84,1633000
COV,20130712,59.42,59.57,58.99,59.52,1827200
COV,20130711,58.80,59.38,58.71,59.35,1565500
COV,20130710,57.97,58.20,57.53,58.05,2310800
COV,20130709,58.52,58.52,57.67,57.97,3437700
COV,20130708,58.37,58.93,58.18,58.28,2631200
COV,20130705,58.20,58.42,57.59,58.27,1709800
COV,20130704,57.76,57.76,57.76,57.76,000
COV,20130703,57.10,57.83,56.79,57.76,1941300
COV,20130702,57.45,58.20,56.94,57.12,3160600
COV,20130701,57.16,58.09,57.16,57.41,3363500
COV,20130628,57.33,57.53,56.83,57.22,4208700
COV,20130627,57.10,57.54,56.91,57.44,2678500
COV,20130626,56.23,57.12,56.09,56.81,4626300
COV,20130625,56.27,56.63,54.91,55.66,4426600
COV,20130624,55.75,56.39,54.48,55.91,3623200
COV,20130621,56.34,56.79,55.87,56.31,4907100
COV,20130620,57.43,57.44,55.69,55.84,5073000
COV,20130619,59.98,60.00,57.85,57.88,3399000
COV,20130618,60.31,60.36,59.76,60.04,2164900
COV,20130617,60.60,60.83,59.81,60.34,3166700
COV,20130614,59.03,60.06,58.95,60.02,2984600
COV,20130613,57.83,59.24,57.42,59.17,1829600
COV,20130612,58.48,58.53,57.83,57.83,1849600
COV,20130611,58.56,59.14,58.15,58.16,2463700
COV,20130610,59.02,59.48,58.90,59.03,3562700
COV,20130607,59.23,59.59,58.85,58.96,3332000
COV,20130606,58.03,58.94,57.77,58.94,2714700
COV,20130605,57.89,58.37,57.66,57.95,2676900
COV,20130604,58.02,58.40,57.73,58.10,2494300
COV,20130603,57.95,58.21,57.58,58.10,3100900
COV,20130531,58.65,58.98,57.89,57.91,4198400
COV,20130530,59.46,59.96,58.99,59.02,4062900
COV,20130529,59.80,59.92,59.20,59.34,2157600
COV,20130528,59.81,60.73,59.64,60.14,2070400
COV,20130527,59.34,59.34,59.34,59.34,000
COV,20130524,59.17,59.75,58.79,59.34,1977400
COV,20130523,59.07,59.59,58.81,59.37,2556400
COV,20130522,59.96,61.24,59.28,59.41,2994800
COV,20130521,59.93,60.17,59.69,59.91,3271200
COV,20130520,59.78,60.05,59.57,59.67,1655900
COV,20130517,59.79,60.14,59.62,59.88,2913100
COV,20130516,60.06,60.37,59.78,59.79,2524900
COV,20130515,60.42,60.85,59.99,60.47,2795800
COV,20130514,60.30,60.89,60.30,60.59,1682600
COV,20130513,59.95,60.63,59.93,60.27,1689900
COV,20130510,59.88,60.47,59.88,60.26,2076700
COV,20130509,60.08,60.36,59.75,59.86,1868400
COV,20130508,59.46,59.98,59.44,59.98,3169900
COV,20130507,59.35,59.54,58.93,59.40,3696500
COV,20130506,58.64,59.81,58.59,59.31,4984100
COV,20130503,59.04,59.62,58.46,58.59,3273400
COV,20130502,58.16,58.60,57.88,58.48,3038600
COV,20130501,58.04,58.64,57.83,57.88,5033100
COV,20130430,57.22,58.65,57.22,58.13,5877400
COV,20130429,56.91,57.65,56.59,57.45,9585000
COV,20130426,59.39,59.50,56.00,56.41,15374000
COV,20130425,60.47,60.80,60.37,60.43,2873100
COV,20130424,60.80,60.94,60.33,60.37,2181300
COV,20130423,60.41,60.93,60.17,60.68,1951100
COV,20130422,60.63,60.91,60.19,60.23,2337800
COV,20130419,60.25,60.79,60.17,60.59,2483700
COV,20130418,60.21,60.47,59.96,60.09,2351200
COV,20130417,60.37,60.66,59.94,60.17,3818600
COV,20130416,60.21,60.84,60.09,60.67,3862100
COV,20130415,61.61,62.55,60.09,60.22,4384700
COV,20130412,62.30,62.60,61.68,61.77,1799400
COV,20130411,61.98,62.67,61.93,62.41,1799100
COV,20130410,61.42,62.06,61.39,61.86,1721900
COV,20130409,61.43,61.59,61.10,61.32,1783900
COV,20130408,61.29,61.42,60.86,61.14,1788900
COV,20130405,61.10,61.32,60.78,61.26,1594600
COV,20130404,61.77,62.27,61.51,61.73,2114900
COV,20130403,62.07,62.11,61.48,61.72,2074900
COV,20130402,61.59,62.11,61.52,61.92,2140500
COV,20130401,61.62,61.85,61.35,61.63,1546500
COV,20130329,61.77,61.77,61.77,61.77,000
COV,20130328,61.45,61.90,61.23,61.77,2279800
COV,20130327,61.46,61.65,61.05,61.44,1870200
COV,20130326,60.98,61.49,60.78,61.49,2991800
COV,20130325,60.85,61.21,60.28,60.74,2411200
COV,20130322,60.39,60.83,60.32,60.67,2335400
COV,20130321,59.51,60.62,59.46,60.35,3261600
COV,20130320,59.19,59.80,59.19,59.64,1606800
COV,20130319,59.17,59.35,58.49,58.96,1162200
COV,20130318,58.99,59.17,58.75,59.04,1776300
COV,20130315,59.67,59.90,59.33,59.56,2451600
COV,20130314,60.20,60.27,59.64,59.79,1900500
COV,20130313,59.77,60.13,59.46,60.11,1535000
COV,20130312,59.55,59.73,59.39,59.73,1650000
COV,20130311,59.26,59.83,59.03,59.66,1755600
COV,20130308,59.18,59.46,59.09,59.34,1475300
COV,20130307,59.17,59.51,58.80,59.07,1595300
COV,20130306,59.18,59.71,59.05,59.05,3767100
COV,20130305,58.44,58.92,58.23,58.92,1711900
COV,20130304,57.73,58.31,57.37,58.23,1851300
COV,20130301,57.47,58.14,57.22,57.89,2766700
COV,20130228,57.62,58.19,57.53,57.88,1979300
COV,20130227,56.13,57.81,56.05,57.66,2378100
COV,20130226,56.56,56.66,55.81,56.27,2045600
COV,20130225,57.42,57.87,56.18,56.18,2648200
COV,20130222,56.71,57.17,56.47,57.17,2083600
COV,20130221,57.34,57.34,56.29,56.65,1817400
COV,20130220,57.83,57.91,57.36,57.38,1729300
COV,20130219,57.84,57.93,57.37,57.87,1838800
COV,20130218,57.93,57.93,57.93,57.93,000
COV,20130215,57.49,57.93,57.21,57.93,2057000
COV,20130214,57.45,57.82,57.35,57.35,3060800
COV,20130213,57.78,57.93,57.45,57.62,1481500
COV,20130212,57.71,57.96,57.50,57.73,1548900
COV,20130211,57.64,57.90,57.31,57.66,1359700
COV,20130208,57.10,57.67,57.10,57.62,1943800
COV,20130207,56.65,57.18,56.56,57.09,2969900
COV,20130206,56.54,56.86,56.47,56.81,4386600
COV,20130205,56.67,56.76,56.39,56.69,3372900
COV,20130204,56.68,57.01,56.25,56.30,2805600
COV,20130201,57.26,57.27,56.84,57.04,3067500
COV,20130131,57.03,57.13,56.73,56.76,2166900
COV,20130130,57.44,58.15,56.80,57.20,3533600
COV,20130129,57.10,57.90,56.68,57.69,3265900
COV,20130128,56.80,57.04,56.70,57.01,3391200
COV,20130125,57.70,58.17,56.11,56.71,5688700
COV,20130124,55.59,56.17,55.54,56.15,2737300
COV,20130123,55.89,55.98,55.01,55.48,2033200
COV,20130122,55.43,55.97,54.99,55.95,3168400
COV,20130121,55.54,55.54,55.54,55.54,000
COV,20130118,55.03,55.59,54.92,55.54,3433000
COV,20130117,54.88,55.37,54.66,54.88,2565500
COV,20130116,54.38,54.78,54.17,54.67,2883800
COV,20130115,54.37,54.68,54.06,54.56,2013300
COV,20130114,54.67,54.72,54.27,54.48,1917100
COV,20130111,54.93,54.93,54.48,54.78,1844800
COV,20130110,54.63,54.88,54.46,54.78,2462700
COV,20130109,54.35,54.52,54.12,54.52,1259000
COV,20130108,53.90,54.35,53.80,54.19,2709200
COV,20130107,53.21,53.95,53.21,53.95,1656200
COV,20130104,53.24,53.64,53.04,53.46,1923200
COV,20130103,53.10,53.41,52.91,53.08,1663900
COV,20130102,52.92,53.17,52.63,53.17,2868900
COV,20130101,52.57,52.57,52.57,52.57,000
COV,20121231,51.12,52.62,51.00,52.57,2524600
COV,20121228,51.70,52.05,51.26,51.27,1491200
COV,20121227,51.63,52.35,51.58,52.22,1672800
COV,20121226,52.06,52.07,51.47,51.71,1358000
COV,20121225,52.06,52.06,52.06,52.06,000
COV,20121224,52.16,52.25,51.89,52.06,676000
COV,20121221,52.23,52.45,51.78,52.26,3819200
COV,20121220,52.50,52.84,52.16,52.79,1760900
COV,20121219,52.94,52.95,52.35,52.37,2914000
COV,20121218,52.58,53.02,52.44,52.91,2000000
COV,20121217,52.27,52.62,52.07,52.62,2381100
COV,20121214,52.35,52.74,52.05,52.13,2196500
COV,20121213,53.01,53.31,52.47,52.59,1701300
COV,20121212,53.13,53.68,53.01,53.19,2343600
COV,20121211,52.92,53.30,52.71,52.93,2241300
COV,20121210,52.72,53.01,52.54,52.65,2485500
COV,20121207,52.91,52.95,52.48,52.94,2096700
COV,20121206,52.44,52.82,52.29,52.82,2423700
COV,20121205,52.54,52.79,52.13,52.46,2439400
COV,20121204,52.52,52.99,52.47,52.74,1801500
COV,20121203,52.90,53.15,52.34,52.42,2463200
COV,20121130,52.52,53.09,52.45,52.91,2248700
COV,20121129,52.64,53.24,52.47,53.00,1942600
COV,20121128,52.12,52.52,51.80,52.44,2395600
COV,20121127,51.83,52.77,51.83,52.25,3610800
COV,20121126,52.12,52.33,51.89,52.33,2511400
COV,20121123,51.66,52.31,51.52,52.28,973000
COV,20121122,51.37,51.37,51.37,51.37,000
COV,20121121,51.70,51.70,51.23,51.37,1715800
COV,20121120,51.76,51.78,51.25,51.75,2184500
COV,20121119,51.67,51.83,51.14,51.67,3109500
COV,20121116,50.60,51.37,50.53,51.14,3240300
COV,20121115,50.97,51.13,50.50,50.67,2168200
COV,20121114,51.26,51.57,50.80,50.88,2848800
COV,20121113,50.45,51.59,50.40,51.01,3161500
COV,20121112,50.81,50.99,50.33,50.61,2805400
COV,20121109,49.43,51.75,49.24,50.61,5236900
COV,20121108,49.41,49.62,48.58,48.58,4988700
COV,20121107,50.46,50.60,49.25,49.57,3419000
COV,20121106,50.65,50.98,50.27,50.79,4416500
COV,20121105,50.39,50.77,50.26,50.67,2093500
COV,20121102,50.81,51.10,50.49,50.49,4362300
COV,20121101,50.03,50.81,49.72,50.53,2355000
COV,20121031,50.08,50.46,49.71,50.03,2520200
COV,20121030,49.88,49.88,49.88,49.88,000
COV,20121029,49.88,49.88,49.88,49.88,000
COV,20121026,49.96,50.34,49.66,49.88,2823900
COV,20121025,50.56,50.87,49.80,49.94,3533900
COV,20121024,50.71,50.84,50.14,50.20,2451900
COV,20121023,50.79,50.92,50.56,50.60,2479400
COV,20121022,51.50,51.50,50.94,51.28,1851700
COV,20121019,52.22,52.24,51.15,51.35,2478200
COV,20121018,52.74,52.78,52.06,52.37,2017600
COV,20121017,53.35,53.37,52.49,52.97,1249900
COV,20121016,52.84,53.42,52.74,53.29,1557600
COV,20121015,52.80,52.80,52.03,52.51,2077900
COV,20121012,52.64,53.19,52.44,52.57,1530700
COV,20121011,52.70,53.13,52.47,52.48,2344200
COV,20121010,52.78,52.83,52.20,52.41,1951900
COV,20121009,53.81,54.00,52.66,52.68,2654500
COV,20121008,54.88,55.02,54.31,54.44,1408700
COV,20121005,54.92,55.37,54.82,55.03,2270300
COV,20121004,54.58,55.12,54.37,54.78,2866100
COV,20121003,54.34,54.61,53.77,54.49,2235800
COV,20121002,54.10,54.47,53.86,54.09,1673500
COV,20121001,54.21,54.48,53.78,53.97,2056600
COV,20120928,54.17,54.36,53.93,54.10,1935000
COV,20120927,54.48,54.58,54.20,54.41,1875500
COV,20120926,54.14,54.62,53.98,54.34,2554100
COV,20120925,55.14,55.15,54.18,54.20,2312200
COV,20120924,54.21,55.08,53.75,54.93,2882800
COV,20120921,54.47,54.48,54.10,54.42,2814100
COV,20120920,54.07,54.29,53.76,54.29,2316600
COV,20120919,54.12,54.43,53.87,54.24,1559300
COV,20120918,53.65,54.21,53.65,54.14,2437300
COV,20120917,53.54,54.06,53.48,53.96,2427300
COV,20120914,52.83,53.84,52.65,53.74,3691100
COV,20120913,51.88,52.74,51.68,52.61,3152400
COV,20120912,52.03,52.25,51.64,51.76,2190400
COV,20120911,51.78,52.18,51.69,51.89,2027200
COV,20120910,52.23,52.34,51.71,51.71,1866800
COV,20120907,51.79,52.06,51.62,52.03,1879100
COV,20120906,51.51,52.05,51.41,51.65,2261800
COV,20120905,51.22,51.44,50.94,51.10,1756400
COV,20120904,50.99,51.56,50.76,51.22,1652100
COV,20120903,51.03,51.03,51.03,51.03,000
COV,20120831,51.11,51.49,50.80,51.03,1825600
COV,20120830,50.58,51.20,50.44,50.84,2019300
COV,20120829,50.62,51.07,50.58,50.92,1915100
COV,20120828,50.40,50.94,50.31,50.53,2180900
COV,20120827,50.62,51.02,50.53,50.58,2257700
COV,20120824,50.02,50.77,49.95,50.64,2350900
COV,20120823,49.86,50.45,49.86,50.14,2639800
COV,20120822,50.06,50.53,49.52,50.11,5633600
COV,20120821,51.89,52.06,51.33,51.42,1965400
COV,20120820,52.02,52.22,51.64,51.78,2216000
COV,20120817,52.48,52.54,51.99,52.14,2458200
COV,20120816,52.14,52.68,51.83,52.44,3341300
COV,20120815,52.03,52.40,52.03,52.13,1921600
COV,20120814,52.34,52.54,52.14,52.26,1954300
COV,20120813,51.72,52.30,51.66,52.10,1584300
COV,20120810,51.46,52.11,51.25,52.05,2428600
COV,20120809,51.66,52.04,51.43,51.47,2533800
COV,20120808,51.90,52.00,51.65,51.78,3368700
COV,20120807,51.64,52.35,51.63,52.06,2614900
COV,20120806,51.55,52.04,51.48,51.52,2810800
COV,20120803,51.09,51.65,50.83,51.37,3107300
COV,20120802,50.43,50.53,49.78,50.19,2387900
COV,20120801,51.15,51.51,50.71,51.00,2183900
COV,20120731,50.97,51.52,50.80,50.88,4309900
COV,20120730,50.43,51.42,50.33,50.96,3944900
COV,20120727,48.93,50.76,48.58,50.56,5991300
COV,20120726,47.35,50.05,47.35,48.49,6760600
COV,20120725,46.39,46.77,45.89,46.57,2878400
COV,20120724,46.69,46.81,45.93,46.08,3632300
COV,20120723,47.90,47.90,46.74,46.76,3188200
COV,20120720,48.77,48.93,48.46,48.53,3497400
COV,20120719,48.43,48.92,48.11,48.84,2616000
COV,20120718,47.90,48.91,47.65,48.45,3600400
COV,20120717,47.75,48.34,47.44,48.16,4632100
COV,20120716,48.06,48.12,47.57,47.66,3345300
COV,20120713,47.86,48.42,47.81,48.12,2335700
COV,20120712,47.95,48.15,47.56,47.87,2583500
COV,20120711,48.19,48.56,48.08,48.35,2706600
COV,20120710,48.98,49.36,48.21,48.31,4420300
COV,20120709,48.34,48.87,48.33,48.83,1741900
COV,20120706,48.62,48.79,48.29,48.46,1865000
COV,20120705,48.84,49.41,48.84,49.10,1589800
COV,20120704,49.38,49.38,49.38,49.38,000
COV,20120703,49.18,49.73,48.94,49.38,1195300
COV,20120702,48.61,49.32,48.47,49.28,3784500
COV,20120629,48.43,48.71,48.43,48.71,3201900
COV,20120628,47.80,47.89,47.12,47.79,2660100
COV,20120627,47.88,48.39,47.83,47.93,1773000
COV,20120626,47.77,47.93,47.36,47.66,1905100
COV,20120625,47.43,47.81,46.94,47.57,2123000
COV,20120622,47.98,48.14,47.69,47.93,5549500
COV,20120621,48.70,48.99,47.67,47.75,3136000
COV,20120620,48.95,49.07,48.15,48.73,2000400
COV,20120619,48.28,49.27,48.16,48.84,4328800
COV,20120618,48.09,48.26,47.95,48.26,2658600
COV,20120615,48.07,48.26,47.77,48.19,3832900
COV,20120614,47.54,48.01,47.35,47.82,2131400
COV,20120613,47.61,47.96,47.29,47.41,2112900
COV,20120612,47.40,47.69,47.04,47.50,2170700
COV,20120611,47.91,48.00,47.15,47.22,1852700
COV,20120608,46.79,47.65,46.76,47.59,2273500
COV,20120607,47.55,47.72,46.94,46.99,4057200
COV,20120606,46.82,47.25,46.77,47.15,3245400
COV,20120605,46.04,46.76,46.04,46.62,3177500
COV,20120604,46.10,46.48,45.75,46.25,4405300
COV,20120601,46.46,46.76,46.12,46.13,5388500
COV,20120531,47.24,47.58,46.44,47.15,6939500
COV,20120530,48.02,48.03,47.22,47.25,6755900
COV,20120529,48.87,48.92,48.15,48.36,3453700
COV,20120528,48.55,48.55,48.55,48.55,000
COV,20120525,48.75,48.99,48.38,48.55,2040700
COV,20120524,48.46,49.00,48.30,48.67,1809000
COV,20120523,48.26,48.90,47.61,48.27,2952000
COV,20120522,48.79,49.21,48.27,48.49,2288200
COV,20120521,48.42,48.81,48.16,48.61,2673700
COV,20120518,49.07,49.14,47.74,48.17,5314000
COV,20120517,49.65,49.78,48.51,48.87,3897700
COV,20120516,49.99,50.10,49.35,49.55,4101400
COV,20120515,50.03,50.19,49.53,49.85,5023200
COV,20120514,49.82,50.55,49.55,50.21,3701400
COV,20120511,49.62,50.60,49.56,50.28,4600300
COV,20120510,49.68,50.02,49.49,49.84,3074600
COV,20120509,49.48,49.73,48.86,49.38,3799900
COV,20120508,49.02,50.20,48.80,50.10,3977000
COV,20120507,49.31,49.50,49.02,49.39,2345500
COV,20120504,50.15,50.32,49.26,49.31,3180900
COV,20120503,50.43,50.73,50.25,50.49,2282800
COV,20120502,50.60,50.64,50.26,50.53,2044800
COV,20120501,50.19,51.02,49.83,50.77,2724800
COV,20120430,50.30,50.60,50.05,50.29,2636800
COV,20120427,50.70,51.17,49.45,50.39,4236900
COV,20120426,49.92,50.17,49.16,50.11,3802800
COV,20120425,49.79,49.94,49.48,49.84,3137800
COV,20120424,49.18,49.54,48.82,49.34,2561400
COV,20120423,49.17,49.21,48.64,49.10,2251900
COV,20120420,49.45,49.67,49.20,49.67,3936500
COV,20120419,49.26,49.48,48.85,49.35,3435500
COV,20120418,49.04,49.49,48.93,49.16,2411000
COV,20120417,48.97,49.56,48.82,49.28,2999800
COV,20120416,48.61,49.07,48.42,48.71,3046500
COV,20120413,49.00,49.84,48.47,48.47,2899400
COV,20120412,47.85,49.28,47.80,49.08,2858400
COV,20120411,48.09,48.30,47.74,47.80,2364400
COV,20120410,48.09,48.38,47.52,47.60,2448300
COV,20120409,48.47,48.49,48.15,48.19,1726300
COV,20120406,49.07,49.07,49.07,49.07,000
COV,20120405,48.67,49.13,48.64,49.07,2301100
COV,20120404,48.75,49.12,48.44,49.00,2374600
COV,20120403,49.63,49.97,48.78,49.26,2868900
COV,20120402,49.60,50.00,49.31,49.83,2624800
COV,20120330,49.39,49.82,49.31,49.79,3406800
COV,20120329,48.75,49.13,48.39,49.10,2395400
COV,20120328,49.43,49.73,48.83,48.99,2600400
COV,20120327,49.80,50.08,49.53,49.53,1977400
COV,20120326,49.39,50.08,49.31,49.69,2763600
COV,20120323,48.83,49.39,48.82,49.28,2795000
COV,20120322,48.67,48.99,48.67,48.81,2258100
COV,20120321,49.06,49.17,48.67,48.99,2232200
COV,20120320,48.54,49.19,48.51,49.05,2160800
COV,20120319,48.88,49.18,48.72,48.92,2221300
COV,20120316,49.99,50.08,49.06,49.09,4336700
COV,20120315,49.11,50.07,49.00,49.82,3907900
COV,20120314,49.12,49.47,48.84,49.14,3632200
COV,20120313,48.18,49.16,47.96,49.07,3622200
COV,20120312,47.80,47.87,47.38,47.55,1529500
COV,20120309,46.72,47.78,46.72,47.70,2610600
COV,20120308,47.70,47.72,46.60,46.64,4014600
COV,20120307,46.52,47.00,46.44,46.88,2263600
COV,20120306,47.06,47.09,46.21,46.28,3714600
COV,20120305,47.43,47.78,47.36,47.48,2207900
COV,20120302,47.53,47.65,47.20,47.31,2299600
COV,20120301,47.59,47.79,47.30,47.61,4233000
COV,20120229,48.06,48.20,47.52,47.57,4152100
COV,20120228,47.98,48.67,47.94,48.11,3190000
COV,20120227,47.67,48.23,47.60,47.94,2413300
COV,20120224,47.06,48.24,47.05,48.15,3708900
COV,20120223,47.72,47.74,47.06,47.07,2592700
COV,20120222,47.34,47.86,47.33,47.76,2395200
COV,20120221,47.79,47.98,47.35,47.51,1460800
COV,20120220,47.62,47.62,47.62,47.62,000
COV,20120217,48.16,48.31,47.48,47.62,2532400
COV,20120216,47.40,47.98,47.31,47.89,2004200
COV,20120215,47.63,47.86,47.23,47.33,1806600
COV,20120214,47.08,47.65,46.93,47.63,1658600
COV,20120213,47.35,47.55,47.11,47.24,2130800
COV,20120210,47.09,47.19,46.64,47.07,3060200
COV,20120209,47.91,47.93,47.25,47.44,1885200
COV,20120208,48.06,48.06,47.52,47.77,2362800
COV,20120207,47.69,48.14,47.46,47.93,2105600
COV,20120206,47.80,48.10,47.52,47.91,1763800
COV,20120203,48.07,48.20,47.84,48.02,2500500
COV,20120202,47.57,47.77,47.21,47.46,2385700
COV,20120201,47.15,47.88,47.15,47.55,4184100
COV,20120131,47.25,47.35,46.76,46.89,4535100
COV,20120130,46.62,47.01,46.28,46.92,4291000
COV,20120127,46.44,47.65,46.26,47.06,5707700
COV,20120126,45.52,47.89,45.36,46.70,7855900
COV,20120125,44.69,45.47,43.90,45.27,6162900
COV,20120124,43.55,44.70,43.55,44.51,4488600
COV,20120123,43.59,44.13,43.59,43.91,3014200
COV,20120120,43.54,44.10,43.39,43.74,3564300
COV,20120119,42.15,44.07,42.12,43.75,4463300
COV,20120118,41.21,42.20,41.02,42.11,4928200
COV,20120117,41.98,42.17,41.23,41.35,3726300
COV,20120116,41.43,41.43,41.43,41.43,000
COV,20120113,41.44,41.59,40.99,41.43,3633500
COV,20120112,41.57,41.92,41.26,41.70,4208300
COV,20120111,41.73,42.08,41.46,42.04,3439800
COV,20120110,42.16,42.34,41.83,41.99,4371300
COV,20120109,41.80,41.92,40.86,41.87,4820100
COV,20120106,40.99,41.97,40.53,41.88,6187300
COV,20120105,40.77,41.21,40.60,41.08,4269300
COV,20120104,41.43,41.62,40.74,40.97,3890100
COV,20120103,41.84,42.24,41.57,41.66,4209800
COV,20120102,40.98,40.98,40.98,40.98,000
COV,20111230,41.04,41.31,40.88,40.98,2004200
COV,20111229,40.83,41.08,40.71,41.02,2644200
COV,20111228,41.74,41.74,40.75,40.84,2774800
COV,20111227,41.33,41.86,41.18,41.74,1991600
COV,20111226,41.43,41.43,41.43,41.43,000
COV,20111223,40.97,41.43,40.82,41.43,1776400
COV,20111222,40.23,40.93,40.15,40.81,2463500
COV,20111221,40.25,40.77,39.85,40.20,2943700
COV,20111220,39.71,40.51,39.71,40.40,3516400
COV,20111219,39.60,39.73,38.88,38.99,2448300
COV,20111216,40.00,40.00,39.19,39.46,6068100
COV,20111215,39.61,40.40,39.46,39.65,6712600
COV,20111214,38.29,38.58,37.96,38.39,4945300
COV,20111213,39.59,39.80,38.29,38.57,5882000
COV,20111212,39.93,40.08,39.46,39.52,3398800
COV,20111209,39.64,40.62,39.59,40.39,2563600
COV,20111208,40.47,40.50,39.42,39.50,3136500
COV,20111207,40.47,40.92,39.97,40.72,4210200
COV,20111206,41.40,41.43,40.65,40.69,4874700
COV,20111205,41.65,42.22,41.14,41.35,2993100
COV,20111202,42.84,42.88,41.02,41.27,3765300
COV,20111201,41.31,42.47,41.31,42.29,3075900
COV,20111130,41.24,41.55,41.02,41.47,4152000
COV,20111129,40.69,40.69,39.87,39.87,2733000
COV,20111128,40.03,40.92,39.98,40.49,3625100
COV,20111125,39.41,39.72,39.03,39.03,1363900
COV,20111124,39.49,39.49,39.49,39.49,000
COV,20111123,39.90,40.03,39.21,39.49,4691800
COV,20111122,40.45,41.02,40.13,40.38,3438100
COV,20111121,40.98,41.15,40.21,40.53,3674200
COV,20111118,42.52,42.52,41.50,41.53,4931700
COV,20111117,42.95,43.08,41.73,42.19,4424800
COV,20111116,43.34,43.76,42.79,43.16,5366400
COV,20111115,44.15,44.50,43.08,43.84,4961500
COV,20111114,43.05,43.73,42.75,43.08,3591500
COV,20111111,43.11,43.77,42.85,43.33,3475600
COV,20111110,41.44,42.70,41.44,42.40,4524500
COV,20111109,41.85,41.88,40.82,41.01,3853700
COV,20111108,42.62,43.18,41.98,43.08,2245000
COV,20111107,41.61,42.49,41.39,42.36,3530800
COV,20111104,41.41,41.84,40.82,41.53,3071800
COV,20111103,42.16,42.16,41.12,41.63,4159400
COV,20111102,41.25,41.75,41.21,41.38,5042200
COV,20111101,41.41,41.62,40.75,41.11,5023300
COV,20111031,43.49,43.49,42.58,42.83,3947500
COV,20111028,43.27,44.11,42.83,43.93,4439800
COV,20111027,42.08,43.37,41.99,42.48,5344400
COV,20111026,41.82,41.82,40.38,40.76,6008800
COV,20111025,42.45,42.51,41.20,41.29,3179100
COV,20111024,41.29,42.84,41.22,42.75,3543500
COV,20111021,40.53,41.39,40.38,41.27,3550800
COV,20111020,41.09,41.28,39.48,39.96,5633100
COV,20111019,40.64,41.68,40.58,41.12,3369400
COV,20111018,40.52,40.99,39.61,40.55,5213200
COV,20111017,41.38,41.70,40.64,40.76,2974000
COV,20111014,41.73,42.01,41.25,41.89,3577200
COV,20111013,41.43,41.57,40.84,41.27,3167400
COV,20111012,41.12,42.42,40.82,41.72,5275000
COV,20111011,40.71,41.45,40.71,40.82,3550800
COV,20111010,40.56,41.73,40.41,41.30,3962500
COV,20111007,40.35,40.42,39.37,39.63,4727700
COV,20111006,39.66,40.18,39.20,40.17,4313400
COV,20111005,39.37,39.88,38.94,39.77,6077600
COV,20111004,38.07,39.21,37.65,39.13,7011200
COV,20111003,40.13,40.43,38.64,38.65,5157900
COV,20110930,40.64,41.04,40.11,40.15,3131600
COV,20110929,41.55,41.97,40.32,41.11,3027000
COV,20110928,42.29,42.31,40.86,40.94,4872300
COV,20110927,42.98,43.44,42.07,42.31,4298100
COV,20110926,41.76,42.07,41.14,42.04,3761300
COV,20110923,39.67,42.27,39.67,41.48,5417200
COV,20110922,40.35,41.04,39.88,40.76,9063800
COV,20110921,43.06,43.47,41.80,41.82,6188900
COV,20110920,43.06,43.95,42.82,43.22,3093100
COV,20110919,43.29,43.29,42.37,42.96,4219100
COV,20110916,43.75,44.20,43.49,44.03,4796500
COV,20110915,44.34,44.40,43.05,43.42,5787200
COV,20110914,43.55,44.44,42.99,43.91,4875600
COV,20110913,43.24,43.71,42.91,43.42,4864400
COV,20110912,42.89,43.30,42.23,43.28,5111500
COV,20110909,44.61,44.86,43.36,43.45,9113700
COV,20110908,46.37,46.63,45.14,45.26,6250200
COV,20110907,46.38,46.97,46.23,46.74,3970000
COV,20110906,44.71,45.83,44.57,45.74,3735100
COV,20110902,46.03,46.72,45.93,46.01,3149300
COV,20110901,47.42,47.76,46.77,46.94,4409800
COV,20110831,47.84,48.12,47.01,47.51,4391000
COV,20110830,47.32,47.75,46.84,47.42,3847500
COV,20110829,46.43,47.35,46.41,47.35,3811400
COV,20110826,45.26,46.38,44.13,46.06,5929000
COV,20110825,46.68,47.09,45.47,45.72,5018900
COV,20110824,45.80,46.84,45.29,46.61,5686800
COV,20110823,44.16,46.05,43.99,46.04,5043600
COV,20110822,44.58,44.75,43.74,43.81,3874000
COV,20110819,43.49,44.78,43.34,43.54,5899800
COV,20110818,44.77,45.13,43.62,44.24,5744600
COV,20110817,45.86,46.75,45.36,45.92,5936500
COV,20110816,45.07,45.71,44.56,45.43,7414100
COV,20110815,45.43,46.00,44.76,45.42,4397400
COV,20110812,44.53,45.64,44.23,45.05,6860800
COV,20110811,41.05,44.87,40.99,44.26,11320200
COV,20110810,42.26,42.63,40.59,40.70,8362000
COV,20110809,40.59,42.95,39.81,42.85,10891800
COV,20110808,41.30,41.88,39.83,40.13,9509100
COV,20110805,42.82,42.98,41.21,42.22,6511100
COV,20110804,43.82,44.08,42.18,42.26,6563100
COV,20110803,44.61,44.81,43.60,44.44,5021100
COV,20110802,44.74,45.25,44.34,44.60,4973700
COV,20110801,46.54,46.70,44.71,45.42,5672700
COV,20110729,45.79,46.80,45.71,46.24,4148400
COV,20110728,47.62,47.62,45.98,46.18,5192400
COV,20110727,47.26,47.80,46.86,47.17,6799300
COV,20110726,48.35,48.35,47.03,47.42,9532700
COV,20110725,46.79,46.79,45.50,45.75,12436200
COV,20110722,46.77,47.69,46.77,47.25,4191800
COV,20110721,47.57,48.23,47.48,48.18,4665100
COV,20110720,47.65,47.65,46.90,47.16,2229100
COV,20110719,47.35,47.63,46.74,47.36,3034400
COV,20110718,47.18,47.26,46.56,46.95,2076200
COV,20110715,48.01,48.13,47.13,47.47,2974900
COV,20110714,48.35,48.35,47.76,47.87,3075700
COV,20110713,48.22,48.53,48.05,48.20,2784700
COV,20110712,47.62,48.42,47.52,47.94,3073400
COV,20110711,48.63,48.90,47.46,47.61,3547200
COV,20110708,48.87,49.30,48.75,49.23,2895100
COV,20110707,49.52,49.61,49.16,49.41,2327000
COV,20110706,48.98,49.24,48.86,49.18,2470900
COV,20110705,49.32,49.32,48.73,48.97,2836300
COV,20110701,48.51,49.46,48.16,49.37,5264200
COV,20110630,48.77,49.18,48.13,48.47,4971900
COV,20110629,49.14,49.25,48.53,48.65,2758300
COV,20110628,48.46,49.22,48.30,48.98,2740800
COV,20110627,47.81,48.37,47.39,48.24,2683700
COV,20110624,48.06,48.20,47.26,47.65,4949400
COV,20110623,48.28,48.28,47.13,48.09,3334900
COV,20110622,48.48,48.77,48.27,48.30,2834700
COV,20110621,48.39,48.87,48.32,48.72,2565000
COV,20110620,47.56,48.24,47.45,48.17,2594400
COV,20110617,47.76,48.11,47.64,47.80,4890500
COV,20110616,47.65,47.80,46.93,47.35,4117700
COV,20110615,48.89,49.04,47.39,47.58,6001300
COV,20110614,49.24,49.49,48.92,49.28,2717600
COV,20110613,48.75,49.06,48.44,48.66,2885300
COV,20110610,49.78,49.79,48.68,48.75,3022300
COV,20110609,49.53,50.35,49.38,50.00,3259400
COV,20110608,49.59,50.50,49.13,49.32,5821600
COV,20110607,49.15,49.72,48.56,49.45,3775800
COV,20110606,49.21,49.28,48.36,48.51,2984400
COV,20110603,49.38,49.74,49.06,49.37,2877700
COV,20110602,49.94,50.45,49.62,49.95,3331600
COV,20110601,50.08,50.17,49.80,49.89,3878200
COV,20110531,50.14,50.33,49.78,50.08,4622300
COV,20110527,50.03,50.03,49.58,49.65,3006900
COV,20110526,50.32,50.37,49.65,49.74,4130400
COV,20110525,50.13,50.50,50.10,50.36,2328500
COV,20110524,50.42,50.75,50.30,50.45,2271700
COV,20110523,51.19,51.31,50.39,50.43,4645100
COV,20110520,52.17,52.26,51.40,51.82,3056800
COV,20110519,52.21,52.49,51.80,52.33,2910700
COV,20110518,51.16,52.40,51.13,52.26,3540500
COV,20110517,50.75,51.31,50.42,51.10,3763200
COV,20110516,50.80,51.20,50.58,50.84,2919500
COV,20110513,51.05,51.30,50.63,50.84,2904100
COV,20110512,50.66,51.33,50.25,51.11,2903300
COV,20110511,51.23,51.55,50.49,50.67,3204700
COV,20110510,50.49,51.46,50.41,51.21,2910400
COV,20110509,49.80,50.63,49.66,50.48,4229100
COV,20110506,50.09,50.32,49.49,49.69,5226000
COV,20110505,49.95,50.43,49.54,49.69,3785400
COV,20110504,50.60,50.90,50.05,50.06,4938100
COV,20110503,50.28,50.92,50.21,50.69,2927500
COV,20110502,50.75,50.98,50.52,50.55,4847000
COV,20110429,51.34,51.36,50.64,50.71,4275600
COV,20110428,51.20,51.73,51.11,51.19,5007200
COV,20110427,50.74,51.52,50.63,51.44,3381500
COV,20110426,50.30,50.75,50.13,50.63,2918000
COV,20110425,49.79,50.36,49.71,50.16,3023900
COV,20110421,49.99,50.20,49.64,50.02,6505800
COV,20110420,49.29,49.60,48.67,49.05,3819700
COV,20110419,48.07,48.76,47.90,48.75,5468500
COV,20110418,48.47,48.57,47.51,47.96,3968800
COV,20110415,48.14,49.28,48.14,48.98,5670700
COV,20110414,47.41,48.20,47.25,48.07,4454500
COV,20110413,47.96,48.08,47.67,47.70,2570400
COV,20110412,48.03,48.07,47.57,47.78,3614700
COV,20110411,47.88,48.26,47.86,48.21,3069500
COV,20110408,47.98,48.08,47.52,47.73,2657900
COV,20110407,47.88,48.16,47.66,47.82,3347900
COV,20110406,47.82,48.07,47.68,48.00,4427600
COV,20110405,47.93,47.98,47.48,47.72,3608100
COV,20110404,47.82,48.29,47.81,48.09,3163800
COV,20110401,47.56,48.25,47.04,47.95,3780700
COV,20110331,47.15,47.51,47.05,47.29,3104600
COV,20110330,47.68,47.85,47.21,47.45,4238900
COV,20110329,46.90,47.64,46.74,47.45,3586400
COV,20110328,47.35,47.45,46.98,46.98,3725700
COV,20110325,46.74,47.70,46.74,47.30,3173400
COV,20110324,47.10,47.37,46.91,47.23,4604900
COV,20110323,47.25,47.25,46.55,46.97,3523200
COV,20110322,47.90,48.25,47.30,47.37,3113400
COV,20110321,47.25,48.53,47.25,48.24,3203000
COV,20110318,47.44,47.56,46.54,47.02,5651700
COV,20110317,46.49,47.15,46.29,47.05,5238100
COV,20110316,46.44,46.51,45.37,45.92,6729000
COV,20110315,46.32,46.69,45.57,46.52,6468600
COV,20110314,47.69,47.94,47.04,47.35,3287500
COV,20110311,47.67,48.08,47.29,48.01,4865300
COV,20110310,48.21,48.26,47.76,47.82,4537000
COV,20110309,48.55,48.94,48.36,48.67,3803800
COV,20110308,48.35,48.66,48.08,48.59,7172500
COV,20110307,48.22,48.73,47.96,48.31,6767800
COV,20110304,48.31,48.42,47.80,48.24,5651200
COV,20110303,47.13,48.27,47.11,48.27,7049200
COV,20110302,46.97,47.08,46.76,46.83,6452300
COV,20110301,46.94,47.22,46.74,46.84,15243300
COV,20110228,46.37,46.84,46.21,46.84,101432700
COV,20110225,45.94,46.44,45.71,46.19,6392800
COV,20110224,45.81,46.09,45.48,45.81,4903700
COV,20110223,45.93,46.13,45.53,45.87,7285800
COV,20110222,46.12,46.68,45.89,46.03,7286100
COV,20110218,46.64,46.86,46.18,46.82,4043500
COV,20110217,46.13,46.75,45.83,46.52,3237200
COV,20110216,45.84,46.28,45.64,46.08,3867300
COV,20110215,46.26,46.46,45.86,45.92,3699000
COV,20110214,45.74,46.56,45.74,46.51,4216400
COV,20110211,44.99,46.12,44.96,45.99,4119000
COV,20110210,45.26,45.50,45.12,45.37,4240000
COV,20110209,45.25,45.44,45.07,45.29,5745800
COV,20110208,45.06,45.21,44.84,45.21,5434500
COV,20110207,44.59,44.99,44.49,44.83,3220400
COV,20110204,44.86,44.86,44.21,44.50,4047500
COV,20110203,44.61,44.91,44.53,44.83,3721200
COV,20110202,44.55,45.21,44.43,44.60,6277300
COV,20110201,45.12,45.43,44.68,44.75,9484900
COV,20110131,43.66,43.71,42.46,43.22,6594600
COV,20110128,43.50,43.75,42.79,42.87,4576600
COV,20110127,44.58,44.71,43.39,43.52,14483700
COV,20110126,43.19,43.77,42.66,43.56,4252000
COV,20110125,42.98,43.22,42.60,43.10,5262100
COV,20110124,43.38,43.62,42.91,42.98,2830400
COV,20110121,43.75,44.43,43.38,43.44,2972300
COV,20110120,43.34,43.89,43.26,43.49,4613500
COV,20110119,43.20,43.97,43.20,43.71,5575900
COV,20110118,43.46,43.50,42.71,43.20,3620600
COV,20110117,0.02,0.02,0.02,0.02,43800
COV,20110114,43.08,43.44,42.96,43.18,2058700
COV,20110113,42.74,43.18,42.66,43.08,3139700
COV,20110112,43.00,43.18,42.56,42.67,3576200
COV,20110111,42.13,43.10,42.09,42.88,3378100
COV,20110110,41.93,42.45,41.83,42.09,3994500
COV,20110107,42.32,42.47,41.73,42.06,4404200
COV,20110106,42.91,42.91,42.13,42.30,3627600
COV,20110105,42.70,42.98,42.43,42.73,2386900
COV,20110104,43.38,43.69,42.75,42.85,5297100
COV,20110103,41.64,43.24,41.64,43.20,6015400
COV,20101231,41.44,41.59,41.16,41.57,1701000
COV,20101230,41.57,42.06,41.55,41.56,1358900
COV,20101229,41.56,41.76,41.43,41.57,1175300
COV,20101228,41.94,41.94,41.25,41.57,1401500
COV,20101227,41.86,42.09,41.62,41.80,1256100
COV,20101223,42.20,42.21,41.85,41.87,1246600
COV,20101222,41.36,42.12,41.16,42.12,2954600
COV,20101221,42.04,42.04,41.27,41.32,4394200
COV,20101220,42.49,42.49,41.74,41.85,3408500
COV,20101217,41.83,42.73,41.76,42.32,4666300
COV,20101216,41.35,42.14,41.22,42.02,5240000
COV,20101215,40.94,41.61,40.91,41.35,4355500
COV,20101214,39.90,41.42,39.90,41.05,6293300
COV,20101213,39.83,39.83,39.12,39.51,3027900
COV,20101210,39.51,39.80,38.99,39.63,3298200
COV,20101209,39.44,39.53,39.07,39.52,2705000
COV,20101208,39.27,39.36,39.01,39.15,3404800
COV,20101207,39.66,39.67,38.93,39.06,3401100
COV,20101206,39.24,39.24,38.91,39.03,2913000
COV,20101203,38.95,39.27,38.84,39.10,2848400
COV,20101202,38.92,39.41,38.85,39.19,3400300
COV,20101201,38.78,39.39,38.63,39.10,3292700
COV,20101130,38.41,38.48,37.93,38.30,3058900
COV,20101129,38.40,38.61,37.72,38.51,3067900
COV,20101126,38.72,38.87,38.26,38.53,1162700
COV,20101124,38.39,39.07,38.39,39.01,2964900
COV,20101123,38.59,38.59,38.06,38.34,2327200
COV,20101122,38.99,39.23,38.52,38.91,2745400
COV,20101119,39.53,39.57,39.01,39.02,2982300
COV,20101118,39.11,39.59,38.79,39.59,2815200
COV,20101117,38.81,39.15,38.64,38.64,2310700
COV,20101116,39.57,39.58,38.49,38.79,4014500
COV,20101115,40.19,40.30,39.65,39.78,2716400
COV,20101112,40.26,40.47,39.79,40.14,2499900
COV,20101111,40.19,40.74,39.72,40.68,4034900
COV,20101110,39.61,40.93,39.58,40.83,7361900
COV,20101109,39.41,40.49,38.97,39.61,8213100
COV,20101108,37.92,38.03,37.56,37.65,4001000
COV,20101105,36.79,38.01,36.78,37.99,5278300
COV,20101104,36.54,36.77,36.43,36.73,3655800
COV,20101103,36.25,36.90,36.24,36.38,3367000
COV,20101102,36.24,36.42,36.09,36.31,3324400
COV,20101101,36.43,36.68,35.86,36.11,2692800
COV,20101029,36.55,36.72,36.25,36.30,2675600
COV,20101028,37.04,37.25,36.60,36.69,2691000
COV,20101027,36.65,36.85,36.38,36.66,2944800
COV,20101026,36.57,36.97,36.30,36.94,3121800
COV,20101025,36.20,36.76,36.20,36.59,2643000
COV,20101022,36.28,36.45,35.85,35.99,3448000
COV,20101021,36.21,36.75,36.04,36.42,7358100
COV,20101020,36.45,36.61,35.90,35.96,3691200
COV,20101019,36.68,36.68,36.02,36.30,3893000
COV,20101018,37.10,37.32,36.91,36.91,2682700
COV,20101015,37.18,37.43,36.88,37.11,2672400
COV,20101014,37.10,37.24,36.97,36.97,3578900
COV,20101013,37.60,37.60,37.08,37.15,2310500
COV,20101012,37.08,37.35,36.83,37.30,2546000
COV,20101011,37.18,37.41,37.10,37.38,1755600
COV,20101008,37.48,37.76,37.15,37.27,3838500
COV,20101007,37.27,37.68,37.17,37.42,4691600
COV,20101006,36.97,37.27,36.77,37.27,2348900
COV,20101005,36.50,37.13,36.30,36.94,4391000
COV,20101004,36.42,36.87,36.10,36.22,3514500
COV,20101001,36.71,37.01,36.58,36.75,4780300
COV,20100930,36.76,36.88,36.50,36.59,4546500
COV,20100929,36.81,37.18,36.50,36.56,5889900
COV,20100928,36.41,37.11,35.91,36.96,6060100
COV,20100927,35.92,36.09,35.60,35.95,3285300
COV,20100924,35.44,35.96,35.37,35.96,3247300
COV,20100923,35.45,35.59,35.05,35.24,4583900
COV,20100922,35.73,35.93,35.51,35.62,3267800
COV,20100921,35.96,35.96,35.51,35.74,4086700
COV,20100920,35.96,36.01,35.34,35.81,3871000
COV,20100917,36.06,36.39,35.52,35.96,7985200
COV,20100916,35.75,36.33,35.53,35.97,7464700
COV,20100915,34.04,34.94,33.99,34.51,5201500
COV,20100914,33.87,34.41,33.80,34.32,3731800
COV,20100913,34.03,34.14,33.72,34.00,2317900
COV,20100910,33.61,34.10,33.47,33.82,5232400
COV,20100909,33.59,33.84,33.30,33.42,4304900
COV,20100908,34.01,34.30,33.27,33.30,3798500
COV,20100907,33.72,34.30,33.69,34.06,2722800
COV,20100903,34.26,34.36,33.52,33.79,3524000
COV,20100902,32.85,33.93,32.78,33.92,4293500
COV,20100901,32.56,33.12,32.55,32.91,5146800
COV,20100831,32.91,32.97,31.98,32.18,4894800
COV,20100830,33.52,33.72,33.13,33.14,2555100
COV,20100827,33.73,33.73,33.23,33.44,3868500
COV,20100826,34.17,34.28,33.59,33.61,2916300
COV,20100825,33.93,34.12,33.63,34.00,3814500
COV,20100824,34.60,34.73,33.91,34.03,5495900
COV,20100823,35.16,35.65,34.93,34.95,3575200
COV,20100820,34.92,34.92,34.18,34.68,3473500
COV,20100819,35.48,35.48,34.78,35.14,2383700
COV,20100818,35.29,35.67,35.14,35.52,1981700
COV,20100817,34.99,35.46,34.74,35.29,2694300
COV,20100816,34.89,35.11,34.54,34.72,2870100
COV,20100813,34.36,35.30,34.24,35.13,4693000
COV,20100812,34.38,34.67,34.24,34.43,4069700
COV,20100811,34.45,34.70,34.15,34.63,4075800
COV,20100810,34.70,35.06,34.59,34.84,4268200
COV,20100809,34.80,35.04,34.59,34.85,2658100
COV,20100806,34.59,34.86,34.37,34.80,3386900
COV,20100805,34.16,34.84,34.14,34.65,3551800
COV,20100804,33.11,34.63,32.93,34.44,7251700
COV,20100803,33.42,33.67,33.06,33.07,7354800
COV,20100802,34.56,35.03,33.45,33.51,8000400
COV,20100730,33.21,34.03,33.16,33.98,5415400
COV,20100729,35.28,35.59,32.40,33.58,15458500
COV,20100728,35.65,35.95,35.14,35.23,5616900
COV,20100727,36.25,36.44,35.64,35.79,4884200
COV,20100726,35.40,36.06,35.25,36.00,4701100
COV,20100723,36.34,36.47,35.04,35.25,10885200
COV,20100722,36.34,36.61,36.25,36.40,2863900
COV,20100721,36.50,36.50,35.69,35.90,5360200
COV,20100720,35.64,36.58,35.26,36.50,3996200
COV,20100719,36.89,36.90,35.76,35.88,3390000
COV,20100716,36.66,36.88,36.39,36.45,3990000
COV,20100715,36.94,37.11,36.55,36.87,4337300
COV,20100714,37.17,37.22,36.60,36.87,4394100
COV,20100713,37.05,37.48,36.94,37.32,2870200
COV,20100712,36.90,37.25,36.71,36.86,1984000
COV,20100709,36.98,37.39,36.76,37.11,3640800
COV,20100708,36.67,37.13,36.53,37.13,3829700
COV,20100707,35.80,36.49,35.57,36.47,5576600
COV,20100706,36.38,36.59,35.53,35.74,4765800
COV,20100702,36.62,36.69,35.96,36.12,2923000
COV,20100701,36.80,36.80,35.77,36.40,5230100
COV,20100630,36.82,37.05,36.45,36.58,4602000
COV,20100629,36.60,36.97,36.26,36.80,6220900
COV,20100628,38.15,38.52,37.83,38.07,4107400
COV,20100625,37.99,38.57,37.68,38.19,36382300
COV,20100624,38.22,38.34,37.68,37.85,6443400
COV,20100623,38.38,38.47,37.64,38.22,7813300
COV,20100622,39.11,39.43,38.78,38.90,5921300
COV,20100621,39.16,39.93,39.10,39.37,5139800
COV,20100618,38.24,39.14,38.12,38.91,5674100
COV,20100617,37.84,38.43,37.69,38.34,4875400
COV,20100616,37.16,37.89,36.60,37.71,6316000
COV,20100615,38.21,38.57,37.91,37.98,4097200
COV,20100614,37.76,38.40,37.75,37.86,4457100
COV,20100611,37.06,37.79,36.95,37.76,3328200
COV,20100610,36.51,37.18,36.40,37.17,3901600
COV,20100609,36.47,36.67,35.85,35.96,3518400
COV,20100608,36.65,36.82,35.75,36.10,5457800
COV,20100607,37.50,37.79,36.52,36.56,3824400
COV,20100604,38.31,38.51,37.38,37.50,3737700
COV,20100603,37.97,39.33,37.78,39.10,4351200
COV,20100602,37.51,37.94,37.43,37.77,3463700
COV,20100601,36.42,38.41,36.33,37.55,6062000
COV,20100528,38.73,38.99,38.37,38.60,3505900
COV,20100527,38.31,38.83,38.21,38.73,3912500
COV,20100526,38.38,39.07,37.69,37.74,5285800
COV,20100525,37.18,38.03,36.70,38.01,6463400
COV,20100524,37.69,38.54,37.19,38.18,7279100
COV,20100521,37.71,38.32,37.18,37.63,7510200
COV,20100520,38.97,39.01,38.14,38.16,4818300
COV,20100519,40.48,40.48,39.14,39.68,5116800
COV,20100518,40.60,41.19,40.35,40.59,4443300
COV,20100517,40.99,41.51,40.46,40.60,3639200
COV,20100514,41.56,41.58,40.00,40.74,4410800
COV,20100513,41.93,42.24,41.63,41.70,3763100
COV,20100512,40.81,42.34,40.38,42.26,9269200
COV,20100511,40.36,41.02,40.11,40.54,2928000
COV,20100510,41.31,41.65,40.61,40.85,6664800
COV,20100507,41.20,41.55,39.46,39.78,7366800
COV,20100506,41.79,42.14,40.07,41.20,5868500
COV,20100505,42.06,42.30,41.76,42.11,4281600
COV,20100504,43.10,43.43,42.51,42.57,2063300
COV,20100503,43.63,43.92,43.09,43.69,2080600
COV,20100430,44.10,44.62,43.65,43.69,2887700
COV,20100429,43.71,44.22,43.61,43.92,3093600
COV,20100428,42.90,43.57,42.88,43.30,4364000
COV,20100427,43.58,43.96,42.71,42.81,4416000
COV,20100426,44.61,44.74,43.25,43.55,4838400
COV,20100423,44.80,45.16,44.47,44.79,3162900
COV,20100422,45.62,45.62,44.16,44.77,5171900
COV,20100421,45.72,46.69,45.55,45.64,6546800
COV,20100420,47.33,47.78,47.15,47.60,2873100
COV,20100419,46.33,46.87,46.17,46.80,1769500
COV,20100416,46.90,47.30,46.49,46.52,3136700
COV,20100415,46.65,47.29,46.55,47.18,1779700
COV,20100414,46.21,47.03,46.15,46.85,4815200
COV,20100413,45.83,46.44,45.69,45.98,2811000
COV,20100412,46.03,46.45,45.85,46.23,1783200
COV,20100409,45.24,46.43,45.21,46.13,3108300
COV,20100408,45.90,45.90,44.86,44.93,2906400
COV,20100407,46.30,46.44,45.74,45.82,2407200
COV,20100406,46.18,46.28,46.06,46.16,1181300
COV,20100405,45.85,46.26,45.85,46.17,1199800
COV,20100401,46.23,46.64,45.80,45.96,2347100
COV,20100331,45.86,46.14,45.59,45.78,1994100
COV,20100330,45.32,46.02,44.85,45.83,2302000
COV,20100329,44.91,45.22,44.73,45.07,2209600
COV,20100326,45.08,45.40,44.85,44.96,2175400
COV,20100325,45.45,45.70,45.22,45.24,3459600
COV,20100324,46.50,46.50,45.12,45.21,3821500
COV,20100323,46.51,46.68,46.18,46.53,1353000
COV,20100322,46.29,47.43,46.18,46.62,2576600
COV,20100319,46.35,46.82,46.07,46.65,2224700
COV,20100318,46.44,46.61,46.20,46.30,1577600
COV,20100317,46.98,47.29,46.60,46.65,3330000
COV,20100316,45.75,46.15,45.52,45.85,1347700
COV,20100315,45.88,46.16,45.58,46.03,1348400
COV,20100312,46.38,46.44,45.84,45.97,1692200
COV,20100311,46.56,46.63,45.77,46.26,2737600
COV,20100310,46.70,46.99,46.24,46.28,2531200
COV,20100309,45.93,47.24,45.74,46.84,4337600
COV,20100308,45.16,45.93,45.12,45.85,2137800
COV,20100305,45.66,45.74,45.07,45.39,3585500
COV,20100304,45.63,45.91,45.08,45.58,2000100
COV,20100303,46.01,46.11,45.51,45.85,2040700
COV,20100302,45.52,45.93,45.27,45.79,3560800
COV,20100301,45.07,45.33,44.79,45.10,3784200
COV,20100226,45.07,45.39,44.64,44.72,4169100
COV,20100225,45.21,45.46,45.01,45.15,2647300
COV,20100224,45.75,45.84,45.34,45.67,2488200
COV,20100223,46.07,46.07,45.11,45.68,4151600
COV,20100222,45.80,46.22,45.53,45.77,1611200
COV,20100219,46.23,46.37,45.58,45.80,3045500
COV,20100218,46.24,46.44,45.94,46.24,1391600
COV,20100217,45.97,46.76,45.90,46.32,2138900
COV,20100216,45.47,45.86,44.87,45.81,2405500
COV,20100212,45.15,45.19,44.49,45.14,2102200
COV,20100211,44.45,45.32,44.22,45.30,3070400
COV,20100210,44.95,45.16,44.29,44.33,2992600
COV,20100209,45.30,45.52,44.89,45.11,2555100
COV,20100208,44.89,45.30,44.38,45.03,2523400
COV,20100205,45.88,46.40,43.60,44.77,5538800
COV,20100204,46.45,46.54,45.72,46.03,4037000
COV,20100203,46.16,46.49,46.09,46.39,1850200
COV,20100202,45.66,46.52,45.54,46.43,2790200
COV,20100201,46.10,46.13,45.08,45.84,3553200
COV,20100129,46.32,46.35,45.75,46.03,4018400
COV,20100128,46.61,46.61,45.42,46.27,2791300
COV,20100127,46.15,46.55,45.90,46.48,2246600
COV,20100126,46.31,46.64,45.99,46.22,4213900
COV,20100125,47.19,47.19,45.99,46.23,4881700
COV,20100122,45.85,46.53,45.52,46.21,5669300
COV,20100121,47.62,47.64,46.31,46.41,6400700
COV,20100120,46.07,47.71,45.99,47.00,7998900
COV,20100119,43.78,45.06,43.47,45.02,3950600
COV,20100118,0.04,0.04,0.04,0.04,22900
COV,20100115,44.40,44.53,43.63,43.89,3143900
COV,20100114,45.15,45.24,44.53,44.57,2723300
COV,20100113,44.24,45.41,44.24,45.35,2118900
COV,20100112,44.34,44.74,44.00,44.26,1893300
COV,20100111,44.62,44.80,44.43,44.67,2224300
COV,20100108,44.16,44.72,43.89,44.61,3196100
COV,20100107,44.31,44.77,44.01,44.67,2364200
COV,20100106,43.39,44.35,43.28,44.32,2546100
COV,20100105,43.62,43.69,43.35,43.47,2289200
COV,20100104,43.52,43.73,43.15,43.46,3429600
COV,20091231,43.84,44.24,43.57,43.60,957300
COV,20091230,44.21,44.26,43.75,44.06,1523400
COV,20091229,44.32,44.60,44.10,44.51,1316900
COV,20091228,44.52,44.73,44.03,44.20,1943600
COV,20091224,44.16,44.46,43.95,44.38,1177600
COV,20091223,43.59,44.35,43.28,44.29,2956800
COV,20091222,42.73,43.75,42.56,43.38,2826100
COV,20091221,42.41,43.16,42.36,42.47,1536200
COV,20091218,42.55,42.78,42.03,42.38,2456200
COV,20091217,42.43,42.86,42.30,42.49,3131100
COV,20091216,42.60,42.90,42.37,42.56,1799500
COV,20091215,42.98,43.06,42.55,42.67,2282400
COV,20091214,42.85,43.30,42.49,42.85,2632500
COV,20091211,43.14,43.28,42.74,42.84,2464100
COV,20091210,42.79,43.51,42.79,43.21,2359600
COV,20091209,42.93,42.96,42.44,42.82,3107800
COV,20091208,42.88,43.00,42.49,42.93,2360000
COV,20091207,42.87,43.60,42.76,42.77,2149500
COV,20091204,43.32,43.48,42.67,43.06,2432100
COV,20091203,43.20,43.48,43.05,43.16,1970200
COV,20091202,42.88,43.49,42.67,43.28,2875800
COV,20091201,42.68,43.55,42.36,43.34,3229400
COV,20091130,42.72,42.92,42.37,42.63,3243700
COV,20091127,42.67,43.08,42.53,42.76,1499100
COV,20091125,42.71,43.64,42.24,43.11,5536500
COV,20091124,42.15,42.69,41.74,42.61,3433800
COV,20091123,41.38,42.12,41.18,42.01,2966900
COV,20091120,40.78,41.61,40.70,41.56,3727600
COV,20091119,40.52,41.19,40.23,41.09,2889400
COV,20091118,41.30,41.65,40.57,40.86,2534300
COV,20091117,41.51,42.57,40.97,41.09,5766800
COV,20091116,40.61,40.74,39.93,40.14,2885500
COV,20091113,40.20,40.58,40.12,40.41,1082600
COV,20091112,40.45,40.45,39.91,40.24,1553800
COV,20091111,40.60,40.66,39.85,40.28,2575600
COV,20091110,40.84,40.97,40.56,40.60,1458800
COV,20091109,40.07,40.84,40.07,40.84,1362400
COV,20091106,40.13,40.37,39.82,40.11,1616500
COV,20091105,39.21,40.52,39.10,40.23,3278700
COV,20091104,38.96,39.55,38.95,39.27,1606300
COV,20091103,39.06,39.22,38.64,39.11,2312000
COV,20091102,38.63,39.21,38.45,39.07,2263900
COV,20091030,38.47,39.23,38.29,38.35,2933900
COV,20091029,38.33,38.58,38.26,38.53,2985400
COV,20091028,39.24,39.28,38.29,38.35,3275400
COV,20091027,39.37,39.60,39.04,39.24,2664200
COV,20091026,39.54,39.78,39.24,39.47,4365900
COV,20091023,39.51,39.62,39.14,39.55,2170700
COV,20091022,39.13,39.75,38.98,39.56,2798200
COV,20091021,40.12,40.41,39.15,39.21,4074500
COV,20091020,40.54,40.79,40.00,40.40,2804600
COV,20091019,39.91,40.88,39.61,40.53,3244800
COV,20091016,39.42,40.32,39.34,40.11,2258800
COV,20091015,39.62,39.73,39.34,39.65,2323000
COV,20091014,39.36,39.83,39.00,39.82,2336500
COV,20091013,39.43,39.43,38.86,39.16,1510800
COV,20091012,39.83,39.83,39.19,39.37,1349200
COV,20091009,39.23,39.62,38.84,39.58,2558700
COV,20091008,39.57,39.57,38.92,39.14,2473500
COV,20091007,37.89,38.48,37.89,38.41,1431100
COV,20091006,37.41,38.49,37.31,38.09,1994300
COV,20091005,37.87,37.97,37.34,37.79,2187500
COV,20091002,38.08,38.15,37.65,37.67,2418500
COV,20091001,39.05,39.38,38.43,38.50,4235300
COV,20090930,40.01,40.19,39.12,39.39,4370600
COV,20090929,38.91,39.11,38.55,39.03,3419400
COV,20090928,37.42,38.81,37.38,38.73,3980700
COV,20090925,36.94,37.80,36.89,37.66,3049000
COV,20090924,36.93,37.14,36.41,36.79,3052100
COV,20090923,37.15,37.51,36.72,36.98,3759100
COV,20090922,37.13,37.55,36.93,37.19,3225200
COV,20090921,37.54,38.26,37.19,37.56,3510100
COV,20090918,38.70,38.70,37.75,37.77,2718800
COV,20090917,39.06,39.14,38.18,38.50,4063200
COV,20090916,37.74,39.02,37.68,39.02,4892700
COV,20090915,37.68,38.15,37.51,37.94,2688000
COV,20090914,38.07,38.23,37.46,37.79,3077700
COV,20090911,37.65,38.27,37.33,38.12,7618200
COV,20090910,36.13,36.13,35.13,35.84,2937600
COV,20090909,35.74,36.37,35.57,35.91,2230700
COV,20090908,36.17,36.17,35.25,35.76,2534200
COV,20090904,35.63,36.22,35.63,36.06,2503700
COV,20090903,35.07,35.82,34.69,35.74,2815700
COV,20090902,35.49,35.76,35.04,35.10,3220200
COV,20090901,35.87,36.33,35.35,35.57,2620000
COV,20090831,35.12,36.03,35.04,36.03,3558900
COV,20090828,35.74,35.81,34.96,35.39,2443400
COV,20090827,35.52,35.62,34.94,35.51,2488400
COV,20090826,35.72,36.16,35.33,35.41,2958300
COV,20090825,35.87,36.42,35.79,35.93,2589300
COV,20090824,36.37,36.41,35.96,35.97,1755100
COV,20090821,36.47,36.73,35.92,36.08,3507300
COV,20090820,36.66,36.80,36.34,36.54,4327300
COV,20090819,35.24,36.66,35.24,36.52,6696700
COV,20090818,35.65,35.85,34.87,35.19,3070500
COV,20090817,35.29,35.90,35.26,35.75,2416200
COV,20090814,36.06,36.27,35.31,35.59,1982300
COV,20090813,36.16,36.19,35.40,36.11,2028300
COV,20090812,35.77,36.34,35.51,35.99,3027500
COV,20090811,34.91,35.97,34.84,35.77,3111000
COV,20090810,34.79,35.20,34.65,35.16,1896900
COV,20090807,34.57,35.20,34.57,34.74,2039600
COV,20090806,35.22,35.40,34.37,34.53,3826600
COV,20090805,35.76,35.96,34.95,35.23,2806700
COV,20090804,35.28,36.02,35.28,35.55,2972100
COV,20090803,34.71,35.61,34.63,35.56,3066900
COV,20090731,34.98,35.05,34.37,34.43,4018400
COV,20090730,34.64,35.01,33.67,34.33,7791200
COV,20090729,34.66,35.30,34.35,34.83,3681500
COV,20090728,34.20,34.75,33.83,34.54,3597400
COV,20090727,33.76,34.36,33.60,34.17,2357900
COV,20090724,32.76,34.13,32.76,34.03,2837700
COV,20090723,32.23,33.21,32.23,32.92,4246300
COV,20090722,32.90,33.03,32.10,32.19,4519000
COV,20090721,33.00,33.17,32.50,32.78,3900700
COV,20090720,33.37,33.65,32.73,32.97,2107100
COV,20090717,33.46,33.52,33.11,33.27,1816700
COV,20090716,33.10,33.70,32.93,33.64,1630100
COV,20090715,33.05,33.47,33.01,33.22,2565100
COV,20090714,32.44,33.40,32.38,32.97,2788800
COV,20090713,32.74,33.04,32.21,32.74,3691800
COV,20090710,32.97,33.21,32.19,32.57,3288000
COV,20090709,32.04,32.51,31.77,32.42,4800100
COV,20090708,32.48,32.80,31.90,32.22,2669900
COV,20090707,32.60,33.33,32.35,32.40,2544900
COV,20090706,32.92,32.92,32.13,32.58,2539000
COV,20090702,33.42,33.48,32.73,32.98,3289900
COV,20090701,33.58,33.80,33.07,33.56,6197600
COV,20090630,34.21,34.47,33.93,34.09,4800700
COV,20090629,33.11,34.28,32.85,34.21,4422600
COV,20090626,33.01,33.56,32.66,33.11,3189400
COV,20090625,32.62,33.42,32.62,33.13,2784300
COV,20090624,32.33,32.95,32.09,32.62,3369100
COV,20090623,32.81,32.99,32.17,32.30,4455300
COV,20090622,32.53,32.97,31.97,32.81,5500000
COV,20090619,32.74,33.32,32.74,32.98,4765000
COV,20090618,32.50,33.13,32.50,32.70,4433400
COV,20090617,31.96,33.21,31.89,32.67,6285600
COV,20090616,32.32,32.64,31.90,31.94,3374000
COV,20090615,32.82,33.00,32.19,32.24,4018900
COV,20090612,32.51,33.79,32.51,32.82,5516900
COV,20090611,32.32,33.12,32.31,32.61,5515400
COV,20090610,32.56,32.65,32.14,32.29,6831500
COV,20090609,32.55,32.69,32.09,32.23,4727600
COV,20090608,32.77,32.99,32.19,32.46,6461200
COV,20090605,32.91,33.18,32.55,32.71,16673800
COV,20090604,33.03,33.05,31.86,32.46,118301000
COV,20090603,33.14,34.00,32.56,32.86,11017100
COV,20090602,32.81,33.44,32.55,33.39,8733100
COV,20090601,32.81,33.66,32.32,32.81,8490900
COV,20090529,30.92,32.72,30.85,32.52,16706000
COV,20090528,31.03,31.57,30.69,31.08,8788900
COV,20090527,31.62,31.87,30.96,31.04,5433700
COV,20090526,31.71,31.96,31.42,31.69,5083100
COV,20090522,32.18,32.28,31.86,31.87,2669800
COV,20090521,32.24,32.64,31.68,32.10,4152600
COV,20090520,32.45,32.95,32.00,32.55,3392500
COV,20090519,32.51,32.72,31.94,32.30,4396400
COV,20090518,33.14,33.31,31.95,32.53,5013800
COV,20090515,32.81,33.38,32.27,33.14,5074300
COV,20090514,32.22,33.21,32.10,32.80,5784300
COV,20090513,31.24,32.42,31.10,32.23,5064400
COV,20090512,30.68,31.79,30.68,31.62,4196200
COV,20090511,31.08,31.41,30.66,30.69,3010300
COV,20090508,31.37,31.79,29.79,31.45,4305400
COV,20090507,30.48,31.25,29.41,31.14,6254300
COV,20090506,30.67,31.00,30.27,30.47,4258800
COV,20090505,30.01,30.83,30.01,30.59,3338900
COV,20090504,29.85,30.50,29.28,30.16,5233100
COV,20090501,30.03,30.19,29.20,29.46,4610300
COV,20090430,31.56,31.62,29.85,30.03,9156700
COV,20090429,30.93,31.86,30.60,30.91,5697500
COV,20090428,30.70,31.24,30.32,30.86,2422400
COV,20090427,30.11,30.96,29.96,30.76,3838100
COV,20090424,29.79,30.22,29.62,30.13,3947300
COV,20090423,29.87,29.87,28.35,29.55,5254500
COV,20090422,30.05,30.74,29.80,30.16,3540000
COV,20090421,30.50,30.82,29.45,30.43,3996500
COV,20090420,31.46,31.74,30.69,30.82,2842700
COV,20090417,31.12,31.81,31.12,31.74,4661800
COV,20090416,30.45,31.21,30.21,30.99,3520700
COV,20090415,29.54,30.47,29.54,30.39,3762000
COV,20090414,28.84,30.06,28.63,29.93,3633900
COV,20090413,28.82,29.34,28.69,29.21,2584200
COV,20090409,29.82,30.77,28.93,29.07,2790100
COV,20090408,28.69,29.35,28.63,29.33,2971000
COV,20090407,27.98,28.99,27.82,28.64,2651100
COV,20090406,28.30,28.82,28.08,28.40,4122600
COV,20090403,29.70,30.21,28.23,28.47,8190500
COV,20090402,30.39,30.92,29.46,29.62,7904800
COV,20090401,29.77,30.30,29.04,30.17,4854700
COV,20090331,30.26,30.84,29.29,30.26,2555700
COV,20090330,30.06,30.71,29.83,30.11,3451800
COV,20090327,30.49,30.89,30.16,30.62,2464700
COV,20090326,29.96,30.69,29.67,30.68,3821200
COV,20090325,29.17,29.88,29.14,29.66,3573700
COV,20090324,29.52,29.76,28.95,29.20,2251900
COV,20090323,29.30,29.91,29.13,29.91,2510300
COV,20090320,28.52,29.40,28.40,29.14,4533300
COV,20090319,30.05,30.05,28.21,28.51,3664000
COV,20090318,28.71,30.15,28.48,29.64,4464900
COV,20090317,28.48,28.74,27.98,28.73,2393100
COV,20090316,29.51,29.64,28.45,28.52,2961800
COV,20090313,28.35,29.29,28.02,29.24,4545200
COV,20090312,27.36,28.66,27.31,28.30,5575000
COV,20090311,26.48,27.41,26.19,27.32,5654400
COV,20090310,25.48,26.33,25.10,26.11,5418700
COV,20090309,25.22,26.36,24.83,25.40,3416600
COV,20090306,25.94,26.72,24.87,25.50,6058500
COV,20090305,26.86,26.86,25.65,25.78,5533300
COV,20090304,27.97,27.97,26.97,27.30,6378500
COV,20090303,28.21,28.58,27.53,27.66,5033500
COV,20090302,28.34,28.41,27.44,27.94,4050900
COV,20090227,30.06,30.17,28.84,28.84,5860100
COV,20090226,32.01,32.01,30.17,30.17,3621200
COV,20090225,32.65,32.81,31.87,32.00,3424200
COV,20090224,32.36,32.95,32.01,32.73,3150900
COV,20090223,33.07,33.07,31.96,32.19,2509200
COV,20090220,33.02,33.61,32.39,32.72,3124000
COV,20090219,32.65,34.15,32.65,33.52,1777300
COV,20090218,33.96,33.97,33.18,33.74,2435400
COV,20090217,34.33,34.40,33.52,33.78,3297600
COV,20090213,35.73,35.88,34.67,34.72,2681700
COV,20090212,34.51,35.73,34.41,35.73,2841500
COV,20090211,34.54,35.36,34.35,35.29,2491200
COV,20090210,35.48,35.78,34.42,34.60,3396800
COV,20090209,36.16,36.24,35.41,35.78,2881900
COV,20090206,35.76,36.38,35.75,36.26,3190100
COV,20090205,35.96,36.37,35.13,35.99,3652600
COV,20090204,35.36,36.55,35.35,36.22,4495400
COV,20090203,34.88,35.63,34.54,35.45,2439800
COV,20090202,34.70,35.29,34.51,34.62,2600700
COV,20090130,34.71,35.29,34.51,34.91,3533800
COV,20090129,34.65,35.41,34.53,34.66,3341200
COV,20090128,33.70,35.43,33.69,34.80,4565200
COV,20090127,33.88,34.84,33.70,34.03,3869100
COV,20090126,32.97,34.59,32.97,33.76,8401700
COV,20090123,33.72,33.88,31.47,31.84,5892600
COV,20090122,33.11,33.96,32.75,33.87,3115600
COV,20090121,32.91,33.73,32.65,33.63,3662200
COV,20090120,33.39,33.77,32.00,32.41,4887500
COV,20090116,32.81,33.72,32.70,33.44,4099600
COV,20090115,32.88,32.96,31.73,32.49,5580400
COV,20090114,32.64,32.93,32.02,32.59,5416400
COV,20090113,33.81,34.05,33.11,33.31,2407000
COV,20090112,33.65,34.05,33.28,33.95,3263900
COV,20090109,33.82,34.23,33.51,33.65,2677600
COV,20090108,33.92,34.26,33.17,33.70,5050800
COV,20090107,33.57,34.08,32.50,33.78,3220200
COV,20090106,33.67,34.37,33.31,33.92,3621300
COV,20090105,34.05,34.14,33.22,33.44,3201300
COV,20090102,33.16,34.16,32.69,34.03,2748200
COV,20081231,32.21,33.23,32.09,33.00,3465800
COV,20081230,31.59,32.23,31.59,32.15,2283500
COV,20081229,31.27,31.58,30.96,31.47,2052200
COV,20081226,31.67,32.50,31.20,31.29,1832200
COV,20081224,32.28,32.65,31.58,31.89,1547900
COV,20081223,32.42,32.94,31.14,32.25,9151400
COV,20081222,33.23,33.92,32.92,33.83,2593400
COV,20081219,34.82,35.45,31.92,33.23,4661500
COV,20081218,34.60,35.10,33.78,34.17,4661300
COV,20081217,32.05,34.79,31.94,34.28,9470100
COV,20081216,31.25,32.79,30.58,32.41,7610100
COV,20081215,31.41,31.99,30.96,31.50,3884900
COV,20081212,31.68,31.81,30.88,31.32,3812200
COV,20081211,31.24,32.74,31.21,32.30,4353800
COV,20081210,32.74,32.74,31.02,31.52,5992600
COV,20081209,33.28,33.41,31.82,32.42,3735500
COV,20081208,33.46,33.87,32.51,33.49,4401700
COV,20081205,31.87,32.89,31.13,32.88,2788100
COV,20081204,31.69,32.53,31.18,32.25,3254300
COV,20081203,30.67,32.58,30.44,32.16,3666500
COV,20081202,31.58,32.09,30.33,31.11,5920100
COV,20081201,32.68,32.68,31.06,31.09,3905000
COV,20081128,33.50,33.96,32.98,33.55,1728700
COV,20081126,33.34,34.00,32.80,33.70,4249900
COV,20081125,33.65,37.11,33.11,33.96,6042600
COV,20081124,31.28,33.86,30.79,33.15,6837800
COV,20081121,30.39,30.94,29.38,30.88,6673800
COV,20081120,31.96,33.10,29.87,30.38,6398300
COV,20081119,33.84,34.66,32.10,32.11,5728600
COV,20081118,34.60,34.69,33.16,34.01,6070200
COV,20081117,34.37,36.06,32.80,34.61,6742700
COV,20081114,33.04,36.08,33.04,34.69,7991600
COV,20081113,34.84,35.06,32.17,33.75,9464800
COV,20081112,36.04,36.47,34.67,34.73,5463100
COV,20081111,37.23,38.96,36.33,36.57,4292300
COV,20081110,39.77,39.81,37.67,37.78,3765900
COV,20081107,37.86,39.15,37.65,39.04,2600800
COV,20081106,39.68,39.93,38.14,38.32,5752800
COV,20081105,40.16,40.78,39.20,39.68,4103200
COV,20081104,40.75,41.53,40.05,40.53,5359200
COV,20081103,40.59,40.79,39.83,40.24,3461300
COV,20081031,40.33,40.78,39.35,40.33,5522300
COV,20081030,38.48,40.03,38.48,39.77,4252000
COV,20081029,37.35,39.70,36.97,38.17,6028600
COV,20081028,36.07,37.84,35.48,37.56,7461700
COV,20081027,37.19,37.89,35.45,35.45,5861600
COV,20081024,36.88,38.41,35.93,37.71,5143600
COV,20081023,40.21,40.62,36.97,39.16,5502600
COV,20081022,41.53,41.53,39.07,40.00,4063900
COV,20081021,42.38,42.81,41.53,41.65,3461600
COV,20081020,42.35,42.98,40.87,42.50,4239600
COV,20081017,40.85,43.38,39.79,42.00,5062100
COV,20081016,39.82,42.09,37.74,41.66,5236600
COV,20081015,42.87,42.87,39.73,39.82,3919500
COV,20081014,45.48,45.66,42.41,43.38,4185300
COV,20081013,38.70,45.25,38.70,43.99,6439300
COV,20081010,38.08,41.23,37.33,38.38,8670700
COV,20081009,43.78,45.52,39.35,39.45,6040800
COV,20081008,43.93,45.52,43.06,43.48,6439300
COV,20081007,45.10,45.92,44.50,44.70,6622600
COV,20081006,46.69,48.53,43.42,44.71,5528000
COV,20081003,47.38,48.34,46.93,47.52,4839400
COV,20081002,47.24,47.80,46.26,46.74,3710500
COV,20081001,48.67,48.70,46.99,47.41,4520800
COV,20080930,48.47,49.08,46.85,48.95,5818500
COV,20080929,49.43,49.71,46.12,47.55,5492400
COV,20080926,49.33,50.24,48.84,49.99,4518100
COV,20080925,49.51,50.07,48.84,49.82,2996100
COV,20080924,48.57,49.48,48.19,49.10,2617200
COV,20080923,48.61,50.08,48.08,48.82,3233400
COV,20080922,48.76,49.39,47.91,48.62,2976600
COV,20080919,50.54,51.80,44.61,49.03,10372500
COV,20080918,50.09,51.24,42.87,50.28,9524700
COV,20080917,50.51,50.71,49.28,49.66,5389600
COV,20080916,50.27,51.79,49.52,51.21,5102900
COV,20080915,49.89,51.90,49.65,50.92,4555900
COV,20080912,51.40,51.89,50.79,51.21,3790500
COV,20080911,50.06,51.85,49.75,51.61,5168900
COV,20080910,49.25,50.52,49.19,50.16,4519600
COV,20080909,48.72,49.37,48.70,48.70,5665500
COV,20080908,49.16,49.80,47.96,48.57,4333400
COV,20080905,48.12,48.36,47.27,48.22,2948300
COV,20080904,50.20,50.30,48.27,48.31,4011400
COV,20080903,49.35,50.60,49.35,50.49,5070900
COV,20080902,49.51,50.71,49.07,49.34,4921700
COV,20080901,0.10,0.10,0.10,0.10,2000
COV,20080829,50.05,50.21,49.18,49.23,2727300
COV,20080828,50.04,50.62,49.91,50.30,2530000
COV,20080827,49.91,50.64,49.53,49.83,4263800
COV,20080826,49.19,49.83,48.95,49.72,3038300
COV,20080825,49.38,49.61,49.04,49.19,3110700
COV,20080822,49.22,49.64,49.15,49.47,2422400
COV,20080821,48.84,49.14,48.50,49.14,2603700
COV,20080820,48.81,49.05,48.44,48.92,1935800
COV,20080819,48.92,49.35,48.41,48.75,2233500
COV,20080818,49.07,49.49,48.90,49.03,2963800
COV,20080815,48.39,49.11,47.93,49.06,2960300
COV,20080814,47.93,48.87,47.67,48.29,3197700
COV,20080813,48.16,48.64,47.71,48.48,2468800
COV,20080812,48.05,48.56,48.03,48.16,2091900
COV,20080811,48.79,48.81,48.15,48.27,3396200
COV,20080808,47.20,49.17,46.89,48.95,5753300
COV,20080807,46.64,47.54,45.72,47.15,4331800
COV,20080806,47.66,47.80,46.29,46.82,5221800
COV,20080805,47.33,49.29,46.69,47.57,11281900
COV,20080804,44.95,45.89,44.71,45.43,3076100
COV,20080801,44.67,45.39,44.34,45.03,3323000
COV,20080731,45.11,45.36,44.69,44.83,2788700
COV,20080730,45.29,45.97,45.10,45.28,2880800
COV,20080729,44.84,45.29,44.62,45.14,1766400
COV,20080728,45.52,45.56,44.69,44.81,2015200
COV,20080725,45.42,45.90,45.32,45.49,1853100
COV,20080724,45.42,45.52,45.33,45.52,2284500
COV,20080723,46.41,46.57,45.29,45.49,2390300
COV,20080722,45.03,46.35,44.99,46.29,3533200
COV,20080721,44.80,45.15,44.40,44.96,2421400
COV,20080718,43.90,44.82,43.12,44.64,4608800
COV,20080717,44.16,44.27,43.56,43.95,6669200
COV,20080716,44.67,44.89,44.00,44.15,4411200
COV,20080715,43.84,44.83,43.50,44.62,6396000
COV,20080714,44.93,44.97,43.81,44.27,3593200
COV,20080711,44.18,44.82,43.87,44.49,5047000
COV,20080710,43.18,44.76,42.48,44.58,5880100
COV,20080709,43.67,43.95,43.27,43.95,5325100
COV,20080708,43.04,43.79,42.78,43.70,4700700
COV,20080707,43.71,44.20,42.93,43.27,2545800
COV,20080704,0.11,0.11,0.11,0.11,5000
COV,20080703,44.24,44.69,43.41,43.60,1543300
COV,20080702,44.43,44.61,43.95,44.27,2740200
COV,20080701,43.09,44.26,42.31,44.19,3680400
COV,20080630,43.12,44.10,42.47,43.60,2544500
COV,20080627,42.58,43.26,42.38,43.15,2827300
COV,20080626,42.90,43.25,42.57,43.25,2966500
COV,20080625,42.45,43.67,42.17,43.29,2211200
COV,20080624,42.43,42.67,41.64,42.35,2884300
COV,20080623,42.92,43.10,42.34,42.67,3611000
COV,20080620,42.86,44.39,42.39,42.82,4329900
COV,20080619,43.67,44.40,42.80,43.96,2483300
COV,20080618,44.36,44.51,43.18,43.60,2968800
COV,20080617,44.93,44.98,44.39,44.47,1491500
COV,20080616,44.48,45.15,44.25,44.89,1424100
COV,20080613,44.50,45.05,44.31,44.81,1952700
COV,20080612,43.38,44.60,43.12,44.43,2442300
COV,20080611,43.30,43.70,42.93,43.25,2389700
COV,20080610,43.49,43.88,43.49,43.88,3118600
COV,20080609,44.22,44.47,43.56,43.93,2153800
COV,20080606,45.23,45.34,44.17,44.22,2288200
COV,20080605,45.00,45.46,44.99,45.42,2855900
COV,20080604,45.03,45.59,44.60,45.05,2130400
COV,20080603,45.43,45.85,45.30,45.44,1888000
COV,20080602,45.41,45.98,45.12,45.46,2687600
COV,20080530,44.96,45.71,44.61,45.61,2360400
COV,20080529,44.18,45.21,42.95,44.91,1694800
COV,20080528,43.97,44.55,43.81,44.18,1979600
COV,20080527,43.57,44.20,43.12,43.94,2058500
COV,20080526,0.11,0.11,0.11,0.11,13200
COV,20080523,43.72,43.95,43.41,43.95,2513500
COV,20080522,44.25,44.55,43.68,43.99,2379000
COV,20080521,44.71,44.98,44.17,44.28,2088900
COV,20080520,44.80,45.28,44.21,44.61,2263600
COV,20080519,45.50,45.50,44.85,45.07,1876800
COV,20080516,45.57,45.71,45.07,45.39,4378800
COV,20080515,45.00,45.74,44.66,45.59,5816000
COV,20080514,44.33,45.06,43.52,44.94,5361300
COV,20080513,44.39,44.44,43.92,44.25,4325900
COV,20080512,44.35,44.58,43.98,44.16,2211800
COV,20080509,44.50,44.61,43.49,44.42,3951500
COV,20080508,44.74,45.09,44.27,44.99,2701700
COV,20080507,45.08,45.08,44.12,44.66,3405500
COV,20080506,43.25,44.67,43.25,44.60,4765000
COV,20080505,42.97,43.29,42.79,42.91,2286500
COV,20080502,43.40,43.54,42.95,43.23,2136700
COV,20080501,42.37,43.09,41.45,43.08,2405600
COV,20080430,42.68,43.04,42.35,42.51,2222100
COV,20080429,42.79,43.41,42.75,42.77,2667600
COV,20080428,42.98,43.28,42.67,42.85,2707300
COV,20080425,43.08,43.30,42.08,42.68,2437000
COV,20080424,43.65,43.84,42.71,42.96,5382600
COV,20080423,42.66,43.73,42.22,43.73,3259300
COV,20080422,42.48,42.57,41.32,42.57,3182900
COV,20080421,42.08,42.84,42.06,42.63,2913800
COV,20080418,41.56,42.50,41.06,42.39,2751300
COV,20080417,41.42,41.46,40.87,41.28,2061200
COV,20080416,40.76,41.43,40.53,41.34,2447500
COV,20080415,40.54,40.84,39.91,40.56,2906800
COV,20080414,40.88,41.28,40.70,40.88,1958000
COV,20080411,41.50,41.66,40.85,40.97,1820200
COV,20080410,41.79,41.99,41.41,41.91,1631000
COV,20080409,41.65,41.82,41.12,41.56,3095700
COV,20080408,41.60,41.96,41.43,41.87,2021100
COV,20080407,41.74,41.74,41.07,41.66,2045600
COV,20080404,40.88,41.86,40.79,41.54,2274600
COV,20080403,40.67,41.09,40.54,40.97,1979300
COV,20080402,40.57,41.43,40.57,41.07,2390000
COV,20080401,40.30,40.86,39.20,40.64,4040500
COV,20080331,39.96,40.48,39.96,40.29,3728300
COV,20080328,40.43,40.52,39.86,40.05,2380600
COV,20080327,39.72,40.49,39.72,40.05,2292700
COV,20080326,38.54,40.03,38.54,39.83,2110000
COV,20080325,38.81,38.85,38.47,38.79,2320500
COV,20080324,39.11,39.11,38.17,38.88,1833200
COV,20080320,39.38,39.52,38.83,39.02,2774600
COV,20080319,40.33,40.61,39.01,39.01,2368100
COV,20080318,38.83,40.21,38.83,40.21,2177600
COV,20080317,37.94,39.28,37.94,38.78,3098200
COV,20080314,39.71,39.71,38.05,38.60,2635800
COV,20080313,37.84,39.80,37.54,39.50,2700300
COV,20080312,38.97,39.15,37.94,38.65,2132300
COV,20080311,37.55,39.10,36.81,37.77,2207800
COV,20080310,37.47,38.01,36.72,36.83,3156900
COV,20080307,38.33,38.42,37.69,37.75,3307200
COV,20080306,38.85,39.06,38.27,38.61,2171100
COV,20080305,39.23,39.51,38.84,39.02,2109800
COV,20080304,38.69,39.41,38.69,39.29,2455400
COV,20080303,38.84,39.48,38.75,39.11,1457200
COV,20080229,38.77,39.36,38.68,38.96,1746200
COV,20080228,39.47,39.52,38.89,39.23,2603600
COV,20080227,39.92,40.19,39.62,39.68,1474400
COV,20080226,40.13,40.13,39.64,39.87,2269400
COV,20080225,39.65,40.29,39.56,40.24,2247100
COV,20080222,39.70,40.13,39.20,39.70,1680800
COV,20080221,39.52,40.10,39.52,39.68,2403800
COV,20080220,39.17,39.64,39.14,39.47,2383300
COV,20080219,39.73,39.73,39.19,39.36,1335500
COV,20080218,0.10,0.10,0.10,0.10,16000
COV,20080215,39.24,39.39,39.06,39.37,1656000
COV,20080214,39.77,39.86,39.13,39.24,2223200
COV,20080213,40.01,40.26,39.45,39.73,1943500
COV,20080212,38.91,39.78,38.70,39.78,3804700
COV,20080211,39.65,39.86,38.59,38.75,2250200
COV,20080208,40.03,40.34,39.20,39.65,4932500
COV,20080207,39.93,40.71,39.64,40.13,6669600
COV,20080206,39.06,39.98,39.02,39.02,3001400
COV,20080205,38.43,39.23,38.43,38.87,1364600
COV,20080204,39.53,40.13,39.28,39.29,1969400
COV,20080201,40.73,40.94,39.55,39.68,3171100
COV,20080131,38.06,41.01,38.06,40.64,5804800
COV,20080130,38.24,40.05,38.01,38.70,3560400
COV,20080129,39.05,39.31,38.41,38.69,3466900
COV,20080128,38.70,39.11,38.46,39.05,2687800
COV,20080125,38.72,38.96,37.47,38.70,5929900
COV,20080124,38.39,38.78,37.39,38.43,3835500
COV,20080123,38.24,38.39,37.39,38.24,4971400
COV,20080122,37.13,39.51,36.56,39.25,5030600
COV,20080118,41.65,41.88,39.14,39.50,6077100
COV,20080117,41.17,41.98,40.93,41.29,6308100
COV,20080116,40.64,41.18,40.53,41.03,6281400
COV,20080115,40.53,40.93,40.37,40.64,3740300
COV,20080114,40.90,41.19,40.81,41.02,3126000
COV,20080111,40.22,41.18,40.06,40.90,3620300
COV,20080110,40.41,41.28,40.33,40.67,6452000
COV,20080109,40.52,40.95,40.18,40.79,6125700
COV,20080108,40.19,40.81,40.09,40.57,6436300
COV,20080107,39.26,40.11,39.25,39.97,4204000
COV,20080104,38.69,39.59,38.50,39.05,2681700
COV,20080103,39.31,39.61,38.70,38.84,2757900
COV,20080102,40.33,40.33,39.15,39.31,4040500
COV,20071231,40.60,40.83,40.19,40.33,1133500
COV,20071228,40.99,40.99,40.49,40.76,907700
COV,20071227,40.79,41.00,40.43,40.74,1767600
COV,20071226,40.96,40.96,40.55,40.88,965000
COV,20071224,41.00,41.05,40.62,40.89,822500
COV,20071221,40.17,41.08,39.88,40.90,5583600
COV,20071220,39.82,40.22,39.40,39.78,2518600
COV,20071219,39.71,40.45,38.96,39.61,3184800
COV,20071218,39.21,39.82,38.26,39.59,3388100
COV,20071217,39.88,40.60,36.51,39.01,5255600
COV,20071214,39.42,40.51,39.42,39.97,4554200
COV,20071213,39.14,39.55,38.78,39.46,2288000
COV,20071212,37.89,39.69,37.89,39.42,3261500
COV,20071211,38.50,38.60,38.09,38.13,2490900
COV,20071210,38.52,38.81,38.15,38.52,2613500
COV,20071207,37.13,38.72,37.13,38.44,5557900
COV,20071206,35.65,37.59,35.49,37.14,5816900
COV,20071205,36.02,36.02,35.05,35.75,3424900
COV,20071204,36.27,36.72,35.74,35.76,1958300
COV,20071203,36.27,36.79,36.17,36.47,2534000
COV,20071130,35.92,36.89,35.25,36.52,3419700
COV,20071129,35.39,35.68,35.00,35.56,2192400
COV,20071128,35.26,36.00,35.09,35.57,2668400
COV,20071127,34.82,35.26,34.35,35.03,4482100
COV,20071126,34.85,35.34,34.53,34.60,2566700
COV,20071123,35.05,35.07,34.63,34.92,834100
COV,20071121,34.88,35.35,34.58,34.69,2461800
COV,20071120,35.71,35.89,34.70,35.25,2965400
COV,20071119,35.88,36.12,35.47,35.58,2531300
COV,20071116,35.71,36.16,35.30,36.04,2362700
COV,20071115,34.96,36.05,34.91,35.51,2205600
COV,20071114,35.88,35.88,35.04,35.17,2618400
COV,20071113,35.76,35.91,35.13,35.73,2682600
COV,20071112,35.77,36.07,35.54,35.54,1585100
COV,20071109,35.86,36.52,35.63,35.91,2073900
COV,20071108,36.01,36.62,35.85,36.41,2875400
COV,20071107,36.15,36.88,35.93,35.98,2661400
COV,20071106,36.65,37.41,36.29,36.68,1736400
COV,20071105,36.99,36.99,36.33,36.65,2092500
COV,20071102,37.34,37.74,36.75,37.01,2126900
COV,20071101,37.88,38.03,37.32,37.45,2838300
COV,20071031,37.72,38.05,37.34,37.88,2188000
COV,20071030,37.82,38.08,37.79,37.92,2687400
COV,20071029,37.33,38.41,37.33,38.00,2048200
COV,20071026,37.17,37.54,36.78,37.33,2209900
COV,20071025,36.77,37.18,36.57,36.89,4644800
COV,20071024,37.17,37.19,36.31,36.74,3074200
COV,20071023,37.04,37.32,36.79,37.12,1761400
COV,20071022,36.42,37.22,36.34,37.07,1641900
COV,20071019,37.15,37.15,36.42,36.42,3153400
COV,20071018,37.56,37.56,36.92,37.15,2210000
COV,20071017,37.69,37.84,37.24,37.62,2326800
COV,20071016,37.80,38.06,37.31,37.46,1503800
COV,20071015,37.79,38.01,37.41,37.78,2385900
COV,20071012,37.69,37.97,37.56,37.88,1488600
COV,20071011,38.08,38.14,37.46,37.79,2556900
COV,20071010,38.20,38.60,37.33,37.79,4487400
COV,20071009,37.86,38.13,37.77,38.07,1731000
COV,20071008,37.71,38.10,37.33,37.86,1426900
COV,20071005,37.56,37.89,37.39,37.50,2919000
COV,20071004,36.93,37.75,36.93,37.33,3255300
COV,20071003,37.23,37.45,37.23,37.45,2944100
COV,20071002,38.24,38.45,37.39,37.53,2372100
COV,20071001,37.79,39.02,37.79,38.38,2364900
COV,20070928,37.39,38.11,36.94,37.79,2015500
COV,20070927,37.69,37.84,36.89,37.54,2252400
COV,20070926,37.86,38.48,37.56,37.69,2245600
COV,20070925,38.03,38.10,37.39,37.75,1631900
COV,20070924,38.70,38.96,38.06,38.19,1772400
COV,20070921,39.01,39.24,38.53,38.70,2784200
COV,20070920,38.39,38.70,38.21,38.53,631800
COV,20070919,39.01,39.15,38.01,38.40,1710100
COV,20070918,38.02,38.97,37.66,38.85,3189400
COV,20070917,38.07,38.70,37.84,38.05,1250200
COV,20070914,38.01,38.49,38.01,38.30,1789800
COV,20070913,38.67,39.37,37.77,38.21,2793600
COV,20070912,38.12,38.37,37.83,38.29,3378100
COV,20070911,36.97,38.24,36.97,37.89,2427700
COV,20070910,36.15,37.13,36.04,37.06,1799300
COV,20070907,36.11,36.64,35.98,36.33,3067200
COV,20070906,35.60,36.87,35.60,36.43,2973100
COV,20070905,36.48,36.71,35.93,36.65,1709800
COV,20070904,36.38,36.66,36.16,36.66,3150300
COV,20070831,36.37,36.74,36.06,36.26,2004900
COV,20070830,36.19,36.91,35.91,36.37,2474200
COV,20070829,36.29,36.58,35.96,36.47,1729800
COV,20070828,36.47,36.79,36.26,36.37,1790300
COV,20070827,36.47,37.40,36.08,37.17,1708900
COV,20070824,36.04,36.69,35.65,36.63,2854200
COV,20070823,36.57,36.78,35.98,36.78,2933600
COV,20070822,35.04,36.40,34.84,36.31,3295100
COV,20070821,34.55,35.55,34.55,35.55,3142900
COV,20070820,35.06,35.06,34.38,34.62,3460500
COV,20070817,35.26,36.32,34.25,35.05,4867500
COV,20070816,34.42,34.96,33.60,34.58,4210100
COV,20070815,35.33,35.49,34.61,35.49,2331400
COV,20070814,36.42,36.49,35.54,36.49,2665700
COV,20070813,36.42,37.38,36.12,36.45,1974800
COV,20070810,35.75,36.66,35.24,36.47,1085800
COV,20070809,36.54,39.15,36.20,39.15,3866400
COV,20070808,38.03,38.50,36.79,37.46,2372000
COV,20070807,37.15,38.43,37.15,38.43,2468300
COV,20070806,40.13,40.13,37.33,37.81,2973200
COV,20070803,37.91,38.01,37.40,38.01,2095400
COV,20070802,36.51,38.20,36.41,38.01,2463400
COV,20070801,36.87,38.45,36.75,37.50,3459600
COV,20070731,38.07,38.15,36.69,37.28,1964600
COV,20070730,35.62,38.46,35.05,37.88,3812700
COV,20070727,36.97,37.51,35.66,35.78,6729400
COV,20070726,36.65,38.28,36.65,38.28,6311200
COV,20070725,38.38,38.99,37.71,37.82,2815600
COV,20070724,38.24,38.70,37.83,38.36,4753800
COV,20070723,38.70,38.79,38.42,38.50,2548600
COV,20070720,39.34,39.42,38.40,38.58,3626000
COV,20070719,39.79,39.89,39.33,39.38,2154200
COV,20070718,39.38,40.02,39.38,40.02,7018100
COV,20070717,40.33,40.97,39.96,40.06,2356900
COV,20070716,39.88,40.61,39.85,40.33,1329100
COV,20070713,40.15,40.43,39.71,40.06,2451300
COV,20070712,40.97,40.97,39.31,40.46,5163100
COV,20070711,39.74,40.43,39.74,40.43,3348400
COV,20070710,37.94,39.90,37.94,39.90,6821500
COV,20070709,38.51,39.31,38.50,39.29,6123000
COV,20070706,38.47,38.60,38.10,38.52,4469300
COV,20070705,39.17,39.56,38.38,38.42,6070700
COV,20070703,39.47,39.79,38.70,39.17,4228400
COV,20070702,39.97,40.06,39.52,40.06,4343500
COV,20070629,40.06,40.06,38.83,39.24,3209300
COV,20070628,40.15,40.15,38.56,39.61,975500
COV,20070627,39.15,39.15,38.24,39.15,363900
COV,20070626,38.74,38.74,38.24,38.47,173700
COV,20070625,38.92,39.38,37.97,38.38,855400
COV,20070622,39.80,39.80,38.70,38.94,832400
COV,20070621,40.06,40.06,39.16,39.42,1838100
COV,20070620,41.72,41.72,39.24,39.74,2502700
COV,20070619,42.34,42.34,41.65,41.72,1438200
COV,20070618,42.57,42.57,41.88,42.11,770200
COV,20070615,41.97,42.91,41.97,42.34,1315900
COV,20070614,45.25,45.25,41.88,41.88,1288400
