DFS,20150310,58.32,58.54,57.76,57.76,3650400
DFS,20150309,58.88,59.09,58.44,59.00,3676500
DFS,20150306,59.10,60.10,58.77,58.90,4202600
DFS,20150305,59.25,59.50,58.95,59.10,2713900
DFS,20150304,59.80,59.87,59.03,59.31,3452400
DFS,20150303,60.10,60.25,59.48,59.95,3609500
DFS,20150302,60.98,61.23,60.00,60.26,4492900
DFS,20150227,61.23,61.50,60.91,60.98,3209200
DFS,20150226,61.05,61.46,60.97,61.26,3660100
DFS,20150225,60.79,61.20,60.41,61.13,3210000
DFS,20150224,60.53,60.97,60.41,60.76,3054700
DFS,20150223,60.56,60.66,60.04,60.63,3452600
DFS,20150220,59.46,60.58,59.37,60.54,4558700
DFS,20150219,59.24,60.00,59.09,59.65,3011700
DFS,20150218,58.98,59.50,58.58,59.26,3876100
DFS,20150217,59.47,59.72,58.58,58.91,5674500
DFS,20150213,59.36,60.03,59.16,59.89,5201400
DFS,20150212,58.60,59.47,58.18,59.43,4871200
DFS,20150211,58.52,58.82,58.22,58.50,4638100
DFS,20150210,59.19,59.26,58.22,58.76,3386500
DFS,20150209,58.11,58.86,57.82,58.70,4078200
DFS,20150206,57.87,59.42,57.77,58.55,6968700
DFS,20150205,56.93,57.73,56.88,57.50,6071400
DFS,20150204,56.01,57.19,55.99,56.76,6332600
DFS,20150203,55.32,56.40,55.22,56.37,6600900
DFS,20150202,54.41,55.41,54.09,55.31,5047300
DFS,20150130,54.44,55.05,54.23,54.38,6967100
DFS,20150129,54.68,55.12,54.02,54.84,7319600
DFS,20150128,55.89,56.30,55.01,55.04,6460100
DFS,20150127,56.04,56.64,55.66,55.74,5257900
DFS,20150126,56.96,56.96,56.05,56.70,7049100
DFS,20150123,57.25,58.49,56.50,56.58,8161900
DFS,20150122,58.03,58.04,55.76,57.32,19602100
DFS,20150121,60.77,61.21,60.26,60.84,5609500
DFS,20150120,60.50,60.93,60.38,60.87,4149200
DFS,20150116,59.78,60.23,59.10,60.17,6404500
DFS,20150115,61.12,61.89,60.06,60.10,4487500
DFS,20150114,61.14,61.82,60.35,61.12,3776800
DFS,20150113,63.69,64.10,61.92,62.44,3651600
DFS,20150112,63.52,63.70,62.58,63.02,1731800
DFS,20150109,64.35,64.62,63.28,63.32,2585900
DFS,20150108,64.01,64.70,63.85,64.35,2046600
DFS,20150107,62.89,63.67,62.78,63.33,2382200
DFS,20150106,64.07,64.10,62.25,62.40,2944200
DFS,20150105,65.08,65.10,63.69,63.90,2175900
DFS,20150102,65.93,66.02,64.71,65.36,1648700
DFS,20141231,66.45,66.61,65.46,65.49,1505200
DFS,20141230,66.15,66.50,65.96,66.32,1162500
DFS,20141229,66.08,66.70,66.06,66.19,1164400
DFS,20141226,66.22,66.72,66.08,66.27,1122600
DFS,20141224,66.26,66.49,65.92,65.95,668000
DFS,20141223,66.33,66.58,66.03,66.17,1733900
DFS,20141222,65.11,65.67,64.65,65.66,3099500
DFS,20141219,65.31,65.69,64.69,65.09,4376700
DFS,20141218,63.36,65.06,63.23,65.01,5198000
DFS,20141217,60.58,62.50,60.44,62.42,3939700
DFS,20141216,60.75,61.40,60.15,60.42,4330400
DFS,20141215,62.05,62.40,60.81,61.23,3769700
DFS,20141212,62.79,63.22,61.79,61.81,2904900
DFS,20141211,63.28,64.09,63.06,63.22,3651600
DFS,20141210,64.59,64.80,63.04,63.14,4133900
DFS,20141209,64.20,64.86,64.09,64.66,2628600
DFS,20141208,64.85,65.44,64.62,64.94,3643800
DFS,20141205,65.13,65.60,64.71,64.85,3295200
DFS,20141204,65.16,65.27,64.71,64.96,1794000
DFS,20141203,65.33,65.70,64.92,65.18,1835700
DFS,20141202,65.11,65.50,65.01,65.41,1937600
DFS,20141201,65.54,65.62,65.04,65.25,1758900
DFS,20141128,64.93,65.64,64.89,65.55,1643600
DFS,20141126,65.46,65.54,64.72,64.97,2099700
DFS,20141125,65.34,65.60,65.17,65.34,1996400
DFS,20141124,64.48,65.34,64.48,65.16,2269800
DFS,20141121,64.80,65.14,64.20,64.31,2633500
DFS,20141120,64.01,64.64,63.75,64.18,3115100
DFS,20141119,64.97,64.97,64.10,64.40,2397700
DFS,20141118,65.15,65.50,64.96,64.98,2098600
DFS,20141117,64.67,65.31,64.46,65.24,2221900
DFS,20141114,64.97,65.35,64.85,64.98,1885600
DFS,20141113,65.46,66.06,64.74,65.24,3301800
DFS,20141112,66.00,66.30,65.72,66.01,1618900
DFS,20141111,66.45,66.75,66.17,66.38,1774700
DFS,20141110,66.03,66.34,65.82,66.34,1795500
DFS,20141107,65.66,66.10,65.51,66.03,1948600
DFS,20141106,65.03,65.73,64.73,65.69,2526300
DFS,20141105,64.69,64.98,64.19,64.83,3521800
DFS,20141104,63.58,64.36,63.44,64.20,3372900
DFS,20141103,63.95,64.25,63.68,63.75,2063600
DFS,20141031,63.77,63.92,63.07,63.78,4198400
DFS,20141030,63.27,63.48,62.58,62.84,3600600
DFS,20141029,63.09,63.52,62.54,62.96,2819200
DFS,20141028,62.72,63.23,62.37,63.12,2150500
DFS,20141027,62.30,62.42,61.93,62.24,2504900
DFS,20141024,61.99,62.41,61.79,62.34,2042500
DFS,20141023,61.91,62.27,61.65,61.89,3325100
DFS,20141022,61.28,62.44,60.69,61.01,7526300
DFS,20141021,63.18,64.61,63.03,64.38,2819300
DFS,20141020,62.45,62.85,62.32,62.70,2386800
DFS,20141017,62.51,63.22,62.00,62.45,3178400
DFS,20141016,61.02,62.23,60.44,61.82,2829800
DFS,20141015,61.54,62.45,60.41,62.07,3583900
DFS,20141014,62.03,63.11,62.03,62.67,2750600
DFS,20141013,62.96,63.06,61.85,61.92,2377200
DFS,20141010,63.56,64.14,62.82,62.82,1780100
DFS,20141009,64.81,64.96,63.47,63.51,2533000
DFS,20141008,63.61,64.87,63.07,64.83,2912700
DFS,20141007,64.46,64.47,63.48,63.48,1969500
DFS,20141006,65.40,65.53,64.59,64.93,1843900
DFS,20141003,64.24,64.96,64.24,64.83,1952100
DFS,20141002,63.47,64.03,62.80,63.68,2337700
DFS,20141001,64.26,64.39,63.43,63.53,2206200
DFS,20140930,64.32,64.67,64.09,64.39,2420800
DFS,20140929,64.03,64.60,63.73,64.45,2003700
DFS,20140926,63.74,65.16,63.73,64.97,2169300
DFS,20140925,64.73,64.75,63.65,63.65,1742400
DFS,20140924,64.39,64.95,64.26,64.87,1313600
DFS,20140923,65.10,65.11,64.38,64.38,1595000
DFS,20140922,65.02,65.47,64.91,65.17,1896500
DFS,20140919,65.89,65.98,65.22,65.30,3089700
DFS,20140918,65.15,65.92,65.07,65.59,2719000
DFS,20140917,63.54,65.80,63.49,64.66,5639000
DFS,20140916,62.73,63.66,62.53,63.42,1929400
DFS,20140915,62.54,62.88,62.30,62.78,1924200
DFS,20140912,62.74,62.79,62.21,62.43,2487500
DFS,20140911,62.58,63.00,62.54,62.74,1851400
DFS,20140910,63.00,63.53,62.93,62.99,1575800
DFS,20140909,63.40,63.92,62.90,62.94,1992300
DFS,20140908,63.53,63.96,63.24,63.54,1395600
DFS,20140905,63.44,63.79,63.21,63.76,1210500
DFS,20140904,63.72,64.04,63.28,63.41,1675800
DFS,20140903,63.79,63.85,63.28,63.60,1903900
DFS,20140902,62.84,63.67,62.75,63.47,2323100
DFS,20140829,62.66,62.86,62.28,62.37,2391100
DFS,20140828,62.31,62.61,62.13,62.41,958800
DFS,20140827,62.86,62.86,62.48,62.73,1586200
DFS,20140826,62.72,62.82,62.51,62.60,1168600
DFS,20140825,62.45,63.16,62.37,62.66,1377200
DFS,20140822,62.34,62.70,61.98,62.03,1498400
DFS,20140821,62.25,62.60,61.91,62.44,1818200
DFS,20140820,61.27,62.25,61.14,62.12,2320200
DFS,20140819,61.12,61.35,61.07,61.24,1176100
DFS,20140818,60.87,61.09,60.64,61.06,1585800
DFS,20140815,60.99,61.18,60.13,60.37,2423400
DFS,20140814,61.02,61.30,60.62,60.81,1925400
DFS,20140813,60.94,61.19,60.79,61.09,1765300
DFS,20140812,60.20,60.63,60.11,60.57,2285800
DFS,20140811,60.34,60.70,60.18,60.29,1735700
DFS,20140808,59.35,60.08,59.08,60.05,1659200
DFS,20140807,59.93,60.02,59.00,59.15,2852800
DFS,20140806,59.22,59.92,59.18,59.82,2660400
DFS,20140805,59.93,60.19,59.43,59.59,2876600
DFS,20140804,60.35,60.58,60.12,60.46,2145100
DFS,20140801,60.79,60.89,59.96,60.12,3455500
DFS,20140731,62.11,62.24,61.04,61.06,2635700
DFS,20140730,62.73,62.83,61.73,62.55,3269200
DFS,20140729,62.82,62.99,62.34,62.34,2254000
DFS,20140728,62.72,62.91,62.23,62.79,2337000
DFS,20140725,62.83,63.00,62.50,62.61,2456700
DFS,20140724,63.09,63.34,62.71,63.26,2957600
DFS,20140723,63.71,63.82,62.66,62.89,3454300
DFS,20140722,63.77,64.27,63.74,64.06,2690200
DFS,20140721,63.55,63.60,63.15,63.30,1708500
DFS,20140718,64.25,64.25,63.46,63.81,2338900
DFS,20140717,63.74,64.44,63.69,63.92,3778500
DFS,20140716,63.59,64.11,63.33,64.02,2788100
DFS,20140715,62.78,63.57,62.75,63.43,2791100
DFS,20140714,63.17,63.20,62.38,62.68,2455600
DFS,20140711,62.48,62.73,62.06,62.56,1790500
DFS,20140710,62.53,63.19,62.25,62.66,2251400
DFS,20140709,62.41,63.10,62.40,63.02,2000200
DFS,20140708,62.74,62.92,62.04,62.21,2270700
DFS,20140707,62.74,63.22,62.67,63.08,1834100
DFS,20140703,63.12,63.48,63.12,63.25,1120600
DFS,20140702,62.61,62.98,62.60,62.83,1942000
DFS,20140701,62.36,63.33,62.32,62.89,2678500
DFS,20140630,61.79,62.28,61.73,61.98,1947400
DFS,20140627,61.62,62.10,61.50,61.98,2439500
DFS,20140626,61.66,61.86,61.10,61.77,1841800
DFS,20140625,61.43,61.90,61.15,61.76,2056900
DFS,20140624,62.04,62.31,61.52,61.56,1924200
DFS,20140623,62.35,62.41,62.00,62.17,1642800
DFS,20140620,62.29,62.62,62.21,62.44,3458700
DFS,20140619,61.70,62.15,61.63,61.95,1842900
DFS,20140618,61.45,62.06,61.09,62.00,1984000
DFS,20140617,61.14,61.76,60.90,61.61,2003700
DFS,20140616,60.76,61.36,60.40,61.15,2156600
DFS,20140613,61.44,61.49,60.71,61.02,1911300
DFS,20140612,61.39,61.60,61.02,61.27,1528600
DFS,20140611,61.47,61.84,61.17,61.43,2254200
DFS,20140610,61.78,61.97,61.32,61.83,1854600
DFS,20140609,61.63,62.28,61.60,61.76,3380600
DFS,20140606,60.27,61.77,60.10,61.74,2849600
DFS,20140605,59.97,60.28,59.33,59.99,2306700
DFS,20140604,59.26,59.83,59.26,59.81,1745100
DFS,20140603,59.22,59.64,59.06,59.52,2887100
DFS,20140602,59.13,59.59,59.06,59.57,1889400
DFS,20140530,58.62,59.24,58.61,59.13,2478300
DFS,20140529,59.00,59.00,58.35,58.68,1672400
DFS,20140528,58.14,58.90,58.01,58.72,2460200
DFS,20140527,57.48,58.18,57.40,58.08,1538400
DFS,20140523,57.22,57.35,56.99,57.28,1001000
DFS,20140522,56.76,57.21,56.61,57.05,1453300
DFS,20140521,56.68,56.98,56.45,56.82,1187600
DFS,20140520,56.80,56.83,56.05,56.37,1570400
DFS,20140519,56.39,56.89,56.25,56.84,1319200
DFS,20140516,56.46,56.51,55.83,56.42,1846400
DFS,20140515,56.69,56.77,55.94,56.58,2126000
DFS,20140514,57.37,57.56,56.82,56.89,1909700
DFS,20140513,58.24,58.37,56.43,57.52,2308400
DFS,20140512,57.85,58.48,57.83,58.28,1768400
DFS,20140509,57.48,57.74,56.93,57.54,2104200
DFS,20140508,56.63,57.76,56.51,57.55,3294000
DFS,20140507,55.80,56.77,55.78,56.73,2353200
DFS,20140506,56.00,56.26,55.60,55.62,1955200
DFS,20140505,56.19,56.57,55.85,56.40,2110900
DFS,20140502,56.16,56.79,56.10,56.49,3274200
DFS,20140501,55.76,56.08,55.32,56.02,3234700
DFS,20140430,55.67,56.05,55.36,55.90,2798700
DFS,20140429,55.81,56.09,55.50,55.74,3195300
DFS,20140428,55.88,56.11,54.92,55.59,4138100
DFS,20140425,56.19,56.21,55.10,55.53,3407700
DFS,20140424,56.62,56.82,55.80,56.25,3520700
DFS,20140423,55.66,56.84,55.66,56.28,3565100
DFS,20140422,56.77,56.86,56.49,56.67,3774400
DFS,20140421,56.73,57.18,56.72,56.77,2991500
DFS,20140417,56.66,57.12,56.18,56.86,3527100
DFS,20140416,56.00,56.52,55.77,56.52,2198400
DFS,20140415,55.45,56.04,54.51,55.50,3189300
DFS,20140414,55.74,55.92,54.67,55.28,3737100
DFS,20140411,55.17,55.98,54.35,55.15,2834000
DFS,20140410,57.28,57.33,55.65,55.71,2919900
DFS,20140409,56.67,57.27,56.22,57.22,2688700
DFS,20140408,56.53,56.66,55.77,56.45,4976500
DFS,20140407,58.26,58.31,56.68,56.70,4304900
DFS,20140404,59.72,59.74,58.34,58.39,3559800
DFS,20140403,59.25,59.53,58.81,59.45,2655100
DFS,20140402,59.04,59.30,58.76,59.18,2551600
DFS,20140401,58.34,59.15,58.23,59.08,2891400
DFS,20140331,57.94,58.58,57.90,58.19,2319400
DFS,20140328,57.19,57.85,56.89,57.51,1793200
DFS,20140327,56.52,57.20,56.31,57.08,2456400
DFS,20140326,57.68,57.79,56.69,56.71,2750600
DFS,20140325,58.07,58.30,57.39,57.43,2652200
DFS,20140324,58.01,58.25,57.50,57.84,3800600
DFS,20140321,59.49,60.00,57.50,57.76,8520100
DFS,20140320,57.55,58.74,57.25,58.72,2915300
DFS,20140319,57.32,57.97,57.00,57.67,3350200
DFS,20140318,57.77,58.02,57.08,57.18,2960700
DFS,20140317,57.38,58.06,57.24,57.68,2933600
DFS,20140314,57.08,57.76,56.66,57.17,2303300
DFS,20140313,58.78,58.83,57.16,57.28,3430000
DFS,20140312,58.43,58.79,58.17,58.60,2180600
DFS,20140311,59.47,59.47,58.42,58.60,2736100
DFS,20140310,59.14,59.51,58.79,59.41,2285900
DFS,20140307,59.08,59.70,58.80,59.28,3033500
DFS,20140306,58.44,59.06,58.39,58.77,2291800
DFS,20140305,58.07,58.52,57.77,58.34,2246400
DFS,20140304,57.76,58.23,57.59,58.14,2943800
DFS,20140303,56.96,57.37,56.66,57.05,3102700
DFS,20140228,56.60,57.93,56.50,57.38,3874000
DFS,20140227,56.80,57.13,56.32,56.48,3536500
DFS,20140226,57.29,57.57,56.45,56.78,3654700
DFS,20140225,57.30,57.47,56.62,56.96,3476200
DFS,20140224,57.91,57.91,56.95,57.44,2786300
DFS,20140221,57.14,57.47,56.63,56.71,2624100
DFS,20140220,56.82,57.54,56.49,57.07,2620600
DFS,20140219,57.25,57.82,56.79,56.85,2576600
DFS,20140218,57.00,57.63,56.74,57.56,2728100
DFS,20140214,57.13,57.21,56.54,56.92,3170500
DFS,20140213,55.40,56.20,55.13,56.17,2282600
DFS,20140212,55.70,55.92,55.55,55.78,2612400
DFS,20140211,55.54,55.94,55.39,55.68,3451900
DFS,20140210,55.20,55.80,54.89,55.63,2410300
DFS,20140207,54.19,55.33,54.13,55.25,4011700
DFS,20140206,53.06,53.99,52.77,53.97,3245500
DFS,20140205,52.06,52.86,51.63,52.73,2997600
DFS,20140204,52.25,52.53,51.88,52.24,3466700
DFS,20140203,53.66,53.73,52.16,52.21,4658600
DFS,20140131,53.77,54.44,53.60,53.65,3233400
DFS,20140130,54.44,54.80,53.88,54.78,3250800
DFS,20140129,54.75,55.08,53.78,53.98,3837200
DFS,20140128,54.20,55.34,53.88,55.29,5231500
DFS,20140127,54.05,54.50,53.29,53.31,5278600
DFS,20140124,54.75,55.50,53.75,53.88,8977700
DFS,20140123,53.22,53.42,51.78,52.40,5046000
DFS,20140122,53.48,53.85,53.29,53.66,3007800
DFS,20140121,53.89,54.05,53.18,53.29,4044400
DFS,20140117,54.40,54.40,53.04,53.41,4672500
DFS,20140116,54.75,54.96,54.11,54.27,1814900
DFS,20140115,55.08,55.13,54.55,54.85,2553900
DFS,20140114,53.94,54.81,53.46,54.78,2600600
DFS,20140113,55.35,55.52,53.53,53.66,3339800
DFS,20140110,55.18,55.55,55.13,55.41,2393500
DFS,20140109,55.03,55.17,54.72,55.12,2280800
DFS,20140108,54.95,55.23,54.67,54.76,2459700
DFS,20140107,54.68,55.04,54.41,54.73,3311800
DFS,20140106,55.12,55.48,54.35,54.36,2169200
DFS,20140103,55.34,55.56,54.97,55.07,1972000
DFS,20140102,55.79,56.00,55.14,55.36,2756600
DFS,20131231,55.15,56.20,55.15,55.95,2405000
DFS,20131230,54.60,55.12,54.60,55.07,1683700
DFS,20131227,54.58,54.72,54.27,54.50,1072100
DFS,20131226,54.63,54.91,54.37,54.60,2038300
DFS,20131224,54.04,54.46,54.01,54.36,1152900
DFS,20131223,54.33,54.33,53.78,54.02,1648300
DFS,20131220,53.94,54.11,53.68,54.00,4133100
DFS,20131219,54.28,54.45,53.70,53.90,2045500
DFS,20131218,53.55,54.53,52.61,54.45,3576500
DFS,20131217,53.87,53.90,53.07,53.35,2562100
DFS,20131216,54.22,54.22,53.13,53.72,2557500
DFS,20131213,52.93,53.37,52.62,53.02,2671800
DFS,20131212,52.79,53.05,52.25,52.59,2729900
DFS,20131211,52.55,53.46,52.55,52.68,4144200
DFS,20131210,53.35,53.46,52.93,53.21,2412800
DFS,20131209,52.91,53.58,52.88,53.47,2783300
DFS,20131206,52.47,53.00,52.42,52.77,2229200
DFS,20131205,52.05,52.29,51.78,51.92,2709500
DFS,20131204,51.51,52.32,51.25,52.11,2793600
DFS,20131203,51.97,52.63,51.62,51.81,3360600
DFS,20131202,53.49,53.76,52.75,52.89,2530300
DFS,20131129,53.38,53.70,53.17,53.30,1127700
DFS,20131127,53.26,53.40,52.80,53.27,1856900
DFS,20131126,53.33,53.44,52.85,53.04,2815100
DFS,20131125,52.64,53.38,52.50,53.22,2646700
DFS,20131122,52.39,52.50,52.02,52.40,1913900
DFS,20131121,51.70,52.23,51.33,52.21,2479500
DFS,20131120,51.90,52.09,51.42,51.50,1519700
DFS,20131119,51.84,52.23,51.56,51.69,2335100
DFS,20131118,52.49,52.68,51.75,51.93,2456900
DFS,20131115,51.85,52.40,51.75,52.39,3030800
DFS,20131114,51.00,51.75,50.96,51.72,2611000
DFS,20131113,50.63,50.98,50.22,50.92,6352700
DFS,20131112,51.84,51.98,50.74,50.92,6580400
DFS,20131111,52.35,52.47,51.91,52.12,2726200
DFS,20131108,52.16,52.32,51.68,52.26,3556900
DFS,20131107,52.76,52.92,52.04,52.04,3673200
DFS,20131106,52.27,52.74,52.05,52.64,3167300
DFS,20131105,51.97,52.32,51.46,51.92,2420900
DFS,20131104,52.83,52.94,52.27,52.42,2173600
DFS,20131101,51.87,52.21,51.84,52.00,2260800
DFS,20131031,52.43,52.49,51.76,51.88,2715200
DFS,20131030,52.74,53.13,52.31,52.46,2973300
DFS,20131029,51.85,52.91,51.79,52.54,4463800
DFS,20131028,51.01,51.95,50.66,51.70,3181500
DFS,20131025,51.53,51.66,50.93,51.00,4253000
DFS,20131024,51.54,51.89,51.38,51.44,3500000
DFS,20131023,51.77,51.96,51.05,51.29,3438500
DFS,20131022,52.50,53.92,51.46,51.80,8052900
DFS,20131021,54.28,54.45,53.47,53.74,3333200
DFS,20131018,54.09,54.39,53.34,53.95,3548700
DFS,20131017,52.59,53.77,52.59,53.72,2414100
DFS,20131016,52.25,52.87,51.88,52.81,2876700
DFS,20131015,52.76,52.81,51.64,51.85,2988600
DFS,20131014,51.58,52.93,51.52,52.83,3257400
DFS,20131011,51.20,51.97,51.10,51.78,2681100
DFS,20131010,50.02,51.22,49.98,51.19,3726300
DFS,20131009,48.94,49.20,48.40,48.93,3766700
DFS,20131008,49.87,49.87,48.68,48.74,2986800
DFS,20131007,50.02,50.12,49.68,49.68,1762100
DFS,20131004,50.22,50.64,49.75,50.57,2030600
DFS,20131003,50.50,50.61,49.60,50.26,3108800
DFS,20131002,50.97,51.02,50.44,50.70,2675600
DFS,20131001,50.55,51.24,50.42,51.23,2098500
DFS,20130930,50.51,50.63,50.14,50.54,3263800
DFS,20130927,51.18,51.50,50.92,51.29,1536700
DFS,20130926,50.89,51.80,50.81,51.47,2790500
DFS,20130925,50.90,51.42,50.51,50.83,2586900
DFS,20130924,51.10,51.42,50.49,50.80,3832700
DFS,20130923,51.90,51.96,50.99,51.01,3537400
DFS,20130920,52.69,52.80,51.89,52.12,4269400
DFS,20130919,53.34,53.36,52.61,52.67,2940600
DFS,20130918,52.63,53.18,52.06,52.82,5036300
DFS,20130917,51.94,52.62,51.70,52.59,3542100
DFS,20130916,51.72,52.05,51.42,51.88,3594000
DFS,20130913,50.99,51.04,50.55,50.98,2136500
DFS,20130912,50.58,51.06,50.53,50.85,2905500
DFS,20130911,50.09,50.62,49.58,50.59,3264800
DFS,20130910,49.65,50.24,49.58,50.14,2658100
DFS,20130909,48.73,49.23,48.68,49.17,1817200
DFS,20130906,48.74,48.91,47.71,48.59,2515400
DFS,20130905,48.35,48.92,48.21,48.62,1952600
DFS,20130904,47.82,48.68,47.69,48.33,3090600
DFS,20130903,47.77,48.29,47.49,47.76,1971300
DFS,20130830,47.74,47.75,47.04,47.25,2032600
DFS,20130829,47.14,48.14,47.11,47.59,2467100
DFS,20130828,47.03,47.55,46.93,47.36,2434600
DFS,20130827,48.61,48.82,47.15,47.21,4034500
DFS,20130826,49.53,49.78,49.04,49.19,2329000
DFS,20130823,49.11,49.60,48.70,49.54,1936700
DFS,20130822,48.72,49.20,48.71,49.01,1938400
DFS,20130821,49.19,49.32,48.54,48.71,2255900
DFS,20130820,48.73,49.67,48.51,49.42,2154300
DFS,20130819,49.78,49.88,48.68,48.69,2476000
DFS,20130816,49.45,49.90,49.45,49.78,2773500
DFS,20130815,49.96,50.12,49.37,49.58,3031100
DFS,20130814,50.55,50.84,49.99,50.33,2279900
DFS,20130813,50.37,50.88,50.04,50.65,1432700
DFS,20130812,50.03,50.63,49.87,50.29,1523800
DFS,20130809,50.75,51.18,50.16,50.18,2260300
DFS,20130808,50.74,51.00,50.39,50.88,1987800
DFS,20130807,50.60,50.71,50.18,50.37,2401200
DFS,20130806,50.85,51.06,50.51,50.81,2075300
DFS,20130805,51.05,51.15,50.81,50.93,1379900
DFS,20130802,51.04,51.16,50.66,51.13,2397600
DFS,20130801,49.96,51.14,49.96,51.03,3103900
DFS,20130731,50.11,50.49,49.29,49.51,4004900
DFS,20130730,49.92,50.34,49.78,50.14,2700300
DFS,20130729,49.27,49.79,48.93,49.61,3001500
DFS,20130726,50.19,50.19,49.01,49.45,5115000
DFS,20130725,50.27,50.44,50.07,50.36,2404900
DFS,20130724,50.67,51.70,49.85,50.43,4335700
DFS,20130723,50.96,51.12,50.15,50.71,3494300
DFS,20130722,50.65,51.02,50.53,50.88,2131700
DFS,20130719,50.79,51.02,50.35,50.62,2679400
DFS,20130718,50.36,50.88,50.14,50.58,3094100
DFS,20130717,49.84,50.42,49.20,50.20,4899100
DFS,20130716,49.89,50.04,49.20,49.64,3760000
DFS,20130715,51.25,51.25,50.09,50.28,2722000
DFS,20130712,50.41,50.92,50.23,50.89,2496700
DFS,20130711,50.40,50.50,50.11,50.35,2616600
DFS,20130710,50.21,50.28,49.49,49.74,3922200
DFS,20130709,50.63,50.73,50.13,50.28,2786700
DFS,20130708,50.39,50.74,50.05,50.14,3660800
DFS,20130705,48.72,50.03,48.59,49.99,3294000
DFS,20130703,47.81,48.64,47.68,48.34,1633300
DFS,20130702,48.52,49.05,47.70,48.03,3491200
DFS,20130701,48.01,48.90,47.95,48.58,3793100
DFS,20130628,47.35,48.00,46.93,47.64,3636100
DFS,20130627,47.24,47.58,46.90,47.46,3228800
DFS,20130626,46.61,47.05,46.32,46.89,2790400
DFS,20130625,45.78,46.43,45.72,46.22,2938400
DFS,20130624,45.73,45.85,45.08,45.33,3702800
DFS,20130621,47.10,47.18,45.95,46.39,5142300
DFS,20130620,47.43,47.67,46.68,46.76,4056300
DFS,20130619,47.76,48.39,47.71,47.73,3950700
DFS,20130618,47.34,48.06,47.34,47.89,2577500
DFS,20130617,47.66,48.19,47.25,47.40,3620900
DFS,20130614,48.02,48.13,46.97,47.34,3007900
DFS,20130613,47.69,48.20,47.25,48.10,2267700
DFS,20130612,48.61,48.86,47.37,47.47,2888300
DFS,20130611,48.80,49.00,48.17,48.26,3204900
DFS,20130610,48.87,49.38,48.47,49.14,4600400
DFS,20130607,49.10,49.38,48.53,48.66,6219800
DFS,20130606,47.50,48.70,47.35,48.67,4214200
DFS,20130605,48.18,48.55,47.42,47.56,4160800
DFS,20130604,48.32,48.77,47.80,48.31,4153500
DFS,20130603,47.75,48.35,47.34,48.32,4072600
DFS,20130531,47.98,48.26,47.41,47.41,4022100
DFS,20130530,47.51,48.53,47.50,48.14,2552300
DFS,20130529,47.34,47.77,47.05,47.49,4130700
DFS,20130528,48.23,48.63,47.50,47.67,4103300
DFS,20130524,47.28,47.88,47.09,47.68,2421500
DFS,20130523,47.21,48.25,46.92,47.64,4732700
DFS,20130522,48.97,49.71,47.76,47.91,6608600
DFS,20130521,48.36,49.25,48.33,48.86,4989800
DFS,20130520,47.74,48.90,47.70,48.19,4588000
DFS,20130517,46.53,47.74,46.47,47.70,3242900
DFS,20130516,47.13,47.24,46.41,46.48,3889700
DFS,20130515,46.50,47.57,46.44,47.25,4046800
DFS,20130514,45.27,46.62,45.27,46.58,4521700
DFS,20130513,45.45,45.48,44.95,45.21,2957300
DFS,20130510,45.59,45.78,45.35,45.59,2689600
DFS,20130509,46.06,46.08,45.39,45.54,4157200
DFS,20130508,45.98,46.11,45.67,46.06,3091300
DFS,20130507,46.31,46.36,45.81,45.97,3379100
DFS,20130506,45.96,46.37,45.70,46.31,4284000
DFS,20130503,45.31,46.06,45.30,45.93,5457300
DFS,20130502,43.97,44.97,43.73,44.92,4193700
DFS,20130501,43.68,44.19,43.67,43.85,3768000
DFS,20130430,43.94,44.15,43.71,43.74,4837300
DFS,20130429,44.18,44.19,43.76,43.98,2798000
DFS,20130426,44.29,44.50,43.65,43.92,3621200
DFS,20130425,44.23,44.67,43.95,44.28,6605100
DFS,20130424,44.13,44.47,43.84,44.15,5131500
DFS,20130423,45.08,45.61,43.53,44.33,9149800
DFS,20130422,43.37,43.68,42.74,43.61,5597100
DFS,20130419,42.84,43.39,42.79,43.34,4769500
DFS,20130418,42.57,43.03,42.16,42.55,4366900
DFS,20130417,42.75,42.82,42.12,42.50,4823300
DFS,20130416,42.56,43.09,42.51,43.01,5152700
DFS,20130415,43.18,43.38,42.12,42.25,6380000
DFS,20130412,42.66,43.40,42.58,43.31,8565900
DFS,20130411,42.94,43.25,42.31,42.96,8510300
DFS,20130410,43.29,43.88,42.71,42.97,6121500
DFS,20130409,43.70,43.78,43.27,43.30,3872700
DFS,20130408,43.01,43.71,42.84,43.71,3655100
DFS,20130405,42.71,43.16,42.32,43.07,4452400
DFS,20130404,43.46,43.76,42.83,43.24,4400200
DFS,20130403,44.62,44.87,43.34,43.42,3981900
DFS,20130402,44.19,44.80,44.10,44.68,4118800
DFS,20130401,44.72,44.95,43.85,44.03,3514200
DFS,20130328,45.10,45.15,44.59,44.84,3110900
DFS,20130327,44.71,45.09,44.49,44.98,4334400
DFS,20130326,45.23,45.26,44.74,45.02,4865300
DFS,20130325,45.36,45.38,44.50,44.87,4418100
DFS,20130322,44.52,45.13,44.50,45.00,3804600
DFS,20130321,44.66,44.98,44.35,44.46,5722600
DFS,20130320,44.45,45.00,44.35,44.96,5222500
DFS,20130319,44.92,45.00,43.53,44.24,8245600
DFS,20130318,43.75,44.43,43.57,44.24,5558400
DFS,20130315,43.50,44.23,43.15,44.14,9849900
DFS,20130314,43.31,43.33,42.75,42.85,6030700
DFS,20130313,42.76,43.52,42.47,43.06,6228500
DFS,20130312,41.76,42.50,41.71,42.13,6050300
DFS,20130311,41.29,42.16,41.29,41.84,4911600
DFS,20130308,41.77,41.80,40.77,41.37,3817400
DFS,20130307,41.43,41.64,41.25,41.57,4349800
DFS,20130306,41.12,41.63,41.12,41.29,6187000
DFS,20130305,40.15,40.81,40.11,40.58,4996300
DFS,20130304,38.93,39.78,38.89,39.76,3637000
DFS,20130301,38.32,39.16,37.89,39.08,5413700
DFS,20130228,38.34,38.82,38.23,38.53,6007200
DFS,20130227,37.81,38.55,37.60,38.40,4723900
DFS,20130226,38.08,38.17,37.24,37.80,6108300
DFS,20130225,39.05,39.20,37.91,37.94,4481900
DFS,20130222,38.57,38.96,38.45,38.89,2966400
DFS,20130221,38.78,38.79,38.04,38.33,6532800
DFS,20130220,39.42,39.57,38.89,38.93,3690200
DFS,20130219,39.22,39.59,39.20,39.53,4758800
DFS,20130215,39.63,39.82,38.97,39.15,3924100
DFS,20130214,39.05,39.57,38.90,39.52,3935100
DFS,20130213,39.46,39.68,39.11,39.22,3942400
DFS,20130212,39.99,40.17,39.46,39.48,5216200
DFS,20130211,39.78,40.29,39.68,40.03,3730000
DFS,20130208,39.91,40.35,39.69,39.88,5287900
DFS,20130207,39.48,39.73,38.72,39.35,3531200
DFS,20130206,39.08,39.49,39.04,39.33,3411800
DFS,20130205,38.73,39.42,38.64,39.28,4248000
DFS,20130204,38.46,38.88,38.25,38.58,5836100
DFS,20130201,38.66,39.16,38.43,38.80,7068600
DFS,20130131,38.13,38.84,37.49,38.39,12109600
DFS,20130130,38.11,38.22,37.62,38.08,7111100
DFS,20130129,37.90,38.16,37.62,38.11,7534600
DFS,20130128,39.07,39.08,38.03,38.06,7236500
DFS,20130125,39.22,39.32,38.91,39.09,2882500
DFS,20130124,38.85,39.25,38.73,39.14,4326000
DFS,20130123,38.87,39.23,38.74,38.81,4785200
DFS,20130122,38.49,38.91,38.00,38.89,6241900
DFS,20130118,38.96,38.96,38.30,38.55,10339600
DFS,20130117,39.35,39.54,39.00,39.29,3089300
DFS,20130116,39.25,39.49,39.00,39.13,4576000
DFS,20130115,39.40,39.66,39.05,39.34,6245400
DFS,20130114,40.40,40.44,39.60,39.73,3516100
DFS,20130111,40.32,40.63,40.24,40.39,2799800
DFS,20130110,40.15,40.60,40.05,40.48,5816700
DFS,20130109,40.12,40.35,39.73,39.85,3547100
DFS,20130108,39.34,40.09,39.31,40.09,4370100
DFS,20130107,39.80,39.91,39.23,39.42,4672400
DFS,20130104,39.59,40.05,39.34,40.04,4004000
DFS,20130103,39.60,39.96,39.40,39.40,5514100
DFS,20130102,39.39,39.69,39.01,39.53,4693300
DFS,20121231,37.52,38.57,37.46,38.55,4339000
DFS,20121228,38.11,38.34,37.84,37.99,4202000
DFS,20121227,38.33,38.39,37.36,37.96,4636200
DFS,20121226,38.58,38.93,38.14,38.34,4536500
DFS,20121224,38.55,38.99,38.46,38.51,2182800
DFS,20121221,38.11,39.43,37.82,38.50,10316300
DFS,20121220,38.55,38.98,37.57,38.41,16827700
DFS,20121219,40.70,40.70,39.65,39.77,6881300
DFS,20121218,40.80,40.88,39.60,40.53,8984300
DFS,20121217,39.65,40.76,39.65,40.18,6641500
DFS,20121214,40.28,40.38,39.40,39.54,5091000
DFS,20121213,41.00,41.00,40.09,40.38,3242600
DFS,20121212,40.62,41.22,40.36,41.00,3962400
DFS,20121211,40.98,40.98,40.16,40.37,4926400
DFS,20121210,40.91,41.11,40.47,40.78,2980300
DFS,20121207,40.86,41.31,40.82,41.15,3371400
DFS,20121206,40.87,40.91,40.11,40.56,4292200
DFS,20121205,41.15,41.27,40.55,40.87,3269600
DFS,20121204,41.21,41.34,40.90,41.00,3530100
DFS,20121203,41.81,42.08,41.21,41.23,3623400
DFS,20121130,41.53,41.79,41.39,41.61,5116800
DFS,20121129,41.39,41.87,41.19,41.54,2829200
DFS,20121128,40.30,41.28,40.30,41.25,2258800
DFS,20121127,41.24,41.40,40.55,40.59,3775200
DFS,20121126,41.30,41.42,41.00,41.34,2634300
DFS,20121123,41.38,41.49,41.20,41.46,1364500
DFS,20121121,41.47,41.50,40.62,41.13,3128500
DFS,20121120,40.81,41.51,40.59,41.29,4418500
DFS,20121119,39.93,40.83,39.93,40.81,4127600
DFS,20121116,38.38,39.60,38.38,39.46,6195500
DFS,20121115,39.95,40.07,37.90,38.34,12988900
DFS,20121114,41.28,41.53,39.87,39.98,6308300
DFS,20121113,40.79,41.70,40.68,41.18,3605600
DFS,20121112,41.20,41.43,40.99,41.16,2738000
DFS,20121109,40.56,41.41,40.50,41.08,4430900
DFS,20121108,40.71,41.23,40.56,40.76,5004300
DFS,20121107,41.03,41.40,40.58,40.60,5776200
DFS,20121106,40.38,41.81,40.35,41.42,4300400
DFS,20121105,40.74,40.91,39.96,40.26,5088900
DFS,20121102,41.64,41.77,40.95,40.98,3930300
DFS,20121101,41.07,41.39,40.82,41.32,4305900
DFS,20121031,40.32,41.02,40.12,41.00,3845800
DFS,20121026,39.85,40.54,39.85,40.25,4086000
DFS,20121025,40.18,40.32,39.69,39.85,2743600
DFS,20121024,39.71,40.29,39.71,39.83,3493000
DFS,20121023,39.32,39.84,39.19,39.60,3240600
DFS,20121022,39.64,40.00,39.40,39.95,3949800
DFS,20121019,40.26,40.46,39.36,39.62,4664200
DFS,20121018,40.72,40.83,40.00,40.43,3386800
DFS,20121017,40.34,40.86,40.33,40.80,4469600
DFS,20121016,39.59,40.18,39.59,40.05,3892200
DFS,20121015,39.00,39.62,38.75,39.39,3306700
DFS,20121012,39.55,39.62,38.66,38.79,3391400
DFS,20121011,39.81,40.07,39.59,39.59,2605500
DFS,20121010,40.00,40.08,39.07,39.44,4110900
DFS,20121009,40.17,40.50,39.68,39.77,3700700
DFS,20121008,40.17,40.45,40.00,40.29,3315400
DFS,20121005,40.71,40.81,40.21,40.39,2900000
DFS,20121004,39.97,40.60,39.91,40.41,3379000
DFS,20121003,39.27,39.70,39.19,39.70,3775600
DFS,20121002,40.00,40.00,39.25,39.49,3955600
DFS,20121001,40.05,40.23,39.46,39.92,4894600
DFS,20120928,39.63,40.28,39.06,39.73,6995400
DFS,20120927,38.25,39.88,37.56,39.71,8817300
DFS,20120926,37.59,37.79,37.00,37.02,5408700
DFS,20120925,38.63,38.96,37.45,37.64,5838600
DFS,20120924,38.54,38.87,38.25,38.63,3991900
DFS,20120921,38.31,38.98,38.30,38.62,5181500
DFS,20120920,38.38,38.61,38.04,38.16,3977000
DFS,20120919,38.77,38.95,38.36,38.51,3980900
DFS,20120918,38.73,38.93,38.34,38.51,3724600
DFS,20120917,38.78,39.21,38.57,38.73,4161500
DFS,20120914,39.24,39.64,39.07,39.31,5153400
DFS,20120913,38.28,39.36,38.04,39.26,4231600
DFS,20120912,38.49,38.64,38.14,38.26,3575400
DFS,20120911,38.34,38.51,38.04,38.34,2590300
DFS,20120910,38.48,38.58,38.20,38.22,2301900
DFS,20120907,38.37,38.69,38.03,38.47,2903500
DFS,20120906,38.14,38.37,37.84,38.23,4712300
DFS,20120905,39.05,39.05,37.70,37.91,5398100
DFS,20120904,38.63,39.06,38.63,38.75,3642200
DFS,20120831,38.61,38.85,38.34,38.73,2175000
DFS,20120830,38.34,38.57,38.12,38.37,2417500
DFS,20120829,38.59,38.73,38.24,38.50,2270200
DFS,20120828,38.80,38.80,38.39,38.55,3232000
DFS,20120827,38.63,39.23,38.43,38.92,4633200
DFS,20120824,37.93,38.82,37.91,38.60,3111900
DFS,20120823,38.28,38.70,38.09,38.10,3704200
DFS,20120822,37.41,39.14,37.40,38.43,8278300
DFS,20120821,37.36,37.52,36.88,37.00,2384400
DFS,20120820,37.75,37.75,37.02,37.17,2593200
DFS,20120817,37.66,37.78,37.54,37.77,3098400
DFS,20120816,36.85,38.02,36.77,37.81,4568300
DFS,20120815,36.71,36.92,36.56,36.85,2714800
DFS,20120814,36.94,37.10,36.59,36.71,2372000
DFS,20120813,36.76,36.89,36.30,36.79,2686500
DFS,20120810,36.37,36.91,36.33,36.84,2889000
DFS,20120809,36.85,37.10,36.50,36.53,3511900
DFS,20120808,36.66,37.17,36.46,37.08,3749500
DFS,20120807,36.66,37.22,36.66,36.88,3593300
DFS,20120806,36.58,36.81,36.49,36.61,3533400
DFS,20120803,35.88,36.53,35.63,36.49,3754000
DFS,20120802,35.02,35.67,34.76,35.27,3589500
DFS,20120801,36.09,36.32,35.65,35.70,3398300
DFS,20120731,36.47,36.47,35.78,35.96,4929500
DFS,20120730,36.31,36.58,36.06,36.48,4324700
DFS,20120727,35.88,36.61,35.50,36.41,4804600
DFS,20120726,34.80,35.62,34.59,35.53,4350600
DFS,20120725,34.39,34.52,33.92,34.18,2516200
DFS,20120724,34.55,34.56,33.79,34.24,4974100
DFS,20120723,34.30,34.62,34.18,34.50,3983700
DFS,20120720,34.48,35.28,34.30,34.91,4000300
DFS,20120719,35.20,35.41,34.78,34.93,4822900
DFS,20120718,35.61,35.79,35.08,35.17,4062400
DFS,20120717,35.41,35.89,35.04,35.69,3360800
DFS,20120716,34.89,35.35,34.78,35.15,3354100
DFS,20120713,34.69,34.98,34.60,34.96,2621000
DFS,20120712,34.25,34.81,33.88,34.54,4679300
DFS,20120711,34.42,34.74,34.06,34.65,4902700
DFS,20120710,35.29,35.36,34.12,34.24,4453200
DFS,20120709,35.21,35.35,34.86,35.01,3166800
DFS,20120706,35.00,35.44,34.90,35.31,2941300
DFS,20120705,35.28,35.72,35.15,35.36,3745500
DFS,20120703,34.99,35.57,34.87,35.45,3067600
DFS,20120702,34.68,35.00,34.50,34.89,3522500
DFS,20120629,34.41,34.58,34.09,34.58,5304100
DFS,20120628,33.20,33.61,32.74,33.36,3668600
DFS,20120627,33.74,33.90,33.44,33.67,3796700
DFS,20120626,33.49,33.74,33.44,33.51,6260900
DFS,20120625,33.17,33.76,33.17,33.60,4659100
DFS,20120622,33.89,34.29,33.21,33.61,15021700
DFS,20120621,34.41,34.55,33.41,33.45,7632800
DFS,20120620,33.73,34.31,33.31,34.14,8394400
DFS,20120619,32.50,33.95,32.13,33.57,10011700
DFS,20120618,32.83,33.11,32.68,32.83,6132000
DFS,20120615,32.78,33.08,32.33,32.99,5889400
DFS,20120614,32.34,32.57,32.01,32.37,6693700
DFS,20120613,32.86,33.01,31.97,32.12,6103200
DFS,20120612,32.51,32.98,32.32,32.92,3620500
DFS,20120611,33.21,33.40,32.37,32.40,3632100
DFS,20120608,32.12,32.82,31.84,32.82,3051500
DFS,20120607,32.04,32.63,31.90,32.26,5414400
DFS,20120606,31.33,31.65,31.06,31.60,4873000
DFS,20120605,30.69,31.13,30.62,31.05,5496400
DFS,20120604,30.67,31.05,30.48,30.80,4786900
DFS,20120601,32.22,32.46,30.69,30.72,9399600
DFS,20120531,33.19,33.41,32.59,33.11,4612300
DFS,20120530,33.14,33.49,32.59,33.27,7382700
DFS,20120529,32.96,33.49,32.72,33.36,4428100
DFS,20120525,32.60,33.00,32.55,32.73,2434300
DFS,20120524,32.57,32.78,32.17,32.62,3604000
DFS,20120523,31.99,32.42,31.82,32.35,4884700
DFS,20120522,32.79,33.16,32.19,32.34,5570500
DFS,20120521,31.52,32.58,31.35,32.51,4485500
DFS,20120518,31.70,31.92,31.36,31.52,5296800
DFS,20120517,33.04,33.18,31.48,31.49,9047600
DFS,20120516,33.58,33.80,33.09,33.09,4080900
DFS,20120515,33.56,33.87,33.30,33.40,3349800
DFS,20120514,33.65,34.01,33.57,33.60,4413300
DFS,20120511,33.25,34.17,32.96,34.12,4237400
DFS,20120510,33.59,33.77,33.36,33.50,2700200
DFS,20120509,32.98,33.82,32.72,33.38,5309800
DFS,20120508,33.28,33.54,32.94,33.38,4652000
DFS,20120507,33.24,33.77,33.16,33.50,3318600
DFS,20120504,33.51,33.68,33.29,33.52,3342500
DFS,20120503,34.42,34.53,33.70,33.76,4627200
DFS,20120502,34.23,34.56,34.13,34.32,4126900
DFS,20120501,33.99,34.75,33.85,34.39,4159300
DFS,20120430,34.04,34.15,33.78,33.90,3194300
DFS,20120427,33.99,34.25,33.90,34.09,3271300
DFS,20120426,33.50,33.94,33.34,33.88,2887600
DFS,20120425,33.14,33.60,33.01,33.54,3201900
DFS,20120424,32.80,33.14,32.50,32.78,3943700
DFS,20120423,32.41,32.83,32.06,32.77,4524500
DFS,20120420,32.83,33.25,32.75,32.93,3681900
DFS,20120419,32.99,33.05,32.51,32.77,4368400
DFS,20120418,32.70,32.87,32.45,32.65,3648400
DFS,20120417,32.77,32.99,32.54,32.83,3985000
DFS,20120416,32.86,33.11,32.37,32.52,4945400
DFS,20120413,33.13,33.31,32.75,32.89,5072700
DFS,20120412,32.73,33.34,32.51,33.27,4380500
DFS,20120411,32.52,32.77,32.41,32.68,4220800
DFS,20120410,32.63,32.96,32.17,32.18,5303200
DFS,20120409,32.52,32.83,32.24,32.65,4148100
DFS,20120405,32.79,33.18,32.78,33.08,3778500
DFS,20120404,33.05,33.28,32.76,33.00,4963500
DFS,20120403,33.63,33.69,33.20,33.51,6609300
DFS,20120402,33.74,33.97,33.41,33.70,5970500
DFS,20120330,33.20,33.43,32.65,33.34,8594200
DFS,20120329,32.99,33.45,32.83,32.95,6130000
DFS,20120328,33.67,33.71,32.92,33.16,7243500
DFS,20120327,33.88,34.00,33.61,33.81,7276400
DFS,20120326,34.10,34.10,33.31,33.83,9062800
DFS,20120323,32.79,34.43,32.29,33.83,13392400
DFS,20120322,31.38,33.11,31.10,32.49,12874200
DFS,20120321,32.00,32.28,31.61,31.64,7500400
DFS,20120320,32.41,32.46,31.65,31.86,10195800
DFS,20120319,31.99,33.20,31.95,32.48,7502300
DFS,20120316,32.29,32.50,31.98,32.05,7254400
DFS,20120315,32.30,32.30,31.58,32.02,7490600
DFS,20120314,32.48,32.68,31.80,32.04,5956900
DFS,20120313,30.95,32.10,30.90,32.02,5521800
DFS,20120312,30.62,30.81,30.21,30.78,4081400
DFS,20120309,30.49,31.05,30.40,30.61,3487900
DFS,20120308,30.58,30.60,30.16,30.38,3096400
DFS,20120307,30.08,30.61,30.06,30.39,3107400
DFS,20120306,30.11,30.42,29.62,29.93,4718500
DFS,20120305,30.53,30.61,30.23,30.49,3386600
DFS,20120302,30.68,30.80,30.38,30.53,2627100
DFS,20120301,30.09,30.85,30.01,30.67,3792700
DFS,20120229,30.52,30.69,29.97,30.01,4208800
DFS,20120228,30.13,30.39,29.87,30.37,4691700
DFS,20120227,29.90,30.11,29.72,29.84,4363500
DFS,20120224,30.07,30.27,29.90,30.19,3741600
DFS,20120223,29.72,30.06,29.61,30.04,3937100
DFS,20120222,29.81,30.00,29.69,29.72,3839600
DFS,20120221,29.87,29.93,29.47,29.69,4789700
DFS,20120217,30.01,30.01,29.49,29.54,3238000
DFS,20120216,29.03,29.61,28.95,29.58,4483400
DFS,20120215,28.66,29.35,28.65,29.01,6146400
DFS,20120214,28.60,28.66,28.27,28.48,4541200
DFS,20120213,28.38,28.69,28.32,28.68,4787000
DFS,20120210,28.53,28.61,28.08,28.18,4064300
DFS,20120209,28.80,28.98,28.49,28.89,4200200
DFS,20120208,28.95,28.99,28.41,28.78,4766800
DFS,20120207,28.20,29.03,28.19,28.94,5656700
DFS,20120206,28.10,28.39,27.97,28.28,3303000
DFS,20120203,28.08,28.32,27.97,28.22,5237900
DFS,20120202,27.83,27.95,27.61,27.75,2700100
DFS,20120201,27.63,28.02,27.41,27.72,5541900
DFS,20120131,27.45,27.68,26.94,27.18,5806200
DFS,20120130,27.11,27.36,26.56,27.29,5682900
DFS,20120127,27.34,27.64,26.87,27.14,8864400
DFS,20120126,27.55,28.09,27.42,27.96,7728600
DFS,20120125,27.72,27.84,27.42,27.45,7407200
DFS,20120124,27.55,27.85,27.41,27.83,5981700
DFS,20120123,27.42,27.81,27.16,27.74,5793900
DFS,20120120,26.98,27.46,26.75,27.39,6898300
DFS,20120119,26.94,27.25,26.86,27.13,6139300
DFS,20120118,26.90,27.22,26.68,26.92,5567300
DFS,20120117,26.92,27.09,26.73,27.00,6807600
DFS,20120113,25.97,26.76,25.91,26.51,7159700
DFS,20120112,25.89,26.39,25.87,26.33,5739200
DFS,20120111,25.56,25.92,25.23,25.86,6434700
DFS,20120110,24.75,25.71,24.66,25.65,9428900
DFS,20120109,24.48,24.65,24.25,24.40,3287400
DFS,20120106,24.64,24.71,24.16,24.30,3434100
DFS,20120105,24.01,24.67,23.75,24.52,4571700
DFS,20120104,24.24,24.48,24.00,24.31,5187400
DFS,20120103,24.34,24.68,24.00,24.21,4368800
DFS,20111230,24.08,24.18,23.86,24.00,1937300
DFS,20111229,23.97,24.20,23.84,24.14,2871400
DFS,20111228,24.25,24.30,23.91,23.95,2597400
DFS,20111227,24.33,24.35,24.04,24.19,2601100
DFS,20111223,24.30,24.49,24.12,24.49,2439200
DFS,20111222,24.27,24.49,24.09,24.30,2994700
DFS,20111221,24.26,24.40,23.81,24.17,3190000
DFS,20111220,24.04,24.35,23.96,24.22,5691400
DFS,20111219,24.29,24.40,23.50,23.57,4791400
DFS,20111216,23.31,24.25,23.30,24.23,9741800
DFS,20111215,24.34,24.34,22.84,23.07,10782400
DFS,20111214,23.80,24.16,23.43,23.82,5900100
DFS,20111213,24.29,24.54,23.65,23.88,6713800
DFS,20111212,24.55,24.55,23.84,24.21,4556200
DFS,20111209,24.11,24.85,24.07,24.74,4113700
DFS,20111208,24.29,24.51,23.89,23.97,3730400
DFS,20111207,24.33,24.63,23.94,24.53,3411500
DFS,20111206,24.49,24.57,24.15,24.38,2872400
DFS,20111205,24.63,24.75,24.25,24.51,3297000
DFS,20111202,24.35,24.81,24.12,24.21,3893200
DFS,20111201,23.70,24.22,23.43,24.04,4545300
DFS,20111130,23.49,23.83,23.19,23.82,7603200
DFS,20111129,23.26,23.26,22.70,22.74,4767200
DFS,20111128,23.48,23.50,22.89,23.16,4925600
DFS,20111125,22.94,23.18,22.78,22.96,1556000
DFS,20111123,22.94,23.17,22.82,22.91,6086800
DFS,20111122,22.86,23.41,22.83,23.21,6253600
DFS,20111121,22.60,23.02,22.48,22.86,6517800
DFS,20111118,22.88,23.08,22.61,23.03,5082300
DFS,20111117,23.46,23.76,22.53,22.69,9086200
DFS,20111116,24.53,24.54,23.70,23.72,6997400
DFS,20111115,24.41,25.00,24.09,24.91,8677400
DFS,20111114,24.58,24.72,24.12,24.56,5773200
DFS,20111111,24.19,24.89,24.01,24.77,5328300
DFS,20111110,23.98,24.18,23.52,23.74,4553900
DFS,20111109,23.80,24.24,23.54,23.65,6547000
DFS,20111108,24.78,24.83,24.13,24.56,4835400
DFS,20111107,24.39,24.77,24.23,24.72,4330300
DFS,20111104,24.34,24.57,24.01,24.50,4787800
DFS,20111103,23.97,24.63,23.23,24.61,8107800
DFS,20111102,23.34,23.73,23.23,23.57,6297700
DFS,20111101,22.86,23.25,22.66,22.84,7385700
DFS,20111031,24.12,24.45,23.54,23.56,4809900
DFS,20111028,24.28,24.58,24.10,24.48,4725500
DFS,20111027,24.84,24.98,24.09,24.52,10797300
DFS,20111026,23.50,23.56,22.74,23.30,11884600
DFS,20111025,23.94,24.25,22.84,22.92,13030500
DFS,20111024,23.41,24.50,23.31,24.45,6186300
DFS,20111021,22.79,23.16,22.68,23.15,6536400
DFS,20111020,22.20,22.56,22.04,22.47,8663000
DFS,20111019,23.10,23.25,21.98,22.09,8414800
DFS,20111018,22.89,23.23,22.41,23.05,10616500
DFS,20111017,23.88,24.01,22.82,22.87,9189800
DFS,20111014,24.62,24.64,23.83,24.13,7104300
DFS,20111013,25.00,25.00,24.04,24.24,6869300
DFS,20111012,25.08,25.95,25.07,25.43,7077100
DFS,20111011,24.28,25.12,24.11,24.95,4667500
DFS,20111010,24.04,24.52,24.04,24.52,5079500
DFS,20111007,24.17,24.17,23.33,23.41,7107000
DFS,20111006,22.90,24.00,22.59,23.99,7416200
DFS,20111005,22.84,23.11,22.35,22.99,6948200
DFS,20111004,22.01,22.95,21.52,22.86,11200100
DFS,20111003,21.44,23.58,21.44,22.26,10059600
DFS,20110930,23.14,23.42,22.81,22.94,9981900
DFS,20110929,24.12,24.46,22.99,23.60,12944700
DFS,20110928,24.82,25.05,23.87,23.88,9932600
DFS,20110927,26.53,26.63,24.43,24.86,14961400
DFS,20110926,25.70,26.04,25.00,26.03,6787300
DFS,20110923,25.09,25.75,24.93,25.35,9183800
DFS,20110922,26.37,26.50,24.72,25.25,11993500
DFS,20110921,26.93,27.16,25.34,25.34,11752400
DFS,20110920,26.48,27.32,26.29,26.79,7984300
DFS,20110919,25.97,26.60,25.64,26.27,5022100
DFS,20110916,26.32,26.79,26.16,26.47,6921600
DFS,20110915,26.06,26.19,25.63,26.19,7369300
DFS,20110914,25.29,26.09,24.96,25.80,6394800
DFS,20110913,24.97,25.25,24.75,25.08,6121400
DFS,20110912,23.55,25.05,23.55,25.03,8893700
DFS,20110909,24.26,24.55,23.81,23.92,6977700
DFS,20110908,24.51,25.03,24.45,24.48,6582800
DFS,20110907,24.51,24.82,24.30,24.81,5130100
DFS,20110906,23.38,23.92,23.30,23.89,7631100
DFS,20110902,24.20,24.72,24.17,24.22,3600900
DFS,20110901,25.00,25.39,24.82,24.84,4223400
DFS,20110831,25.13,25.46,24.82,25.16,5163100
DFS,20110830,25.06,25.22,24.76,24.92,6496700
DFS,20110829,25.18,25.26,24.91,25.11,5209200
DFS,20110826,24.31,24.84,23.53,24.79,7662700
DFS,20110825,25.05,25.65,24.24,24.40,6504100
DFS,20110824,23.91,24.97,23.81,24.83,7504800
DFS,20110823,23.26,24.10,23.09,23.90,9493100
DFS,20110822,23.58,23.67,22.88,23.25,10488100
DFS,20110819,22.49,23.58,22.45,22.91,7170900
DFS,20110818,23.22,23.32,22.57,22.82,7627200
DFS,20110817,23.85,24.44,23.85,24.00,5611300
DFS,20110816,23.56,24.02,23.38,23.70,5044800
DFS,20110815,23.47,24.25,23.45,23.87,7653900
DFS,20110812,23.80,24.43,23.17,23.33,9185200
DFS,20110811,22.02,23.95,21.99,23.50,12874400
DFS,20110810,22.02,22.87,21.63,21.88,14049600
DFS,20110809,21.14,22.63,20.83,22.63,11095600
DFS,20110808,22.18,22.75,20.51,20.73,10098500
DFS,20110805,23.82,23.82,22.32,22.83,10755000
DFS,20110804,24.48,24.64,23.39,23.44,8450900
DFS,20110803,24.69,24.91,23.92,24.88,6738600
DFS,20110802,25.36,25.60,24.65,24.69,8304600
DFS,20110801,25.77,25.93,25.22,25.60,4734500
DFS,20110729,25.36,25.82,25.11,25.61,4571900
DFS,20110728,25.47,26.00,25.47,25.77,4864700
DFS,20110727,26.03,26.09,25.46,25.51,6525100
DFS,20110726,26.13,26.30,25.95,26.08,6086400
DFS,20110725,25.74,26.31,25.62,26.17,5101700
DFS,20110722,26.53,26.60,25.87,25.97,5583000
DFS,20110721,26.32,26.77,26.26,26.48,8036500
DFS,20110720,25.82,26.21,25.72,26.06,5072600
DFS,20110719,25.88,26.00,25.52,25.81,5537000
DFS,20110718,25.45,25.91,25.02,25.80,8549500
DFS,20110715,25.57,25.76,25.16,25.43,5149900
DFS,20110714,26.23,26.28,25.24,25.42,11489000
DFS,20110713,26.57,26.86,26.08,26.14,9725700
DFS,20110712,26.61,26.99,26.41,26.45,9019400
DFS,20110711,26.74,27.13,26.59,26.70,4463700
DFS,20110708,27.10,27.22,26.74,27.12,5676400
DFS,20110707,27.32,27.92,27.31,27.52,7308000
DFS,20110706,26.71,27.20,26.44,27.04,8015300
DFS,20110705,26.68,27.01,26.42,26.81,7797700
DFS,20110701,26.07,26.71,25.82,26.55,13020500
DFS,20110630,26.69,26.95,26.59,26.75,6189400
DFS,20110629,26.27,26.90,26.05,26.61,9149100
DFS,20110628,25.30,26.17,25.14,26.14,8649200
DFS,20110627,24.72,25.37,24.68,25.21,8486200
DFS,20110624,24.17,24.84,24.01,24.79,14149000
DFS,20110623,23.87,24.06,23.63,23.89,12528200
DFS,20110622,24.04,24.29,23.59,23.59,7868500
DFS,20110621,24.07,24.23,23.91,24.04,6945100
DFS,20110620,23.08,23.79,23.08,23.62,5016500
DFS,20110617,23.42,23.54,23.00,23.09,6569500
DFS,20110616,22.99,23.50,22.89,23.27,7939400
DFS,20110615,22.88,23.75,22.86,22.95,8801100
DFS,20110614,22.85,23.47,22.85,23.18,8888800
DFS,20110613,22.63,22.80,22.45,22.66,6016000
DFS,20110610,22.76,22.83,22.33,22.52,5791700
DFS,20110609,22.69,23.11,22.68,22.82,3804000
DFS,20110608,22.67,22.93,22.55,22.66,5064600
DFS,20110607,22.51,23.07,22.50,22.79,4744200
DFS,20110606,23.08,23.14,22.41,22.43,6102500
DFS,20110603,23.05,23.43,23.02,23.20,4396800
DFS,20110602,23.43,23.52,23.24,23.41,5296500
DFS,20110601,23.79,24.06,23.42,23.43,8561100
DFS,20110531,23.99,24.17,23.64,23.84,15631100
DFS,20110527,23.84,24.03,23.66,23.77,4513200
DFS,20110526,23.49,23.93,23.33,23.80,4099300
DFS,20110525,23.45,23.73,22.91,23.55,10282600
DFS,20110524,24.46,24.52,23.52,23.55,8096700
DFS,20110523,24.71,24.71,24.38,24.43,5963100
DFS,20110520,25.67,25.68,24.86,24.92,6789700
DFS,20110519,25.47,25.76,25.39,25.68,6623100
DFS,20110518,25.34,25.45,25.15,25.33,5573200
DFS,20110517,24.99,25.32,24.74,25.26,6728900
DFS,20110516,24.22,25.28,24.07,25.07,10170700
DFS,20110513,24.23,24.39,24.00,24.24,5103000
DFS,20110512,24.23,24.23,23.91,24.20,3733200
DFS,20110511,24.48,24.58,24.12,24.18,4221100
DFS,20110510,24.65,24.71,24.51,24.58,4091700
DFS,20110509,24.26,24.62,24.21,24.61,3390000
DFS,20110506,24.28,24.46,24.19,24.29,3607000
DFS,20110505,23.91,24.25,23.65,24.01,4384200
DFS,20110504,24.67,24.68,23.98,24.05,5126900
DFS,20110503,24.63,24.88,24.49,24.75,3933100
DFS,20110502,24.98,25.00,24.65,24.67,2794700
DFS,20110429,24.67,24.93,24.59,24.84,3747900
DFS,20110428,24.40,24.72,24.36,24.67,3685200
DFS,20110427,24.85,24.85,24.22,24.50,5246100
DFS,20110426,24.66,24.81,24.44,24.74,3600000
DFS,20110425,24.75,24.75,24.47,24.50,4020700
DFS,20110421,25.00,25.11,24.68,24.76,5928400
DFS,20110420,24.70,24.99,24.66,24.92,8002100
DFS,20110419,23.94,24.40,23.83,24.37,4684800
DFS,20110418,23.93,24.01,23.52,23.85,4192500
DFS,20110415,24.12,24.42,24.05,24.28,8257000
DFS,20110414,24.20,24.20,23.86,23.95,5934800
DFS,20110413,24.27,24.35,24.03,24.23,4783700
DFS,20110412,23.96,24.24,23.85,24.06,4228200
DFS,20110411,23.92,24.21,23.86,24.12,3985500
DFS,20110408,24.20,24.41,23.74,23.85,4542300
DFS,20110407,24.34,24.40,23.96,24.04,5841500
DFS,20110406,24.67,24.74,24.19,24.42,5513500
DFS,20110405,24.44,24.74,24.28,24.60,4944800
DFS,20110404,24.18,24.65,24.10,24.64,3862600
DFS,20110401,24.49,24.84,24.02,24.15,5380800
DFS,20110331,24.85,24.90,24.03,24.12,6825700
DFS,20110330,24.66,24.99,24.52,24.98,6950700
DFS,20110329,24.36,24.54,24.25,24.49,4673100
DFS,20110328,24.06,24.63,23.97,24.36,5337800
DFS,20110325,23.95,24.45,23.89,24.00,6763200
DFS,20110324,23.58,23.90,23.30,23.86,6391400
DFS,20110323,22.71,23.64,22.60,23.44,11721800
DFS,20110322,22.68,22.75,22.24,22.25,8622600
DFS,20110321,22.43,22.70,22.21,22.64,5086500
DFS,20110318,21.98,22.32,21.80,22.00,5171000
DFS,20110317,21.49,21.79,21.37,21.62,5020300
DFS,20110316,21.72,21.92,21.03,21.17,5407500
DFS,20110315,21.10,21.90,21.10,21.73,6440300
DFS,20110314,21.71,22.06,21.44,21.92,3598600
DFS,20110311,21.74,21.92,21.56,21.83,3072200
DFS,20110310,21.61,21.99,21.51,21.70,4452400
DFS,20110309,22.25,22.35,21.89,21.89,5169200
DFS,20110308,21.56,22.34,21.56,22.27,4353000
DFS,20110307,21.60,21.78,21.41,21.54,3963400
DFS,20110304,21.47,21.66,21.30,21.61,4746200
DFS,20110303,21.34,21.70,21.27,21.45,3118900
DFS,20110302,21.10,21.44,20.96,21.05,2996000
DFS,20110301,21.90,21.90,21.09,21.12,4831900
DFS,20110228,21.89,21.93,21.58,21.75,2851300
DFS,20110225,21.79,21.84,21.55,21.82,2995500
DFS,20110224,21.20,21.74,21.16,21.61,5332600
DFS,20110223,21.12,21.38,20.81,21.00,4793400
DFS,20110222,21.55,21.79,21.05,21.10,3909100
DFS,20110218,22.04,22.04,21.50,21.86,3356300
DFS,20110217,21.90,22.00,21.79,21.99,2199900
DFS,20110216,21.69,21.99,21.62,21.98,4147100
DFS,20110215,21.65,21.77,21.51,21.62,2667800
DFS,20110214,21.73,21.82,21.57,21.80,2744800
DFS,20110211,21.55,21.75,21.33,21.72,3077600
DFS,20110210,20.99,21.74,20.92,21.60,2772000
DFS,20110209,21.35,21.47,21.05,21.11,2465200
DFS,20110208,21.16,21.51,21.02,21.47,2264900
DFS,20110207,20.66,21.32,20.64,21.13,2665500
DFS,20110204,20.52,20.64,20.23,20.61,2020800
DFS,20110203,20.54,20.68,20.31,20.55,1968000
DFS,20110202,20.74,20.95,20.55,20.59,2497600
DFS,20110201,20.79,21.13,20.72,20.89,2743800
DFS,20110131,20.51,20.64,20.38,20.59,3110300
DFS,20110128,21.03,21.24,20.34,20.46,4126600
DFS,20110127,20.66,21.10,20.61,21.04,5913200
DFS,20110126,20.36,20.79,20.36,20.73,3016900
DFS,20110125,20.32,20.48,20.09,20.45,4843500
DFS,20110124,20.50,20.57,20.33,20.42,3368800
DFS,20110121,20.51,20.72,20.38,20.47,3623300
DFS,20110120,20.41,20.72,20.25,20.34,4481800
DFS,20110119,20.51,20.59,20.05,20.42,6359800
DFS,20110118,20.31,20.77,20.28,20.74,5154400
DFS,20110114,19.94,20.39,19.88,20.38,4858300
DFS,20110113,19.85,20.08,19.75,20.04,5714500
DFS,20110112,19.43,19.92,19.38,19.90,6255600
DFS,20110111,19.23,19.33,18.96,19.24,4171700
DFS,20110110,18.75,19.17,18.61,19.12,3461900
DFS,20110107,19.06,19.10,18.64,18.90,2893300
DFS,20110106,19.15,19.22,18.90,18.99,3053300
DFS,20110105,18.57,19.32,18.37,19.17,6501800
DFS,20110104,18.76,18.82,18.31,18.62,4550000
DFS,20110103,18.75,18.90,18.60,18.83,3802800
DFS,20101231,18.29,18.55,18.15,18.53,3156700
DFS,20101230,18.50,18.53,18.13,18.17,3443300
DFS,20101229,18.56,18.63,18.46,18.57,2945800
DFS,20101228,18.60,18.64,18.44,18.56,2408500
DFS,20101227,18.34,18.65,18.30,18.58,3000800
DFS,20101223,18.11,18.47,18.05,18.46,3446200
DFS,20101222,18.27,18.30,18.03,18.20,4193000
DFS,20101221,18.33,18.40,18.15,18.23,4597800
DFS,20101220,18.10,18.37,17.95,18.27,4580100
DFS,20101217,18.57,18.58,17.86,18.02,9828800
DFS,20101216,18.43,18.95,18.01,18.53,13082100
DFS,20101215,19.10,19.29,19.01,19.13,5455400
DFS,20101214,19.15,19.31,19.01,19.15,3844900
DFS,20101213,19.31,19.45,19.09,19.10,5508800
DFS,20101210,18.86,19.29,18.81,19.27,3378000
DFS,20101209,18.94,19.01,18.47,18.77,4822800
DFS,20101208,18.47,18.86,18.43,18.83,4781800
DFS,20101207,19.21,19.23,18.46,18.47,5275100
DFS,20101206,18.81,19.12,18.67,19.04,3628600
DFS,20101203,18.81,18.90,18.58,18.84,3472600
DFS,20101202,18.84,19.04,18.78,18.94,4051700
DFS,20101201,18.50,18.89,18.41,18.86,3731700
DFS,20101130,18.17,18.48,18.17,18.28,3715200
DFS,20101129,18.24,18.47,17.84,18.42,2587900
DFS,20101126,18.41,18.58,18.37,18.42,787900
DFS,20101124,18.34,18.62,18.27,18.60,2147400
DFS,20101123,18.17,18.29,18.02,18.21,3627800
DFS,20101122,18.19,18.47,18.15,18.43,4184900
DFS,20101119,18.30,18.42,18.09,18.40,3340600
DFS,20101118,18.57,18.61,18.34,18.38,3930100
DFS,20101117,18.10,18.40,18.04,18.35,3630200
DFS,20101116,18.68,18.70,17.99,18.10,5846600
DFS,20101115,18.61,19.16,18.38,18.87,5682700
DFS,20101112,18.70,19.01,18.44,18.60,4299100
DFS,20101111,18.49,19.16,18.30,19.09,6811900
DFS,20101110,18.44,18.72,18.37,18.72,2824700
DFS,20101109,18.95,18.95,18.38,18.47,3750000
DFS,20101108,18.79,19.03,18.69,18.94,4595700
DFS,20101105,18.77,19.02,18.48,18.91,5957200
DFS,20101104,18.36,18.77,18.15,18.74,5162600
DFS,20101103,18.07,18.35,18.04,18.14,4000700
DFS,20101102,18.18,18.25,17.93,18.04,3964500
DFS,20101101,17.76,18.08,17.63,18.03,4119300
DFS,20101029,17.42,17.70,17.37,17.65,5725800
DFS,20101028,17.62,17.78,17.22,17.45,4425300
DFS,20101027,17.54,17.71,17.43,17.51,4456300
DFS,20101026,17.43,17.67,17.38,17.66,2856100
DFS,20101025,17.55,17.76,17.47,17.52,2755100
DFS,20101022,17.60,17.62,17.27,17.41,1584500
DFS,20101021,17.61,17.85,17.33,17.55,3305800
DFS,20101020,17.34,17.71,17.24,17.54,4048400
DFS,20101019,17.03,17.70,17.02,17.32,5313700
DFS,20101018,17.13,17.28,17.04,17.20,5224700
DFS,20101015,17.85,17.94,17.07,17.10,9331100
DFS,20101014,17.59,17.71,17.38,17.66,6662100
DFS,20101013,17.22,17.91,17.10,17.68,9975500
DFS,20101012,16.89,17.10,16.80,17.09,6032800
DFS,20101011,16.95,17.11,16.76,16.94,4503500
DFS,20101008,16.84,17.08,16.78,16.95,4009000
DFS,20101007,17.09,17.09,16.66,16.78,3947000
DFS,20101006,16.85,17.17,16.85,17.00,5311600
DFS,20101005,16.47,17.05,16.36,16.88,6425600
DFS,20101004,16.52,16.65,16.12,16.31,5548400
DFS,20101001,16.90,16.90,16.39,16.58,3803600
DFS,20100930,16.67,16.98,16.53,16.68,5968700
DFS,20100929,16.34,16.60,16.20,16.58,6157100
DFS,20100928,16.47,16.55,16.15,16.51,5563500
DFS,20100927,16.76,16.88,16.47,16.49,3245400
DFS,20100924,16.72,16.84,16.53,16.77,4641600
DFS,20100923,16.14,16.80,16.14,16.50,9342600
DFS,20100922,15.82,16.38,15.81,16.30,6217200
DFS,20100921,16.20,16.30,15.92,15.96,4065900
DFS,20100920,16.10,16.38,15.89,16.16,11600300
DFS,20100917,15.90,15.92,15.55,15.57,8934800
DFS,20100916,15.76,15.90,15.72,15.79,4177900
DFS,20100915,15.42,15.97,15.33,15.79,6936600
DFS,20100914,15.96,16.05,15.58,15.68,5509300
DFS,20100913,16.09,16.49,15.99,16.06,4178200
DFS,20100910,15.79,15.95,15.58,15.90,5162600
DFS,20100909,15.88,15.97,15.59,15.71,6091100
DFS,20100908,15.34,15.80,15.31,15.62,5719200
DFS,20100907,15.65,15.69,15.25,15.31,3247000
DFS,20100903,15.75,15.89,15.47,15.86,5189400
DFS,20100902,15.33,15.56,15.20,15.54,7113200
DFS,20100901,14.73,15.17,14.65,15.16,4410900
DFS,20100831,14.29,14.62,14.21,14.51,3738700
DFS,20100830,14.71,14.72,14.32,14.32,2961500
DFS,20100827,14.08,14.79,14.00,14.77,6114700
DFS,20100826,13.97,14.21,13.82,13.96,3660700
DFS,20100825,13.80,14.00,13.73,13.91,3745700
DFS,20100824,14.05,14.27,13.96,13.97,3744100
DFS,20100823,14.33,14.45,14.23,14.27,3214600
DFS,20100820,14.34,14.37,13.96,14.27,4866800
DFS,20100819,14.77,14.84,14.38,14.40,4603000
DFS,20100818,14.77,14.83,14.48,14.77,4760100
DFS,20100817,14.84,15.02,14.74,14.79,2558100
DFS,20100816,14.61,14.80,14.55,14.68,2351400
DFS,20100813,14.68,14.89,14.66,14.68,2608300
DFS,20100812,14.50,14.82,14.50,14.71,3791400
DFS,20100811,15.05,15.09,14.75,14.75,3300000
DFS,20100810,15.41,15.48,15.15,15.33,4056400
DFS,20100809,15.38,15.65,15.36,15.57,2871900
DFS,20100806,15.20,15.31,14.98,15.31,3006200
DFS,20100805,15.47,15.49,15.21,15.43,3347600
DFS,20100804,15.60,15.74,15.41,15.60,4364600
DFS,20100803,15.73,15.75,15.40,15.54,3048900
DFS,20100802,15.65,15.78,15.34,15.76,5500200
DFS,20100730,14.89,15.35,14.83,15.27,4281100
DFS,20100729,15.04,15.20,14.89,15.10,3796200
DFS,20100728,15.20,15.37,14.94,15.04,4366200
DFS,20100727,15.65,15.65,15.21,15.24,4529000
DFS,20100726,15.02,15.52,14.95,15.49,5200500
DFS,20100723,14.91,15.14,14.61,15.06,5704100
DFS,20100722,14.44,15.08,14.39,14.99,5354600
DFS,20100721,14.99,14.99,14.18,14.27,6814400
DFS,20100720,14.19,14.85,14.14,14.83,6216200
DFS,20100719,14.56,14.63,14.18,14.49,5145000
DFS,20100716,15.00,15.13,14.45,14.50,8203300
DFS,20100715,15.22,15.29,14.58,15.21,8880700
DFS,20100714,15.15,15.23,15.00,15.18,4120200
DFS,20100713,14.86,15.35,14.80,15.27,6699100
DFS,20100712,14.80,14.92,14.56,14.65,4449700
DFS,20100709,14.63,14.87,14.53,14.85,3971300
DFS,20100708,14.75,14.79,14.39,14.63,5657100
DFS,20100707,13.97,14.61,13.86,14.57,7380400
DFS,20100706,14.00,14.32,13.63,13.90,6348600
DFS,20100702,13.94,14.12,13.52,13.84,4544900
DFS,20100701,14.08,14.15,13.33,13.92,7840100
DFS,20100630,13.79,14.34,13.76,13.98,7998100
DFS,20100629,14.53,14.60,13.68,13.80,10792700
DFS,20100628,14.58,14.91,14.40,14.76,7330100
DFS,20100625,14.18,14.72,14.07,14.52,9360400
DFS,20100624,14.30,14.73,14.05,14.08,15009700
DFS,20100623,13.84,14.05,13.69,14.01,7400900
DFS,20100622,14.05,14.27,13.81,13.84,5407000
DFS,20100621,14.16,14.36,13.90,13.99,4949700
DFS,20100618,14.10,14.21,13.95,14.00,3846400
DFS,20100617,14.09,14.23,13.83,14.04,4010400
DFS,20100616,13.81,14.10,13.71,14.08,5989400
DFS,20100615,13.56,13.95,13.48,13.92,5698900
DFS,20100614,13.90,13.90,13.40,13.40,4073300
DFS,20100611,13.41,13.71,13.38,13.66,6078000
DFS,20100610,12.74,13.65,12.73,13.60,13955200
DFS,20100609,12.75,13.04,12.50,12.57,8472300
DFS,20100608,12.41,12.69,12.11,12.64,7367400
DFS,20100607,12.93,13.03,12.38,12.43,8096200
DFS,20100604,13.22,13.42,12.81,12.86,7628200
DFS,20100603,13.55,13.55,13.21,13.52,5220100
DFS,20100602,13.30,13.48,13.13,13.47,6318600
DFS,20100601,13.16,13.55,13.15,13.18,6499900
DFS,20100528,13.69,13.77,13.33,13.45,5226200
DFS,20100527,13.46,13.73,13.33,13.70,6357900
DFS,20100526,13.40,13.53,13.05,13.17,8494400
DFS,20100525,12.78,13.23,12.61,13.19,7876800
DFS,20100524,13.56,13.65,13.15,13.16,5727500
DFS,20100521,12.76,13.64,12.70,13.53,9147600
DFS,20100520,13.27,13.79,13.04,13.04,8524600
DFS,20100519,13.36,13.84,13.29,13.60,10899500
DFS,20100518,14.39,14.44,13.31,13.46,10610700
DFS,20100517,14.34,14.61,13.84,14.21,5736800
DFS,20100514,14.29,14.57,14.11,14.24,9035700
DFS,20100513,15.14,15.28,14.76,14.79,6816300
DFS,20100512,14.95,15.27,14.86,15.21,6679500
DFS,20100511,14.63,15.05,14.54,14.90,11631200
DFS,20100510,14.95,15.18,14.67,14.87,7870300
DFS,20100507,14.32,14.62,13.90,14.08,8936100
DFS,20100506,14.86,15.19,13.42,14.41,10736600
DFS,20100505,15.25,15.40,14.81,14.94,7486600
DFS,20100504,15.78,15.98,15.25,15.34,9233800
DFS,20100503,15.59,16.18,15.57,16.10,7529400
DFS,20100430,15.95,16.14,15.43,15.46,6356900
DFS,20100429,15.61,16.10,15.57,16.04,7680800
DFS,20100428,15.51,15.66,15.17,15.44,6771900
DFS,20100427,15.92,16.08,15.33,15.37,8504600
DFS,20100426,16.26,16.30,15.94,16.09,5478800
DFS,20100423,15.87,16.48,15.71,16.26,8836400
DFS,20100422,15.49,15.87,15.28,15.82,6695300
DFS,20100421,15.85,15.87,15.45,15.66,5364100
DFS,20100420,15.82,15.90,15.60,15.86,6998200
DFS,20100419,15.21,15.71,15.14,15.67,7835400
DFS,20100416,16.07,16.11,15.21,15.36,10845600
DFS,20100415,16.59,16.59,16.03,16.12,9330500
DFS,20100414,15.61,16.12,15.50,16.04,8386400
DFS,20100413,15.60,15.70,15.42,15.60,8007100
DFS,20100412,15.55,15.68,15.28,15.60,8856900
DFS,20100409,15.47,15.66,15.38,15.50,6542300
DFS,20100408,15.14,15.44,15.06,15.41,6309200
DFS,20100407,15.42,15.67,15.10,15.17,7313900
DFS,20100406,15.52,15.52,15.24,15.38,5937300
DFS,20100405,15.32,15.73,15.32,15.58,5924300
DFS,20100401,15.06,15.38,15.04,15.34,6392000
DFS,20100331,15.08,15.18,14.86,14.90,6788800
DFS,20100330,15.31,15.42,15.03,15.12,8058800
DFS,20100329,15.46,15.51,15.23,15.35,6303100
DFS,20100326,15.41,15.55,15.08,15.39,6204200
DFS,20100325,15.50,15.78,15.35,15.39,5903600
DFS,20100324,15.35,15.42,15.23,15.40,4399800
DFS,20100323,15.41,15.46,15.30,15.40,5736600
DFS,20100322,15.13,15.46,15.04,15.35,6830600
DFS,20100319,15.24,15.66,15.15,15.24,9845400
DFS,20100318,15.19,15.55,15.17,15.52,6226100
DFS,20100317,14.78,15.78,14.73,15.24,10960100
DFS,20100316,15.32,15.48,15.06,15.30,5651500
DFS,20100315,15.01,15.26,14.91,15.20,6135200
DFS,20100312,14.84,15.22,14.84,14.97,10395400
DFS,20100311,14.34,14.94,14.26,14.92,7164600
DFS,20100310,14.51,14.59,14.24,14.38,5159000
DFS,20100309,14.00,14.51,13.83,14.44,6310300
DFS,20100308,14.15,14.19,14.05,14.12,5674200
DFS,20100305,13.90,14.29,13.83,14.17,6882800
DFS,20100304,13.76,13.85,13.67,13.77,4542900
DFS,20100303,13.93,14.15,13.78,13.78,4299100
DFS,20100302,13.62,13.97,13.62,13.90,5153100
DFS,20100301,13.70,13.72,13.54,13.61,2834300
DFS,20100226,13.46,13.66,13.40,13.65,3699300
DFS,20100225,13.44,13.48,13.21,13.46,4652200
DFS,20100224,13.48,13.69,13.45,13.63,4646700
DFS,20100223,13.77,13.82,13.46,13.47,6324300
DFS,20100222,13.71,14.10,13.65,13.84,6748700
DFS,20100219,13.50,13.69,13.49,13.67,4207800
DFS,20100218,13.55,13.62,13.44,13.56,2845500
DFS,20100217,13.69,13.69,13.46,13.53,4843200
DFS,20100216,13.18,13.58,13.10,13.55,8678100
DFS,20100212,12.91,13.06,12.80,13.03,5822200
DFS,20100211,12.91,13.07,12.78,13.04,5211900
DFS,20100210,13.04,13.13,12.78,12.92,5150600
DFS,20100209,12.92,13.18,12.77,13.03,4938200
DFS,20100208,12.98,13.07,12.72,12.76,7751000
DFS,20100205,12.92,13.03,12.58,13.01,6965100
DFS,20100204,13.15,13.33,12.87,12.90,7729800
DFS,20100203,13.77,13.81,13.25,13.30,5784800
DFS,20100202,13.62,13.86,13.52,13.80,6514700
DFS,20100201,13.73,13.80,13.21,13.32,8491500
DFS,20100129,13.61,13.94,13.54,13.68,7099000
DFS,20100128,13.99,13.99,13.24,13.51,8616700
DFS,20100127,13.47,13.88,13.24,13.82,9979900
DFS,20100126,13.40,13.75,13.27,13.47,7834000
DFS,20100125,13.88,14.05,13.32,13.48,10757000
DFS,20100122,14.18,14.19,13.44,13.46,14728800
DFS,20100121,14.80,14.87,14.22,14.23,10771500
DFS,20100120,14.79,15.00,14.58,14.82,7563600
DFS,20100119,14.66,14.87,14.64,14.86,6135300
DFS,20100115,14.92,15.09,14.56,14.76,10835600
DFS,20100114,15.05,15.14,14.83,14.97,9028000
DFS,20100113,14.95,15.09,14.67,15.01,4991800
DFS,20100112,14.72,14.97,14.68,14.91,6587000
DFS,20100111,15.14,15.17,14.75,14.84,4381800
DFS,20100108,15.11,15.15,14.90,15.03,4458300
DFS,20100107,14.95,15.18,14.85,15.09,6492500
DFS,20100106,14.85,15.04,14.85,15.00,5550200
DFS,20100105,14.80,15.16,14.65,15.10,7766400
DFS,20100104,14.87,14.88,14.50,14.61,7552600
DFS,20091231,14.78,14.88,14.65,14.71,3819900
DFS,20091230,14.67,14.81,14.57,14.81,2916000
DFS,20091229,14.83,14.89,14.66,14.76,3087300
DFS,20091228,14.90,14.96,14.73,14.82,2713500
DFS,20091224,14.72,14.97,14.69,14.93,1342100
DFS,20091223,14.73,14.88,14.62,14.68,2827500
DFS,20091222,14.68,14.96,14.57,14.64,4224500
DFS,20091221,14.98,15.03,14.60,14.70,6605000
DFS,20091218,15.15,15.15,14.60,14.95,9489900
DFS,20091217,16.35,16.36,14.76,14.92,18488600
DFS,20091216,16.06,16.78,16.06,16.42,6494200
DFS,20091215,16.23,16.49,15.96,16.01,6280700
DFS,20091214,16.29,16.50,16.01,16.49,5240100
DFS,20091211,15.67,16.17,15.51,16.13,4757400
DFS,20091210,15.50,15.74,15.36,15.60,4821100
DFS,20091209,15.11,15.46,14.99,15.44,4073500
DFS,20091208,15.43,15.43,15.06,15.10,5063800
DFS,20091207,15.60,15.84,15.34,15.41,7748600
DFS,20091204,15.09,15.47,14.98,15.18,8937200
DFS,20091203,15.35,15.39,14.81,14.83,6033700
DFS,20091202,15.37,15.44,15.17,15.27,6547700
DFS,20091201,15.60,15.66,15.13,15.45,5134600
DFS,20091130,15.21,15.50,15.09,15.46,6783700
DFS,20091127,15.06,15.35,15.00,15.13,2751000
DFS,20091125,15.50,15.72,15.34,15.70,3596200
DFS,20091124,15.46,15.53,15.25,15.34,4010400
DFS,20091123,15.69,15.70,15.27,15.48,4401600
DFS,20091120,15.19,15.38,15.08,15.35,4235500
DFS,20091119,15.87,15.89,15.21,15.42,5437600
DFS,20091118,15.92,16.09,15.80,15.99,4381300
DFS,20091117,16.08,16.09,15.58,15.92,4398800
DFS,20091116,15.50,16.31,15.43,16.11,7440700
DFS,20091113,15.40,15.70,15.31,15.40,3444000
DFS,20091112,15.37,15.62,15.25,15.40,5525700
DFS,20091111,15.54,15.82,15.31,15.40,7229000
DFS,20091110,15.32,15.45,15.05,15.40,7322900
DFS,20091109,14.68,15.46,14.62,15.38,9393600
DFS,20091106,14.45,14.64,14.17,14.53,5549300
DFS,20091105,14.05,14.55,13.98,14.53,5773500
DFS,20091104,14.30,14.45,13.88,13.95,7240000
DFS,20091103,14.05,14.31,13.90,14.19,5800700
DFS,20091102,14.25,14.50,13.85,14.24,9230100
DFS,20091030,14.90,14.93,13.90,14.14,8692900
DFS,20091029,14.45,14.95,14.36,14.95,7465200
DFS,20091028,14.73,14.90,14.22,14.27,7042500
DFS,20091027,15.02,15.10,14.71,14.87,7789100
DFS,20091026,15.19,15.58,14.96,15.06,8762100
DFS,20091023,15.55,15.85,14.93,15.03,7158700
DFS,20091022,14.92,15.44,14.81,15.42,7341800
DFS,20091021,15.09,15.39,14.84,14.87,9329300
DFS,20091020,15.64,15.73,14.98,15.09,7999000
DFS,20091019,15.22,15.77,15.09,15.62,13228300
DFS,20091016,15.81,15.90,15.02,15.08,15116000
DFS,20091015,16.08,16.19,15.84,16.10,9106700
DFS,20091014,16.50,16.51,15.77,16.26,9802300
DFS,20091013,16.26,16.53,15.96,16.22,7342900
DFS,20091012,16.41,16.71,16.12,16.33,9311100
DFS,20091009,17.15,17.17,15.72,16.20,13831200
DFS,20091008,16.87,17.36,16.71,17.08,10264600
DFS,20091007,16.62,17.02,16.56,16.89,5626200
DFS,20091006,16.30,16.74,16.17,16.66,9946200
DFS,20091005,15.45,16.12,15.45,16.12,9578000
DFS,20091002,15.76,15.83,15.28,15.33,10211900
DFS,20091001,16.14,16.47,15.83,16.00,13056700
DFS,20090930,16.12,16.43,15.44,16.23,11165600
DFS,20090929,16.33,16.64,15.88,15.97,8835900
DFS,20090928,15.53,16.41,15.41,16.41,6929100
DFS,20090925,15.80,15.93,15.28,15.36,8830700
DFS,20090924,16.08,16.14,15.69,15.90,9416900
DFS,20090923,16.26,16.40,15.94,15.94,9157600
DFS,20090922,16.16,16.35,16.06,16.21,7394100
DFS,20090921,15.94,16.10,15.78,16.03,9040500
DFS,20090918,15.65,16.26,15.50,16.06,10586400
DFS,20090917,15.50,16.37,14.76,15.52,18861800
DFS,20090916,15.17,15.70,15.10,15.32,11295500
DFS,20090915,14.65,15.22,14.60,15.14,12738400
DFS,20090914,14.64,15.07,14.52,15.03,8652600
DFS,20090911,14.58,14.80,14.39,14.71,7505000
DFS,20090910,14.25,14.59,14.06,14.47,7715000
DFS,20090909,13.75,14.32,13.75,14.30,6927400
DFS,20090908,13.70,13.87,13.59,13.75,6395200
DFS,20090904,13.71,13.77,13.34,13.55,4965500
DFS,20090903,13.12,13.64,12.95,13.64,8500100
DFS,20090902,12.96,13.19,12.87,12.98,7728800
DFS,20090901,13.55,13.72,12.95,13.06,11682200
DFS,20090831,13.77,13.93,13.40,13.75,8832700
DFS,20090828,14.12,14.24,13.87,14.23,4833500
DFS,20090827,13.93,14.09,13.68,13.98,6144600
DFS,20090826,13.61,14.12,13.32,14.01,8490500
DFS,20090825,13.85,14.02,13.56,13.62,7603100
DFS,20090824,14.16,14.21,13.57,13.72,10645300
DFS,20090821,13.20,13.59,13.14,13.51,6871400
DFS,20090820,12.54,13.19,12.48,13.12,7342700
DFS,20090819,12.29,12.71,12.22,12.52,9550100
DFS,20090818,12.19,12.52,12.04,12.46,7311600
DFS,20090817,12.35,12.36,11.97,12.13,10888700
DFS,20090814,12.57,12.68,12.23,12.48,7098000
DFS,20090813,12.68,12.78,12.49,12.60,7624500
DFS,20090812,12.42,12.63,12.15,12.50,6272800
DFS,20090811,12.33,12.56,12.17,12.28,9864500
DFS,20090810,12.75,12.90,12.25,12.40,8935800
DFS,20090807,12.74,12.90,12.39,12.76,9967300
DFS,20090806,12.71,12.85,12.29,12.58,10697400
DFS,20090805,12.54,12.60,12.11,12.53,10112000
DFS,20090804,12.17,12.56,12.07,12.40,6247900
DFS,20090803,12.24,12.48,12.05,12.23,7254000
DFS,20090731,11.99,12.30,11.88,11.88,8262800
DFS,20090730,11.78,12.28,11.75,11.99,7329300
DFS,20090729,11.63,11.72,11.31,11.67,7838800
DFS,20090728,11.92,12.05,11.75,11.93,5205100
DFS,20090727,12.08,12.19,11.90,12.03,5383800
DFS,20090724,11.34,12.14,11.30,12.06,6591400
DFS,20090723,11.42,11.81,11.22,11.66,9399200
DFS,20090722,10.96,11.52,10.92,11.39,5566300
DFS,20090721,11.35,11.49,11.08,11.23,6522900
DFS,20090720,10.95,11.44,10.95,11.35,6732200
DFS,20090717,11.10,11.10,10.68,10.92,5749000
DFS,20090716,10.72,11.24,10.51,11.08,11581900
DFS,20090715,10.45,11.04,10.35,10.85,15845200
DFS,20090714,10.16,10.30,9.88,10.22,9719200
DFS,20090713,9.93,10.15,9.68,10.14,12822500
DFS,20090710,9.50,9.76,9.38,9.61,11037100
DFS,20090709,9.26,9.66,9.25,9.57,20233200
DFS,20090708,9.60,9.69,9.00,9.12,73866300
DFS,20090707,9.45,9.61,9.24,9.37,27788100
DFS,20090706,10.08,10.51,9.98,10.50,8179000
DFS,20090702,10.09,10.32,9.91,10.14,5471500
DFS,20090701,10.32,10.57,10.25,10.27,6342400
DFS,20090630,10.71,10.75,9.96,10.27,10512700
DFS,20090629,10.25,10.88,10.06,10.69,13171900
DFS,20090626,10.18,10.21,9.75,9.90,5401800
DFS,20090625,9.59,10.23,9.47,10.22,8816400
DFS,20090624,9.26,9.68,9.20,9.63,7683800
DFS,20090623,9.37,9.51,8.91,9.18,8685100
DFS,20090622,9.18,9.80,9.13,9.31,11967900
DFS,20090619,9.38,9.55,9.04,9.32,8880000
DFS,20090618,9.60,9.80,9.15,9.27,11635700
DFS,20090617,9.05,9.13,8.58,8.91,6649600
DFS,20090616,9.54,9.54,9.08,9.10,5809900
DFS,20090615,9.21,9.81,9.20,9.48,6337400
DFS,20090612,9.40,9.63,9.20,9.30,3369800
DFS,20090611,9.94,10.00,9.48,9.65,5466200
DFS,20090610,9.72,9.98,9.50,9.74,6128200
DFS,20090609,9.21,9.78,9.09,9.67,5952100
DFS,20090608,9.23,9.34,8.95,9.18,6394600
DFS,20090605,9.64,9.69,9.25,9.41,4174600
DFS,20090604,9.49,9.56,9.23,9.44,7000400
DFS,20090603,9.54,9.72,9.35,9.41,6352600
DFS,20090602,10.03,10.04,9.52,9.64,7275900
DFS,20090601,9.74,10.40,9.69,10.09,12870800
DFS,20090529,9.13,9.60,8.87,9.56,14234900
DFS,20090528,8.99,9.11,8.59,9.10,8196000
DFS,20090527,8.94,9.14,8.59,8.62,8741600
DFS,20090526,8.32,8.92,8.16,8.89,7589600
DFS,20090522,8.62,8.68,8.33,8.36,4464100
DFS,20090521,8.59,8.69,8.31,8.59,8557200
DFS,20090520,9.02,9.22,8.58,8.68,6621900
DFS,20090519,9.21,9.21,8.78,8.83,6335900
DFS,20090518,8.81,9.29,8.65,9.22,8138100
DFS,20090515,8.74,8.96,8.43,8.59,6846100
DFS,20090514,8.52,8.79,8.35,8.75,7338700
DFS,20090513,8.95,8.95,8.48,8.54,8277900
DFS,20090512,9.79,9.97,8.93,9.15,10635000
DFS,20090511,10.23,10.25,9.65,9.68,9885000
DFS,20090508,10.78,10.89,10.15,10.66,14689200
DFS,20090507,11.28,11.65,10.29,10.36,17351000
DFS,20090506,9.52,10.76,9.50,10.33,15598700
DFS,20090505,8.87,9.35,8.71,9.11,9693600
DFS,20090504,8.16,9.05,8.12,8.98,10037200
DFS,20090501,8.06,8.37,8.02,8.12,5864700
DFS,20090430,8.60,8.83,8.08,8.13,12628400
DFS,20090429,8.45,8.77,8.32,8.48,10966400
DFS,20090428,8.03,8.68,7.86,8.33,9095200
DFS,20090427,8.87,8.88,8.07,8.08,8837600
DFS,20090424,8.62,9.41,8.41,9.09,11754400
DFS,20090423,8.05,8.62,8.00,8.51,6265900
DFS,20090422,7.78,8.55,7.72,8.03,9547400
DFS,20090421,7.24,8.24,7.03,8.23,9461900
DFS,20090420,8.52,8.62,7.46,7.49,12156100
DFS,20090417,8.30,8.83,8.15,8.55,9627800
DFS,20090416,8.15,8.46,7.91,8.36,11230500
DFS,20090415,7.32,8.18,7.05,8.15,14259000
DFS,20090414,8.17,8.32,7.49,7.57,13882100
DFS,20090413,8.03,8.60,7.87,8.45,12426300
DFS,20090409,7.38,8.22,7.20,8.19,16824400
DFS,20090408,6.46,6.86,6.36,6.83,7827200
DFS,20090407,6.36,6.63,6.29,6.40,6675000
DFS,20090406,6.64,6.64,6.33,6.56,5699200
DFS,20090403,6.47,6.80,6.19,6.75,7863800
DFS,20090402,6.70,6.89,6.41,6.59,9178500
DFS,20090401,6.12,6.58,6.02,6.47,7399100
DFS,20090331,6.09,6.42,5.94,6.31,9518100
DFS,20090330,6.55,6.61,5.75,5.78,10685100
DFS,20090327,7.00,7.03,6.70,6.80,5883000
DFS,20090326,6.52,7.17,6.40,7.14,11061500
DFS,20090325,6.05,6.52,6.02,6.47,11010700
DFS,20090324,6.24,6.49,5.92,6.03,9814400
DFS,20090323,6.03,6.55,5.71,6.54,10898000
DFS,20090320,6.38,6.38,5.50,5.51,12025700
DFS,20090319,7.72,7.91,6.25,6.28,14163000
DFS,20090318,6.49,7.27,6.13,7.24,15227400
DFS,20090317,6.25,6.58,5.97,6.57,9621900
DFS,20090316,6.60,6.79,6.14,6.25,11366800
DFS,20090313,6.56,6.66,5.61,6.23,13884700
DFS,20090312,5.93,6.67,5.69,6.62,10746400
DFS,20090311,5.96,6.14,5.76,5.94,8715000
DFS,20090310,5.69,6.09,5.43,6.06,12592400
DFS,20090309,4.88,5.31,4.83,5.21,5662100
DFS,20090306,4.87,5.04,4.73,4.95,6281700
DFS,20090305,5.28,5.44,4.76,4.89,9746900
DFS,20090304,5.42,5.75,5.18,5.52,6951600
DFS,20090303,5.19,5.55,5.11,5.28,8018100
DFS,20090302,5.61,5.66,5.10,5.14,7514100
DFS,20090227,5.98,6.28,5.72,5.73,8758100
DFS,20090226,6.11,6.97,6.06,6.18,9599700
DFS,20090225,6.26,6.35,5.70,6.00,7651300
DFS,20090224,5.61,6.23,5.26,6.19,8415700
DFS,20090223,5.83,6.04,5.56,5.57,8805900
DFS,20090220,5.41,5.94,5.05,5.74,10795100
DFS,20090219,6.40,6.46,5.54,5.56,6089400
DFS,20090218,6.19,6.36,5.91,6.30,6690700
DFS,20090217,6.75,6.93,6.08,6.10,10773500
DFS,20090213,7.08,7.36,6.95,7.01,6397500
DFS,20090212,6.89,7.18,6.76,7.14,8220300
DFS,20090211,7.01,7.25,6.94,7.21,5771200
DFS,20090210,7.87,7.96,6.96,7.01,7197700
DFS,20090209,7.71,8.04,7.56,7.96,7938900
DFS,20090206,7.26,7.73,7.20,7.68,13371100
DFS,20090205,7.45,7.45,6.94,7.14,9249500
DFS,20090204,7.28,7.45,7.07,7.18,7295900
DFS,20090203,7.39,7.41,7.08,7.22,4953300
DFS,20090202,6.97,7.39,6.92,7.36,5940900
DFS,20090130,7.31,7.61,7.08,7.15,7283100
DFS,20090129,6.88,7.90,6.88,7.46,4998200
DFS,20090128,7.97,7.99,7.57,7.91,9098700
DFS,20090127,7.57,7.67,7.27,7.44,3891600
DFS,20090126,7.36,7.74,7.25,7.41,4215400
DFS,20090123,7.18,7.62,6.89,7.50,6205200
DFS,20090122,7.70,7.80,7.31,7.39,6919100
DFS,20090121,7.81,7.97,7.43,7.94,7878100
DFS,20090120,7.31,7.93,7.31,7.43,9444100
DFS,20090116,7.83,8.10,7.56,7.60,9013200
DFS,20090115,7.91,8.11,7.45,7.61,9279600
DFS,20090114,8.29,8.43,7.85,7.94,6512700
DFS,20090113,8.58,8.87,8.32,8.61,6182000
DFS,20090112,8.82,8.96,8.53,8.66,5132400
DFS,20090109,8.92,8.95,8.52,8.71,3729500
DFS,20090108,8.89,9.02,8.68,8.90,3851000
DFS,20090107,9.55,9.55,8.85,8.93,5061000
DFS,20090106,9.88,9.93,9.53,9.71,6355900
DFS,20090105,9.40,9.81,9.35,9.75,4553300
DFS,20090102,9.69,9.71,9.29,9.51,4232100
DFS,20081231,8.97,9.63,8.71,9.53,3754300
DFS,20081230,8.66,9.01,8.51,8.98,3236800
DFS,20081229,8.37,8.66,8.37,8.57,2843200
DFS,20081226,8.85,8.85,8.23,8.37,1705200
DFS,20081224,8.71,8.85,8.44,8.57,1323200
DFS,20081223,8.79,9.03,8.60,8.67,3070600
DFS,20081222,9.33,9.45,8.64,8.75,3675700
DFS,20081219,9.38,9.72,9.01,9.33,6708200
DFS,20081218,9.39,10.19,9.18,9.26,11054300
DFS,20081217,8.63,9.40,8.46,8.58,6773200
DFS,20081216,8.93,9.15,8.48,9.06,7046800
DFS,20081215,8.99,9.20,8.57,8.73,4121600
DFS,20081212,9.00,9.22,8.57,8.97,7041000
DFS,20081211,10.01,10.17,8.93,9.11,6852200
DFS,20081210,10.44,10.58,9.59,10.18,5092300
DFS,20081209,10.95,11.17,10.23,10.35,5504000
DFS,20081208,11.22,11.47,10.95,11.12,5239100
DFS,20081205,9.87,10.96,9.61,10.88,5777500
DFS,20081204,10.11,10.87,9.87,10.02,4759700
DFS,20081203,9.54,10.50,9.06,10.40,6148900
DFS,20081202,9.68,10.10,9.37,9.97,5974200
DFS,20081201,9.68,10.06,9.35,9.40,8585900
DFS,20081128,10.00,10.34,9.98,10.23,2676400
DFS,20081126,9.35,10.37,9.07,10.21,4890400
DFS,20081125,10.17,10.21,9.27,9.67,6971200
DFS,20081124,8.04,9.83,7.39,9.74,11470700
DFS,20081121,7.11,7.76,6.63,7.65,11165800
DFS,20081120,7.30,7.66,6.59,6.67,7626000
DFS,20081119,7.93,8.27,7.33,7.41,7727000
DFS,20081118,8.81,9.19,7.87,8.06,7613500
DFS,20081117,9.35,9.50,8.80,8.97,6159600
DFS,20081114,9.15,10.18,8.98,9.47,5852800
DFS,20081113,9.25,9.66,8.25,9.58,8639900
DFS,20081112,9.82,10.00,8.96,9.07,8209500
DFS,20081111,10.78,11.07,9.83,10.05,10926500
DFS,20081110,11.77,12.24,10.88,11.00,6008600
DFS,20081107,11.77,11.93,11.44,11.83,5225300
DFS,20081106,11.90,12.19,11.51,11.77,7273800
DFS,20081105,12.35,12.64,12.00,12.07,5759900
DFS,20081104,12.33,12.74,12.14,12.50,4946600
DFS,20081103,12.04,12.32,11.74,11.99,3864300
DFS,20081031,11.18,12.32,11.11,12.25,5982100
DFS,20081030,11.41,12.14,11.00,11.28,6113000
DFS,20081029,11.70,11.87,11.03,11.14,8408200
DFS,20081028,10.75,11.68,9.82,11.65,8169300
DFS,20081027,9.81,10.41,9.59,9.68,4546300
DFS,20081024,9.69,10.47,9.27,10.14,5211300
DFS,20081023,10.13,10.61,9.76,10.52,8321200
DFS,20081022,10.84,10.84,9.91,10.29,7198600
DFS,20081021,11.54,11.92,10.82,10.97,6081900
DFS,20081020,10.96,11.89,10.42,11.80,6699600
DFS,20081017,10.03,11.07,10.03,10.74,7911100
DFS,20081016,10.39,10.50,9.26,10.31,8807400
DFS,20081015,11.29,11.30,9.89,10.02,8398200
DFS,20081014,11.85,12.75,11.40,11.76,11320600
DFS,20081013,10.59,10.75,9.90,10.60,6048600
DFS,20081010,9.20,10.16,8.35,9.57,11159500
DFS,20081009,10.50,10.71,9.63,9.63,10917800
DFS,20081008,9.54,10.76,7.52,9.99,6663000
DFS,20081007,10.83,11.27,9.65,9.74,5929200
DFS,20081006,10.50,11.25,9.98,10.70,6852600
DFS,20081003,13.39,13.39,10.55,11.07,7376400
DFS,20081002,14.01,14.03,12.61,12.96,4916000
DFS,20081001,13.61,13.99,13.30,13.78,5069800
DFS,20080930,14.01,14.26,13.44,13.82,4760100
DFS,20080929,13.36,13.88,12.91,13.50,7015700
DFS,20080926,14.55,14.78,13.60,13.92,4634600
DFS,20080925,15.70,15.70,14.33,14.82,4149200
DFS,20080924,16.00,16.15,14.61,15.22,3063600
DFS,20080923,15.21,15.86,15.10,15.50,3756600
DFS,20080922,16.42,16.50,15.08,15.29,5650900
DFS,20080919,15.41,16.99,14.60,16.00,12360000
DFS,20080918,14.55,15.29,11.17,14.67,23066500
DFS,20080917,14.78,15.50,13.77,14.15,12243400
DFS,20080916,15.08,15.74,14.73,15.46,12550100
DFS,20080915,16.76,17.59,15.81,15.81,10530700
DFS,20080912,16.68,17.70,16.59,17.63,5881000
DFS,20080911,16.05,17.14,15.89,17.08,7719100
DFS,20080910,16.59,17.20,16.11,16.81,7499800
DFS,20080909,17.07,17.38,16.29,16.41,10503400
DFS,20080908,17.51,18.15,16.51,17.34,9500500
DFS,20080905,15.80,16.43,15.25,16.42,6467200
DFS,20080904,17.05,17.05,16.08,16.13,5160900
DFS,20080903,17.00,17.16,16.53,17.00,5224700
DFS,20080902,16.73,17.26,16.60,17.11,6064100
DFS,20080829,16.08,16.67,15.90,16.45,4366000
DFS,20080828,15.64,16.26,15.45,16.26,4781200
DFS,20080827,15.23,15.62,15.08,15.57,3230700
DFS,20080826,15.12,15.57,15.00,15.50,3524600
DFS,20080825,15.46,15.52,15.08,15.15,3072500
DFS,20080822,15.42,15.69,15.12,15.60,4129500
DFS,20080821,14.39,15.36,14.13,15.21,5239200
DFS,20080820,14.38,14.66,14.06,14.59,3884700
DFS,20080819,14.87,14.87,14.05,14.38,4985800
DFS,20080818,15.68,15.70,15.03,15.07,4481700
DFS,20080815,15.07,15.71,14.86,15.61,7499400
DFS,20080814,13.88,14.83,13.88,14.63,4201300
DFS,20080813,14.29,14.46,13.82,14.20,7460100
DFS,20080812,15.20,15.27,14.27,14.34,5039700
DFS,20080811,15.12,15.90,14.68,15.39,4550000
DFS,20080808,14.14,15.15,14.11,14.97,5618900
DFS,20080807,14.77,14.99,14.12,14.29,7368000
DFS,20080806,15.33,15.33,14.81,15.06,5280000
DFS,20080805,15.04,15.40,14.53,15.34,5294000
DFS,20080804,14.99,14.99,14.30,14.51,4358100
DFS,20080801,15.06,15.13,14.36,14.99,5066800
DFS,20080731,14.68,15.09,14.10,14.65,6172800
DFS,20080730,14.67,15.83,14.44,14.92,8880500
DFS,20080729,13.47,14.64,13.38,14.61,7568300
DFS,20080728,14.11,14.43,13.27,13.35,8669400
DFS,20080725,13.93,14.29,13.49,14.05,6422900
DFS,20080724,15.08,15.32,13.68,13.82,9210900
DFS,20080723,14.62,15.50,14.62,15.32,12386600
DFS,20080722,14.68,14.68,13.67,14.62,18245000
DFS,20080721,16.42,16.61,15.12,15.19,5949300
DFS,20080718,16.21,16.43,15.33,16.33,6642000
DFS,20080717,15.00,17.16,14.86,16.16,11685600
DFS,20080716,13.48,14.89,13.05,14.77,8811800
DFS,20080715,12.98,14.13,12.51,13.43,12357200
DFS,20080714,14.20,14.44,12.90,12.93,6984300
DFS,20080711,13.75,14.37,13.24,14.02,8253200
DFS,20080710,13.86,14.48,13.62,13.95,9102900
DFS,20080709,14.17,14.56,13.78,13.90,7864900
DFS,20080708,13.35,14.25,13.11,14.17,8376500
DFS,20080707,13.82,14.43,13.18,13.42,7401000
DFS,20080703,13.95,14.27,13.75,13.78,3379400
DFS,20080702,14.06,14.15,13.72,13.76,6142000
DFS,20080701,13.00,14.06,13.00,14.00,10153800
DFS,20080630,13.62,13.83,13.00,13.17,8472100
DFS,20080627,13.18,13.85,13.18,13.57,10211100
DFS,20080626,14.12,14.60,13.14,13.15,10874900
DFS,20080625,15.05,15.14,13.87,14.33,9220300
DFS,20080624,14.56,15.24,14.45,15.04,4949200
DFS,20080623,14.50,14.74,14.03,14.56,5104900
DFS,20080620,14.66,14.83,14.32,14.41,5164700
DFS,20080619,14.76,15.27,14.37,14.82,8063200
DFS,20080618,15.36,15.37,14.64,15.25,5620900
DFS,20080617,16.27,16.45,15.45,15.48,3193000
DFS,20080616,15.57,16.21,15.17,16.13,4985000
DFS,20080613,15.38,15.68,15.08,15.65,4021500
DFS,20080612,14.63,15.61,14.63,15.30,6150700
DFS,20080611,15.27,15.65,14.52,14.52,4378900
DFS,20080610,15.24,15.71,14.84,15.20,4256600
DFS,20080609,16.00,16.49,14.95,15.33,5154600
DFS,20080606,16.69,16.69,15.60,15.70,4768100
DFS,20080605,16.48,17.02,16.00,16.87,4996900
DFS,20080604,15.79,16.26,15.34,15.94,4932300
DFS,20080603,16.46,16.50,15.80,15.80,4943800
DFS,20080602,17.05,17.05,15.84,16.30,5654000
DFS,20080530,17.28,17.45,16.76,17.15,4049600
DFS,20080529,17.04,17.46,16.81,17.25,3191800
DFS,20080528,17.23,17.52,16.85,17.16,2755100
DFS,20080527,17.01,17.47,16.75,17.15,2795500
DFS,20080523,17.04,17.10,16.53,16.84,2920100
DFS,20080522,17.07,17.37,16.90,17.16,2710600
DFS,20080521,17.81,18.00,16.99,17.08,3967400
DFS,20080520,18.32,18.45,17.42,17.90,5609800
DFS,20080519,18.38,18.95,18.24,18.67,2778600
DFS,20080516,18.56,18.68,18.24,18.41,3354600
DFS,20080515,18.37,18.90,18.10,18.68,3588300
DFS,20080514,18.25,18.63,18.17,18.44,2772900
DFS,20080513,18.21,18.25,17.82,18.17,3319200
DFS,20080512,17.57,18.22,17.50,17.99,2877400
DFS,20080509,17.66,18.01,17.36,17.52,3188500
DFS,20080508,18.48,18.48,17.57,17.99,3012400
DFS,20080507,19.27,19.46,18.17,18.24,3535700
DFS,20080506,18.57,19.32,18.44,19.23,3920400
DFS,20080505,18.64,19.29,18.52,18.84,3977000
DFS,20080502,19.70,19.87,18.63,18.70,7320500
DFS,20080501,18.12,19.64,18.08,19.25,5618300
DFS,20080430,18.74,18.74,17.85,18.21,5517500
DFS,20080429,18.93,19.02,18.43,18.66,2772600
DFS,20080428,18.91,19.46,18.88,18.92,5967400
DFS,20080425,18.51,19.02,18.32,18.85,3898100
DFS,20080424,18.10,18.38,17.87,18.31,5622200
DFS,20080423,18.09,18.31,17.84,17.96,3589300
DFS,20080422,18.31,18.49,17.91,18.06,2552700
DFS,20080421,18.25,18.69,18.11,18.48,2634900
DFS,20080418,18.52,18.98,18.16,18.48,4016700
DFS,20080417,17.85,18.50,17.67,18.21,2757000
DFS,20080416,17.13,17.95,17.13,17.95,3590600
DFS,20080415,17.13,17.42,16.69,17.02,3513100
DFS,20080414,17.51,17.73,16.56,17.04,4119600
DFS,20080411,17.49,18.36,17.35,17.55,4127200
DFS,20080410,17.73,17.91,17.12,17.80,4031300
DFS,20080409,18.54,18.54,17.55,17.70,5248600
DFS,20080408,18.44,18.84,17.92,18.37,6708900
DFS,20080407,17.46,18.84,17.46,18.09,8179300
DFS,20080404,17.72,17.78,16.96,17.14,3958000
DFS,20080403,17.49,17.86,16.67,17.68,4696100
DFS,20080402,17.63,18.09,17.00,17.47,4581000
DFS,20080401,16.55,17.79,16.55,17.73,8233100
DFS,20080331,16.00,16.57,15.87,16.37,2742500
DFS,20080328,16.27,16.45,15.94,15.98,3673700
DFS,20080327,16.20,16.64,15.89,16.22,3665400
DFS,20080326,16.90,16.94,15.96,15.99,5033400
DFS,20080325,16.77,17.48,16.26,17.22,4770700
DFS,20080324,16.80,17.56,16.58,16.68,7231600
DFS,20080320,15.27,17.00,15.27,16.76,8412400
DFS,20080319,17.04,17.47,14.90,15.20,9266900
DFS,20080318,15.44,17.40,15.44,17.40,6699200
DFS,20080317,14.90,15.38,14.22,15.18,6271200
DFS,20080314,15.90,16.00,14.52,15.47,6402900
DFS,20080313,15.04,16.00,14.28,15.75,7547300
DFS,20080312,14.84,16.01,14.80,15.28,7212900
DFS,20080311,14.20,15.39,13.88,15.03,8255700
DFS,20080310,14.13,14.31,13.00,13.30,5781800
DFS,20080307,13.58,14.42,13.16,14.15,6101400
DFS,20080306,14.49,14.63,13.76,13.80,4707100
DFS,20080305,14.68,15.25,14.57,14.72,4126400
DFS,20080304,14.82,14.96,13.73,14.73,7094400
DFS,20080303,14.69,15.45,14.69,14.98,4419000
DFS,20080229,15.57,15.94,15.09,15.09,3802900
DFS,20080228,16.02,16.02,15.56,15.76,3557200
DFS,20080227,16.07,16.72,15.76,16.10,3978300
DFS,20080226,15.39,16.40,15.39,16.19,5460500
DFS,20080225,15.15,15.83,14.81,15.50,5092100
DFS,20080222,15.37,15.40,14.29,15.10,7817100
DFS,20080221,14.69,14.90,14.09,14.16,2851700
DFS,20080220,13.83,14.67,13.70,14.57,7077600
DFS,20080219,14.35,14.55,13.91,13.97,6719800
DFS,20080215,14.57,14.78,14.14,14.23,6862300
DFS,20080214,15.25,15.41,14.69,14.81,5875800
DFS,20080213,15.28,15.42,15.12,15.28,5115500
DFS,20080212,15.28,15.62,14.79,14.98,5311800
DFS,20080211,15.63,15.76,15.06,15.17,9401600
DFS,20080208,16.16,16.19,15.52,15.63,6680000
DFS,20080207,16.00,16.46,15.85,16.21,8793400
DFS,20080206,15.94,16.02,15.33,15.77,6759400
DFS,20080205,16.16,16.60,15.50,15.80,6129100
DFS,20080204,17.06,17.39,16.16,16.34,8015200
DFS,20080201,17.21,17.98,17.00,17.96,8163500
DFS,20080131,16.08,17.99,15.58,17.49,10777400
DFS,20080130,16.31,17.02,16.22,16.30,5705500
DFS,20080129,16.08,16.50,15.87,16.35,6238600
DFS,20080128,15.45,16.01,15.02,16.00,4384200
DFS,20080125,15.88,16.90,15.43,15.56,5721000
DFS,20080124,14.62,17.09,14.52,15.70,7367200
DFS,20080123,12.31,14.65,11.77,14.60,8571600
DFS,20080122,10.94,13.81,10.94,12.71,9300700
DFS,20080118,12.65,13.06,12.41,12.63,6151400
DFS,20080117,13.09,13.25,12.50,12.55,6612800
DFS,20080116,13.11,13.33,12.69,13.07,7914100
DFS,20080115,13.40,13.50,13.13,13.20,10260500
DFS,20080114,13.81,13.97,13.42,13.56,6970600
DFS,20080111,13.87,14.00,13.43,13.73,9056900
DFS,20080110,13.97,14.63,13.34,14.26,8705900
DFS,20080109,13.57,14.21,13.40,14.18,5481500
DFS,20080108,14.43,14.68,13.54,13.60,4379100
DFS,20080107,14.10,14.77,13.99,14.38,4056600
DFS,20080104,14.61,14.69,13.62,13.94,4191000
DFS,20080103,14.98,15.26,14.76,14.83,4608900
DFS,20080102,15.10,15.49,14.84,14.90,4215300
DFS,20071231,14.88,15.27,14.87,15.08,3255500
DFS,20071228,15.14,15.38,14.81,14.94,3749400
DFS,20071227,15.72,15.78,15.20,15.20,3386300
DFS,20071226,15.31,15.78,15.31,15.71,2503200
DFS,20071224,15.32,15.73,15.32,15.63,1653300
DFS,20071221,15.66,15.75,15.31,15.50,6675500
DFS,20071220,16.35,16.99,15.34,15.46,7280200
DFS,20071219,16.14,16.14,15.55,15.89,3626800
DFS,20071218,15.69,16.05,15.54,15.89,4466000
DFS,20071217,15.54,15.97,15.20,15.61,4135200
DFS,20071214,16.16,16.19,15.50,15.64,6832200
DFS,20071213,16.40,16.47,15.80,16.42,6276600
DFS,20071212,16.72,17.10,16.12,16.51,7542400
DFS,20071211,17.26,17.26,16.29,16.32,3755400
DFS,20071210,16.77,17.75,16.68,17.27,3549000
DFS,20071207,16.83,17.13,16.40,16.76,4843000
DFS,20071206,16.63,17.32,16.47,17.32,2490100
DFS,20071205,16.33,16.83,16.31,16.45,2925600
DFS,20071204,16.32,16.68,16.19,16.21,5385500
DFS,20071203,17.37,17.85,16.28,16.39,7066400
DFS,20071130,17.77,18.58,17.21,17.37,7056800
DFS,20071129,17.76,17.76,17.21,17.28,3924100
DFS,20071128,16.91,17.68,16.90,17.65,4580500
DFS,20071127,16.25,16.79,16.25,16.75,3894100
DFS,20071126,17.00,17.00,16.20,16.30,5691600
DFS,20071123,16.39,16.85,15.95,16.68,1605200
DFS,20071121,15.72,16.55,15.72,16.25,6162200
DFS,20071120,16.89,17.09,15.98,16.44,6536900
DFS,20071119,17.20,17.20,16.65,16.74,6857900
DFS,20071116,17.76,18.05,17.50,17.76,3061800
DFS,20071115,18.18,18.30,17.59,17.68,4739100
DFS,20071114,18.88,19.30,18.27,18.29,3774400
DFS,20071113,18.20,19.50,17.97,19.00,6170400
DFS,20071112,17.95,18.70,17.53,18.01,5020800
DFS,20071109,17.00,17.99,17.00,17.82,4576800
DFS,20071108,17.16,17.79,16.96,17.70,5583200
DFS,20071107,17.50,18.02,17.14,17.26,7694400
DFS,20071106,18.14,18.47,17.86,18.24,3727400
DFS,20071105,18.14,18.23,17.74,18.15,4607700
DFS,20071102,18.67,18.67,17.67,18.18,10119800
DFS,20071101,18.95,18.98,17.50,18.52,7765900
DFS,20071031,20.80,20.91,19.00,19.30,8865500
DFS,20071030,19.40,20.41,19.13,20.14,5484300
DFS,20071029,19.16,19.87,19.16,19.49,6023500
DFS,20071026,18.68,19.01,17.99,18.93,9463800
DFS,20071025,18.38,18.64,16.91,17.56,10096200
DFS,20071024,19.39,19.50,17.79,18.39,8320900
DFS,20071023,20.00,20.17,19.06,19.41,4104800
DFS,20071022,19.08,19.76,18.85,19.68,4088400
DFS,20071019,20.49,20.54,19.69,19.80,7103200
DFS,20071018,20.61,20.74,20.27,20.53,4580600
DFS,20071017,21.63,21.73,20.44,20.78,3501000
DFS,20071016,21.34,21.37,20.77,20.93,3155500
DFS,20071015,22.10,22.20,20.91,21.38,2822500
DFS,20071012,22.09,22.29,21.85,22.13,1775200
DFS,20071011,22.85,23.13,21.94,22.03,3776600
DFS,20071010,23.00,23.01,22.50,22.65,4030500
DFS,20071009,22.67,23.33,22.61,23.03,3488500
DFS,20071008,22.60,22.76,22.48,22.65,2088800
DFS,20071005,22.23,22.90,22.20,22.73,3201100
DFS,20071004,21.50,22.07,21.38,22.02,3491400
DFS,20071003,21.30,22.10,21.25,21.35,2493400
DFS,20071002,21.57,22.14,21.27,21.37,2774300
DFS,20071001,21.00,21.59,20.63,21.57,3324900
DFS,20070928,20.70,20.87,20.33,20.80,3736300
DFS,20070927,21.16,21.33,20.59,20.67,5640600
DFS,20070926,21.65,21.94,21.21,21.25,4631500
DFS,20070925,22.26,22.26,21.17,21.72,9227000
DFS,20070924,22.70,23.48,22.24,22.26,4334300
DFS,20070921,22.75,22.80,21.98,22.40,10196300
DFS,20070920,23.27,24.00,22.61,22.66,2683300
DFS,20070919,23.22,23.82,23.02,23.41,4394100
DFS,20070918,21.40,23.09,21.16,23.09,3637000
DFS,20070917,21.21,21.41,20.50,21.32,2233500
DFS,20070914,21.29,21.56,21.01,21.27,1839600
DFS,20070913,21.00,21.74,21.00,21.34,2328500
DFS,20070912,20.45,21.44,20.25,21.00,3052400
DFS,20070911,20.52,21.15,20.47,20.61,2838100
DFS,20070910,21.17,21.52,20.25,20.56,2746400
DFS,20070907,21.98,21.98,20.86,21.11,3985000
DFS,20070906,22.51,22.52,22.05,22.28,3297000
DFS,20070905,22.68,23.12,22.36,22.55,2703300
DFS,20070904,23.05,23.56,22.63,23.43,2459400
DFS,20070831,23.01,23.88,22.54,23.14,3092600
DFS,20070830,22.82,23.00,22.50,22.76,2269400
DFS,20070829,22.57,23.58,21.59,23.33,2932600
DFS,20070828,23.32,23.55,22.56,22.71,4219100
DFS,20070827,24.02,24.04,23.70,23.83,1629600
DFS,20070824,23.42,24.02,23.38,23.99,2001000
DFS,20070823,23.94,24.03,23.18,23.70,2904000
DFS,20070822,23.66,24.00,23.25,23.73,3601000
DFS,20070821,23.09,23.96,23.07,23.67,2471000
DFS,20070820,23.10,23.50,22.48,23.45,3786500
DFS,20070817,23.89,23.99,22.91,23.18,5668600
DFS,20070816,20.50,23.14,20.47,22.85,5503500
DFS,20070815,21.89,22.40,21.16,21.66,3690300
DFS,20070814,22.29,22.66,21.71,21.96,3845000
DFS,20070813,21.26,22.29,21.26,22.10,7115200
DFS,20070810,21.75,21.95,20.35,20.86,10813200
DFS,20070809,23.40,23.96,22.06,22.16,4554600
DFS,20070808,23.50,24.57,23.00,24.29,5645200
DFS,20070807,22.05,23.53,21.72,22.88,3885200
DFS,20070806,22.24,23.53,21.25,22.15,6010700
DFS,20070803,22.66,23.11,21.53,21.99,5256100
DFS,20070802,22.50,24.05,22.48,23.37,3032900
DFS,20070801,22.68,23.07,22.05,22.88,5583900
DFS,20070731,23.65,24.10,22.83,23.05,4132300
DFS,20070730,23.40,23.93,22.37,23.57,5056000
DFS,20070727,24.26,24.70,23.33,23.33,6678000
DFS,20070726,23.26,24.88,22.75,24.62,9834900
DFS,20070725,24.76,24.84,23.75,24.10,8391500
DFS,20070724,25.54,25.60,24.93,25.00,5483800
DFS,20070723,26.30,26.51,26.10,26.12,4711800
DFS,20070720,26.71,27.12,26.25,26.30,5751300
DFS,20070719,26.25,26.95,26.25,26.71,4868900
DFS,20070718,26.45,26.50,25.70,26.36,4594800
DFS,20070717,26.96,26.99,26.31,26.50,5434600
DFS,20070716,27.21,27.45,26.66,26.84,9892000
DFS,20070713,26.47,27.43,26.02,27.16,6752500
DFS,20070712,25.59,26.59,25.21,26.34,10297300
DFS,20070711,25.02,25.27,24.75,25.21,10251400
DFS,20070710,25.60,25.65,24.80,24.90,8591800
DFS,20070709,25.72,26.54,25.44,25.54,11675200
DFS,20070706,25.64,25.86,25.21,25.64,7211800
DFS,20070705,26.25,26.92,25.74,25.93,8422000
DFS,20070703,27.50,27.50,26.15,26.67,8600100
DFS,20070702,28.55,29.15,27.20,27.50,10999000
DFS,20070629,29.99,30.30,27.93,28.50,3085200
DFS,20070628,29.88,29.90,29.16,29.50,488900
DFS,20070627,30.60,30.80,29.57,29.58,1127300
DFS,20070626,31.30,31.65,30.25,30.41,853900
DFS,20070625,31.50,32.00,31.01,31.30,490000
DFS,20070622,31.50,32.17,31.00,31.70,1490700
DFS,20070621,30.06,31.95,29.61,31.21,842700
DFS,20070620,30.04,30.10,29.57,29.81,855900
DFS,20070619,30.00,30.30,29.60,29.70,1585100
DFS,20070618,29.32,30.20,29.30,29.93,1591000
DFS,20070615,29.50,29.80,28.88,29.08,790100
DFS,20070614,28.00,30.50,28.00,28.75,3279100
