DPS,20150310,78.08,78.48,77.89,77.95,1059500
DPS,20150309,78.38,79.05,78.16,78.79,1098700
DPS,20150306,78.80,78.80,78.09,78.35,2161200
DPS,20150305,78.33,79.05,78.07,78.90,1376700
DPS,20150304,78.97,78.99,77.66,78.02,1808800
DPS,20150303,79.26,79.31,78.49,78.99,1059100
DPS,20150302,78.93,79.42,78.79,79.20,1039100
DPS,20150227,78.19,79.10,78.11,78.79,1398500
DPS,20150226,79.07,79.07,77.90,78.19,3503100
DPS,20150225,79.00,79.23,78.51,79.03,813900
DPS,20150224,78.68,79.08,78.34,78.91,1488900
DPS,20150223,78.82,79.00,78.44,78.85,874500
DPS,20150220,77.99,78.84,77.42,78.82,1322300
DPS,20150219,78.05,78.80,77.95,78.22,1626800
DPS,20150218,76.68,78.30,76.68,78.02,1377400
DPS,20150217,76.56,77.47,76.26,77.07,1518100
DPS,20150213,77.55,77.78,76.15,76.95,2685000
DPS,20150212,80.50,81.45,77.77,78.30,2782800
DPS,20150211,78.92,79.53,78.40,79.49,1656300
DPS,20150210,78.69,79.11,77.71,78.79,1273100
DPS,20150209,78.03,78.37,77.51,77.88,939900
DPS,20150206,76.46,78.39,76.46,77.99,1953400
DPS,20150205,78.66,78.89,77.24,77.36,1922900
DPS,20150204,77.75,79.20,77.62,78.65,1249200
DPS,20150203,78.46,78.85,77.62,77.82,1225100
DPS,20150202,77.43,78.53,76.70,78.50,1400300
DPS,20150130,78.71,78.79,77.13,77.27,1590500
DPS,20150129,78.64,79.21,77.91,79.08,1870900
DPS,20150128,79.48,80.04,78.30,78.46,1050200
DPS,20150127,78.37,79.51,78.15,79.20,1497200
DPS,20150126,78.51,79.17,78.08,79.12,1264900
DPS,20150123,79.45,79.49,78.42,78.51,1088800
DPS,20150122,79.14,79.41,78.26,79.34,3003900
DPS,20150121,77.83,78.80,77.32,78.74,2058900
DPS,20150120,77.12,77.83,76.27,77.80,1445000
DPS,20150116,75.48,76.50,75.32,76.46,1036500
DPS,20150115,74.81,76.09,74.81,75.51,1566700
DPS,20150114,73.17,74.87,73.06,74.81,1395600
DPS,20150113,73.93,74.87,73.36,73.79,1311400
DPS,20150112,74.16,74.19,73.13,73.23,1049900
DPS,20150109,74.23,74.26,73.40,73.85,1155700
DPS,20150108,73.23,74.25,73.15,74.20,1794800
DPS,20150107,71.92,72.75,71.76,72.52,1163600
DPS,20150106,71.64,71.99,70.78,71.48,1549100
DPS,20150105,70.99,71.71,70.93,71.38,1433500
DPS,20150102,71.68,72.34,70.97,71.60,1042400
DPS,20141231,72.80,72.91,71.68,71.68,871300
DPS,20141230,72.63,73.14,72.50,72.70,813000
DPS,20141229,72.98,73.26,72.25,72.91,599500
DPS,20141226,73.40,73.48,73.08,73.11,461500
DPS,20141224,73.42,73.98,73.39,73.48,500900
DPS,20141223,73.12,73.60,73.00,73.45,936000
DPS,20141222,71.92,72.80,71.92,72.76,1073000
DPS,20141219,72.21,72.84,71.32,71.66,2703800
DPS,20141218,71.29,72.31,70.73,72.31,2347600
DPS,20141217,69.83,70.79,69.71,70.51,2068100
DPS,20141216,69.75,71.45,69.39,69.89,1227900
DPS,20141215,70.58,70.89,69.78,69.91,1364100
DPS,20141212,70.63,71.63,70.17,70.21,1435500
DPS,20141211,70.88,71.68,70.71,71.03,1283200
DPS,20141210,71.27,72.16,71.10,71.24,1572100
DPS,20141209,71.24,71.84,70.50,71.25,1631700
DPS,20141208,72.04,72.44,71.54,71.76,1480000
DPS,20141205,71.99,72.25,71.58,71.94,1389200
DPS,20141204,72.46,72.80,71.97,72.12,1788500
DPS,20141203,73.48,73.68,72.29,72.40,2774600
DPS,20141202,72.94,73.96,72.70,73.59,2105300
DPS,20141201,72.84,73.66,72.46,73.03,1529300
DPS,20141128,73.19,74.28,73.19,74.00,708700
DPS,20141126,73.07,73.41,72.64,72.89,1329300
DPS,20141125,72.65,73.73,72.55,73.26,1764900
DPS,20141124,72.25,72.81,72.04,72.69,1673500
DPS,20141121,72.55,72.63,71.59,71.98,1815100
DPS,20141120,70.87,72.12,70.87,71.76,1494300
DPS,20141119,71.17,71.20,70.69,71.18,2333100
DPS,20141118,71.16,71.45,70.67,70.90,1970700
DPS,20141117,70.00,70.77,69.83,70.75,1258300
DPS,20141114,70.73,70.77,69.81,70.10,1215100
DPS,20141113,70.83,71.50,70.19,70.71,1408000
DPS,20141112,69.32,70.74,69.04,70.66,1552700
DPS,20141111,70.48,70.56,69.62,69.74,1254700
DPS,20141110,69.95,70.56,69.60,70.47,1184700
DPS,20141107,69.93,70.35,69.49,69.95,1168500
DPS,20141106,69.25,70.03,69.13,69.94,1792300
DPS,20141105,70.98,70.99,68.84,69.00,1889800
DPS,20141104,69.64,70.54,69.63,70.35,1617500
DPS,20141103,69.09,69.69,69.08,69.53,1468500
DPS,20141031,69.68,69.88,68.96,69.25,1884300
DPS,20141030,67.87,69.26,67.52,68.94,1683400
DPS,20141029,67.92,68.14,67.29,67.72,1237200
DPS,20141028,68.38,68.71,67.47,67.90,1453100
DPS,20141027,66.35,67.96,66.25,67.92,1832100
DPS,20141024,67.02,67.49,66.43,66.80,1587500
DPS,20141023,67.13,69.35,66.75,66.95,2675300
DPS,20141022,65.37,65.63,64.45,65.43,2433700
DPS,20141021,64.78,65.66,64.50,65.36,1529900
DPS,20141020,63.10,64.95,62.96,64.88,1790100
DPS,20141017,62.22,63.31,61.76,63.09,1853100
DPS,20141016,61.30,62.14,60.65,61.85,2229500
DPS,20141015,63.57,63.90,61.26,62.14,2382700
DPS,20141014,64.04,64.60,63.99,64.08,1594000
DPS,20141013,64.27,64.62,63.69,63.79,1095000
DPS,20141010,64.52,65.19,64.41,64.43,1650800
DPS,20141009,65.32,65.77,64.10,64.26,1879700
DPS,20141008,64.33,65.24,64.14,65.20,1401200
DPS,20141007,64.44,64.98,64.17,64.17,1634500
DPS,20141006,64.98,64.98,64.07,64.69,981900
DPS,20141003,64.18,64.90,63.60,64.74,1842000
DPS,20141002,63.47,63.91,63.35,63.60,2068500
DPS,20141001,64.23,64.50,63.56,63.57,1650600
DPS,20140930,64.23,64.51,63.87,64.31,1116600
DPS,20140929,63.70,64.12,63.52,64.09,1295300
DPS,20140926,63.91,64.18,63.42,64.05,1216400
DPS,20140925,64.62,64.62,63.75,63.95,1055100
DPS,20140924,63.97,64.99,63.96,64.94,1411300
DPS,20140923,65.07,65.17,63.79,63.80,1907600
DPS,20140922,64.10,65.43,64.08,65.32,2422800
DPS,20140919,63.51,64.54,63.23,64.17,2216700
DPS,20140918,63.09,63.54,62.98,63.36,864500
DPS,20140917,63.57,63.72,63.02,63.13,1076500
DPS,20140916,62.56,63.69,62.42,63.51,1753300
DPS,20140915,62.06,62.69,61.76,62.52,1092800
DPS,20140912,62.65,62.70,61.81,61.88,1187500
DPS,20140911,62.21,62.84,62.16,62.80,1118900
DPS,20140910,62.37,62.80,62.37,62.71,969800
DPS,20140909,62.38,62.48,61.90,62.25,1402700
DPS,20140908,62.18,62.41,62.01,62.31,1083600
DPS,20140905,62.54,62.65,62.06,62.23,1209700
DPS,20140904,63.41,63.70,62.53,62.59,1781000
DPS,20140903,63.12,63.48,63.10,63.47,1320400
DPS,20140902,62.82,63.41,62.65,63.03,1731700
DPS,20140829,62.62,63.01,62.44,62.92,1572000
DPS,20140828,61.65,62.64,61.60,62.49,1558400
DPS,20140827,61.08,61.82,60.93,61.82,1374200
DPS,20140826,61.07,61.60,60.72,60.88,1390000
DPS,20140825,60.79,61.10,60.59,60.96,1353300
DPS,20140822,61.28,61.34,60.43,60.48,1671000
DPS,20140821,61.08,61.67,60.94,61.14,1069700
DPS,20140820,61.20,61.20,60.79,60.92,868100
DPS,20140819,60.88,61.15,60.74,61.14,1082500
DPS,20140818,60.86,61.09,60.51,60.83,2107400
DPS,20140815,60.85,61.10,60.33,60.40,3480200
DPS,20140814,60.56,60.80,60.33,60.52,1703200
DPS,20140813,60.67,60.89,60.31,60.42,1369300
DPS,20140812,60.59,60.75,60.35,60.40,1471500
DPS,20140811,60.70,60.93,60.50,60.59,2248000
DPS,20140808,60.09,60.52,59.65,60.40,1263500
DPS,20140807,60.46,60.66,59.83,59.94,932400
DPS,20140806,59.02,60.20,59.02,60.18,1476100
DPS,20140805,59.21,59.40,58.87,59.03,1296100
DPS,20140804,58.91,59.10,58.58,59.06,1394100
DPS,20140801,58.78,59.66,58.64,58.70,1647600
DPS,20140731,59.44,59.44,58.65,58.76,1554100
DPS,20140730,61.05,61.14,59.50,59.69,1956000
DPS,20140729,61.66,61.84,60.70,60.70,2015100
DPS,20140728,61.70,61.92,61.30,61.76,1490000
DPS,20140725,60.98,61.67,60.80,61.56,1702600
DPS,20140724,59.29,61.52,59.29,60.98,3696900
DPS,20140723,58.96,59.00,58.35,58.44,2110200
DPS,20140722,58.84,59.00,58.56,58.67,1543800
DPS,20140721,59.22,59.25,58.52,58.86,989200
DPS,20140718,59.15,59.46,58.94,59.45,962700
DPS,20140717,59.09,59.58,58.87,58.90,1170000
DPS,20140716,59.45,59.59,59.04,59.34,1748800
DPS,20140715,59.32,59.50,59.15,59.38,2810600
DPS,20140714,59.29,59.65,59.21,59.28,872200
DPS,20140711,58.98,59.15,58.74,59.03,1316600
DPS,20140710,58.12,59.07,58.07,58.93,1146200
DPS,20140709,58.63,58.87,58.50,58.55,1338400
DPS,20140708,58.80,58.87,58.30,58.41,1710000
DPS,20140707,59.01,59.27,58.80,58.84,1531700
DPS,20140703,58.99,59.23,58.90,59.07,827600
DPS,20140702,58.97,59.23,58.80,58.98,1071600
DPS,20140701,58.75,59.44,58.62,58.99,1723300
DPS,20140630,58.42,58.91,58.16,58.58,1318800
DPS,20140627,58.46,58.70,57.89,58.25,2340200
DPS,20140626,58.47,58.92,58.33,58.60,1260700
DPS,20140625,58.41,58.77,58.33,58.51,1310500
DPS,20140624,58.52,58.77,58.45,58.56,2128500
DPS,20140623,59.90,59.94,58.98,59.32,1568400
DPS,20140620,59.92,60.50,59.86,60.03,1924600
DPS,20140619,59.65,60.23,59.50,60.17,2061400
DPS,20140618,58.29,60.27,58.25,60.22,2185800
DPS,20140617,58.67,58.99,58.00,58.32,1662300
DPS,20140616,57.74,58.91,57.66,58.70,1446000
DPS,20140613,57.80,57.94,57.63,57.78,830400
DPS,20140612,57.93,58.05,57.44,57.85,1403300
DPS,20140611,58.16,58.72,58.16,58.22,1117600
DPS,20140610,58.15,58.58,57.94,58.42,1473200
DPS,20140609,58.38,58.66,58.32,58.56,1236100
DPS,20140606,58.47,58.65,58.21,58.52,1031300
DPS,20140605,57.91,58.59,57.62,58.49,1789600
DPS,20140604,56.93,58.08,56.87,58.06,2201900
DPS,20140603,57.48,57.53,56.82,56.86,1997400
DPS,20140602,57.76,57.83,57.25,57.56,1531900
DPS,20140530,57.63,58.16,57.54,57.70,1517100
DPS,20140529,57.18,57.88,57.14,57.85,824300
DPS,20140528,56.90,57.26,56.66,56.84,1642800
DPS,20140527,56.94,57.07,56.68,56.79,1373600
DPS,20140523,57.20,57.31,56.88,56.99,813500
DPS,20140522,57.23,57.29,56.92,57.20,898100
DPS,20140521,57.06,57.39,56.92,57.27,939800
DPS,20140520,57.20,57.62,56.85,57.10,1044600
DPS,20140519,57.09,57.26,56.78,57.22,1009900
DPS,20140516,56.75,57.25,56.69,57.21,978100
DPS,20140515,56.98,57.11,56.67,56.83,850000
DPS,20140514,57.18,57.41,56.98,57.24,1114000
DPS,20140513,57.14,57.40,56.98,57.23,1048100
DPS,20140512,57.03,57.34,56.84,57.15,901100
DPS,20140509,56.59,56.91,56.32,56.91,952400
DPS,20140508,56.61,56.97,56.41,56.56,1069500
DPS,20140507,56.42,56.70,56.00,56.68,1385800
DPS,20140506,55.72,56.28,55.57,56.15,1576500
DPS,20140505,55.72,56.24,55.65,55.86,1327700
DPS,20140502,55.48,56.10,55.40,55.97,1359000
DPS,20140501,55.50,55.69,55.07,55.59,1609500
DPS,20140430,55.00,55.47,54.82,55.42,1400600
DPS,20140429,55.40,55.50,54.80,55.09,1497400
DPS,20140428,54.00,55.59,53.86,55.40,2784600
DPS,20140425,53.63,53.76,53.14,53.58,1271300
DPS,20140424,54.48,54.76,53.75,53.82,2756800
DPS,20140423,54.80,55.34,53.83,54.48,4122700
DPS,20140422,52.45,52.66,52.23,52.39,993200
DPS,20140421,52.44,52.83,52.41,52.55,825500
DPS,20140417,52.48,52.80,52.25,52.54,1124300
DPS,20140416,52.22,52.42,51.77,52.40,1509500
DPS,20140415,51.24,51.71,51.18,51.68,2264000
DPS,20140414,51.39,51.63,50.98,51.19,1531700
DPS,20140411,52.08,52.28,51.17,51.19,3138300
DPS,20140410,52.72,52.99,52.01,52.07,2318600
DPS,20140409,51.62,52.62,51.49,52.58,3047500
DPS,20140408,53.17,53.17,51.48,51.62,5419800
DPS,20140407,53.73,54.06,53.67,53.68,1580700
DPS,20140404,53.97,54.61,53.61,53.71,1673700
DPS,20140403,53.86,54.26,53.48,53.77,1860800
DPS,20140402,53.78,54.03,53.71,53.73,1609800
DPS,20140401,54.39,54.55,53.60,53.76,2865800
DPS,20140331,54.22,54.59,54.01,54.46,1461800
DPS,20140328,53.78,54.15,53.66,53.95,1297000
DPS,20140327,53.66,54.07,53.43,53.72,2005600
DPS,20140326,52.97,53.72,52.96,53.39,2120800
DPS,20140325,52.60,52.79,52.41,52.76,1256700
DPS,20140324,52.85,53.05,52.36,52.40,2096400
DPS,20140321,52.92,53.03,52.57,52.77,2369400
DPS,20140320,52.17,52.54,51.93,52.54,1396500
DPS,20140319,52.71,52.89,52.09,52.31,1425900
DPS,20140318,52.66,52.89,52.49,52.77,1321400
DPS,20140317,52.52,52.82,52.41,52.72,1244300
DPS,20140314,51.79,52.70,51.79,52.38,1861900
DPS,20140313,52.61,52.65,51.84,51.86,2523200
DPS,20140312,52.73,53.10,52.68,52.99,1432300
DPS,20140311,52.53,53.03,52.41,52.99,1920100
DPS,20140310,52.35,52.59,52.32,52.48,1789700
DPS,20140307,52.27,52.30,51.98,52.29,2647000
DPS,20140306,52.15,52.29,51.93,52.00,2449900
DPS,20140305,51.93,52.24,51.83,52.08,1767200
DPS,20140304,52.07,52.07,51.63,51.95,2484300
DPS,20140303,51.84,51.89,51.13,51.68,3492500
DPS,20140228,51.77,52.51,51.74,52.11,2855400
DPS,20140227,51.55,51.79,51.26,51.65,2295900
DPS,20140226,52.66,52.66,51.45,51.59,3016400
DPS,20140225,52.05,52.49,51.93,52.48,3394600
DPS,20140224,51.89,52.18,51.74,51.75,2406600
DPS,20140221,51.55,51.91,51.31,51.74,2284400
DPS,20140220,51.15,51.66,50.94,51.47,2128200
DPS,20140219,50.66,51.12,50.38,50.96,2600500
DPS,20140218,50.30,50.64,49.91,50.62,2856500
DPS,20140214,50.09,50.58,50.01,50.30,3262200
DPS,20140213,49.95,50.24,49.85,50.07,3236300
DPS,20140212,49.46,51.03,49.31,49.99,4876500
DPS,20140211,48.59,48.99,48.50,48.90,2629500
DPS,20140210,48.99,49.03,48.53,48.70,1795800
DPS,20140207,48.24,48.98,48.13,48.89,1704400
DPS,20140206,47.83,48.14,47.53,47.86,1119100
DPS,20140205,47.13,47.74,47.00,47.57,1203500
DPS,20140204,47.34,47.59,47.11,47.31,1312600
DPS,20140203,47.88,47.88,46.88,47.22,2565300
DPS,20140131,47.91,48.31,47.65,47.88,1907300
DPS,20140130,48.07,48.43,48.01,48.29,1312200
DPS,20140129,48.65,48.73,47.80,47.90,1636500
DPS,20140128,49.00,49.08,48.60,48.98,1355100
DPS,20140127,48.51,49.33,48.42,49.05,1300200
DPS,20140124,48.92,49.17,48.47,48.47,1047000
DPS,20140123,49.20,49.51,48.77,49.09,3263100
DPS,20140122,49.67,49.86,49.26,49.44,1693000
DPS,20140121,48.77,49.66,48.77,49.65,2101400
DPS,20140117,48.48,48.56,48.13,48.49,1179600
DPS,20140116,47.99,48.59,47.97,48.35,876400
DPS,20140115,48.20,48.23,47.69,48.07,755900
DPS,20140114,47.64,48.25,47.50,48.04,1220900
DPS,20140113,48.24,48.29,47.35,47.43,1207100
DPS,20140110,47.99,48.44,47.99,48.43,673900
DPS,20140109,47.76,48.10,47.66,47.97,929600
DPS,20140108,48.01,48.16,47.28,47.72,2340000
DPS,20140107,47.83,48.36,47.71,48.10,1261700
DPS,20140106,47.79,47.93,47.45,47.72,932900
DPS,20140103,47.89,48.05,47.36,47.60,992900
DPS,20140102,48.86,48.93,47.48,47.67,1182300
DPS,20131231,48.88,48.99,48.48,48.72,595900
DPS,20131230,48.79,49.15,48.79,48.84,574500
DPS,20131227,48.77,48.91,48.54,48.80,380400
DPS,20131226,48.49,48.65,48.33,48.59,308100
DPS,20131224,48.17,48.60,48.17,48.50,285900
DPS,20131223,48.57,48.61,48.04,48.19,518700
DPS,20131220,47.89,48.45,47.89,48.42,1509100
DPS,20131219,48.19,48.26,47.57,47.80,940800
DPS,20131218,47.37,48.22,47.16,48.22,1292000
DPS,20131217,47.66,47.72,47.06,47.35,1045000
DPS,20131216,47.64,47.95,47.64,47.75,1460600
DPS,20131213,47.70,47.95,47.55,47.58,986200
DPS,20131212,47.93,48.00,47.17,47.30,1656700
DPS,20131211,48.54,48.82,48.31,48.31,1304800
DPS,20131210,48.60,48.72,48.20,48.39,879200
DPS,20131209,48.98,48.99,48.54,48.74,939700
DPS,20131206,48.52,49.02,48.52,49.00,705800
DPS,20131205,48.50,48.56,48.16,48.21,1306300
DPS,20131204,47.95,48.67,47.79,48.63,813600
DPS,20131203,47.73,48.13,47.44,48.11,1856500
DPS,20131202,48.47,48.47,47.32,47.74,1420700
DPS,20131129,48.46,48.79,48.22,48.26,559500
DPS,20131127,48.23,48.57,48.08,48.47,492900
DPS,20131126,48.50,48.60,47.98,48.19,927900
DPS,20131125,49.10,49.11,48.42,48.49,1063400
DPS,20131122,49.14,49.23,48.87,48.94,890400
DPS,20131121,48.58,49.22,48.55,49.17,787400
DPS,20131120,48.54,49.01,48.36,48.41,803500
DPS,20131119,48.52,48.73,48.41,48.45,1127400
DPS,20131118,48.66,48.85,48.20,48.66,1176100
DPS,20131115,48.74,48.87,48.22,48.56,891100
DPS,20131114,48.23,48.92,48.13,48.75,836500
DPS,20131113,47.78,48.20,47.47,48.14,806000
DPS,20131112,47.76,47.99,47.47,47.94,1095400
DPS,20131111,47.83,47.99,47.69,47.91,915800
DPS,20131108,47.36,47.93,47.00,47.91,1055200
DPS,20131107,47.86,47.94,47.30,47.33,964300
DPS,20131106,47.29,47.93,47.18,47.76,1135200
DPS,20131105,47.08,47.46,46.98,47.28,870800
DPS,20131104,47.34,47.54,46.98,47.18,848300
DPS,20131101,47.45,47.55,47.15,47.43,979200
DPS,20131031,47.45,47.54,47.24,47.35,1434700
DPS,20131030,47.67,47.67,47.35,47.47,1774400
DPS,20131029,47.68,47.87,47.44,47.71,1869600
DPS,20131028,46.72,47.83,46.72,47.51,1880200
DPS,20131025,46.46,47.14,46.46,46.67,1722500
DPS,20131024,46.74,46.99,46.42,46.49,1788100
DPS,20131023,45.44,46.82,45.24,46.49,2686800
DPS,20131022,45.01,45.71,45.01,45.37,1458800
DPS,20131021,44.99,45.01,44.55,44.98,1157600
DPS,20131018,45.02,45.06,44.89,45.01,1575900
DPS,20131017,44.89,45.17,44.73,45.03,1332800
DPS,20131016,44.12,45.05,44.08,45.04,1778000
DPS,20131015,44.15,44.25,43.71,43.78,1189600
DPS,20131014,43.79,44.19,43.55,44.17,1045900
DPS,20131011,43.67,43.96,43.45,43.92,1355500
DPS,20131010,43.98,44.11,43.84,44.05,1369100
DPS,20131009,43.50,43.81,43.36,43.63,2244400
DPS,20131008,43.32,43.65,43.18,43.47,1729200
DPS,20131007,43.31,43.61,43.29,43.38,1276100
DPS,20131004,43.34,43.54,43.29,43.47,1695300
DPS,20131003,44.00,44.09,43.36,43.41,2088400
DPS,20131002,44.33,44.33,43.71,44.00,2008600
DPS,20131001,44.78,44.90,44.28,44.48,1658600
DPS,20130930,44.71,44.90,44.45,44.82,1217600
DPS,20130927,44.96,45.05,44.57,44.98,1138900
DPS,20130926,45.06,45.20,44.84,45.07,1113200
DPS,20130925,45.28,45.46,44.77,44.95,1191200
DPS,20130924,45.34,45.78,45.23,45.27,1337800
DPS,20130923,45.41,45.50,45.08,45.29,916800
DPS,20130920,45.92,45.94,45.56,45.59,1684000
DPS,20130919,45.53,45.94,45.17,45.79,2026400
DPS,20130918,45.62,46.11,45.32,46.09,1130400
DPS,20130917,45.15,45.61,45.13,45.52,889300
DPS,20130916,45.24,45.50,45.06,45.13,1175100
DPS,20130913,44.70,45.04,44.55,44.91,967000
DPS,20130912,44.03,44.56,43.90,44.56,1742100
DPS,20130911,44.54,44.60,44.16,44.31,1839500
DPS,20130910,44.74,44.90,44.46,44.54,1212300
DPS,20130909,44.57,44.65,44.20,44.58,1410300
DPS,20130906,44.69,44.88,44.17,44.47,2002200
DPS,20130905,45.22,45.26,44.49,44.61,1039700
DPS,20130904,44.58,45.25,44.27,45.25,1323600
DPS,20130903,45.01,45.14,44.53,44.60,1833300
DPS,20130830,44.62,44.76,44.52,44.76,1520300
DPS,20130829,44.72,44.80,44.48,44.59,1570100
DPS,20130828,45.20,45.54,44.67,44.90,1818700
DPS,20130827,45.01,45.61,44.89,45.36,1129400
DPS,20130826,45.69,45.69,45.18,45.32,872100
DPS,20130823,45.34,45.71,45.30,45.62,909800
DPS,20130822,45.21,45.40,44.93,45.24,583500
DPS,20130821,45.48,45.51,45.10,45.16,1173400
DPS,20130820,45.27,45.74,45.14,45.58,1385300
DPS,20130819,44.71,45.25,44.53,45.20,1090400
DPS,20130816,45.17,45.24,44.72,44.83,1264700
DPS,20130815,45.78,45.94,45.13,45.28,1124800
DPS,20130814,46.47,46.68,45.81,45.86,1022200
DPS,20130813,46.69,46.80,46.33,46.46,649700
DPS,20130812,46.65,46.77,46.45,46.62,774200
DPS,20130809,46.96,47.09,46.66,46.85,818300
DPS,20130808,47.25,47.35,46.97,47.04,921200
DPS,20130807,47.08,47.32,46.91,47.22,595800
DPS,20130806,47.29,47.44,46.99,47.15,1183400
DPS,20130805,47.40,47.65,47.11,47.47,610900
DPS,20130802,47.27,47.61,47.02,47.41,1138400
DPS,20130801,47.05,47.47,47.00,47.26,1443200
DPS,20130731,46.62,47.02,46.33,46.74,1440100
DPS,20130730,46.88,47.17,46.41,46.45,1002000
DPS,20130729,46.58,47.01,46.43,46.80,978400
DPS,20130726,46.00,46.65,45.80,46.64,1062100
DPS,20130725,46.33,46.39,45.85,46.11,1540900
DPS,20130724,47.64,47.64,46.04,46.32,2311300
DPS,20130723,47.92,47.95,47.53,47.68,1062800
DPS,20130722,48.03,48.19,47.58,47.82,999300
DPS,20130719,47.95,48.31,47.77,48.29,1117800
DPS,20130718,47.77,47.98,47.62,47.91,602600
DPS,20130717,47.56,47.73,47.45,47.70,615700
DPS,20130716,47.00,47.48,46.98,47.31,649400
DPS,20130715,47.39,47.73,47.33,47.50,531000
DPS,20130712,47.64,47.79,47.23,47.46,828800
DPS,20130711,47.44,47.73,47.36,47.57,916400
DPS,20130710,46.58,47.03,46.40,46.96,1045300
DPS,20130709,46.69,46.94,46.38,46.60,887200
DPS,20130708,46.51,46.72,46.13,46.39,735600
DPS,20130705,46.74,46.82,45.89,46.37,880800
DPS,20130703,46.36,46.58,45.95,46.58,787900
DPS,20130702,46.39,46.72,46.25,46.60,1013400
DPS,20130701,46.21,46.61,45.99,46.41,1155300
DPS,20130628,46.00,46.23,45.93,45.93,1911000
DPS,20130627,45.90,46.38,45.73,46.00,1039100
DPS,20130626,45.34,45.90,45.23,45.64,823600
DPS,20130625,45.44,45.46,44.70,44.98,1682200
DPS,20130624,45.13,45.56,44.92,45.19,1359900
DPS,20130621,45.57,45.73,45.08,45.54,2279700
DPS,20130620,46.34,46.62,45.36,45.38,1484900
DPS,20130619,47.29,47.65,46.60,46.60,837900
DPS,20130618,47.11,47.45,46.93,47.43,625100
DPS,20130617,47.15,47.30,46.86,47.10,845900
DPS,20130614,46.90,47.41,46.74,46.93,1037800
DPS,20130613,46.78,46.92,46.14,46.81,1238600
DPS,20130612,46.91,47.12,46.57,47.00,1658200
DPS,20130611,46.66,46.93,46.32,46.66,1318200
DPS,20130610,46.52,47.05,46.13,47.05,1521000
DPS,20130607,46.43,46.71,46.14,46.33,1021600
DPS,20130606,46.49,46.50,45.56,46.08,1251800
DPS,20130605,46.76,46.81,46.33,46.49,1087400
DPS,20130604,47.05,47.40,46.27,46.91,1715800
DPS,20130603,46.11,47.02,45.38,47.02,1902100
DPS,20130531,46.75,46.87,45.97,45.98,1538200
DPS,20130530,47.60,47.74,46.92,46.96,992300
DPS,20130529,48.37,48.39,47.40,47.46,1126600
DPS,20130528,48.54,49.00,48.31,48.58,1311100
DPS,20130524,47.52,48.18,47.40,48.09,1021400
DPS,20130523,47.95,48.00,47.52,47.63,1618400
DPS,20130522,48.22,49.06,47.90,48.26,1500200
DPS,20130521,48.85,48.97,48.14,48.28,1790700
DPS,20130520,49.25,49.28,48.69,48.77,972500
DPS,20130517,49.65,49.76,48.82,49.25,1283500
DPS,20130516,50.19,50.19,49.28,49.59,1979500
DPS,20130515,49.31,50.37,49.12,50.36,1410800
DPS,20130514,48.92,49.33,48.84,49.30,1143900
DPS,20130513,48.86,49.13,48.70,48.92,887800
DPS,20130510,48.72,49.02,48.54,49.00,929300
DPS,20130509,49.24,49.44,48.50,48.62,1265900
DPS,20130508,49.42,49.49,49.05,49.40,802500
DPS,20130507,49.30,49.50,49.07,49.49,1120600
DPS,20130506,49.20,49.40,48.93,49.32,1647100
DPS,20130503,48.95,49.26,48.65,49.20,1244600
DPS,20130502,48.09,48.68,48.09,48.68,1335300
DPS,20130501,48.66,48.87,47.88,48.06,1110800
DPS,20130430,48.01,48.86,47.80,48.83,1726400
DPS,20130429,48.16,48.32,47.97,48.13,875000
DPS,20130426,48.10,48.19,47.84,48.08,1282100
DPS,20130425,48.28,48.44,47.88,48.12,1959000
DPS,20130424,48.71,50.29,48.06,48.19,3140100
DPS,20130423,47.53,48.12,47.40,47.78,1852400
DPS,20130422,48.02,48.12,47.69,47.88,1509500
DPS,20130419,47.30,48.26,47.30,48.07,1679800
DPS,20130418,47.03,47.54,47.03,47.11,1696800
DPS,20130417,47.39,47.49,46.76,46.93,1467000
DPS,20130416,47.18,47.64,46.97,47.52,1549700
DPS,20130415,47.39,47.66,46.73,46.73,1222000
DPS,20130412,47.14,47.77,47.14,47.64,1317400
DPS,20130411,47.08,47.74,47.04,47.61,1851200
DPS,20130410,46.51,47.52,46.40,46.98,1777600
DPS,20130409,46.75,46.82,46.22,46.35,947000
DPS,20130408,46.10,46.73,45.89,46.68,999700
DPS,20130405,46.13,46.22,45.74,46.12,1003800
DPS,20130404,46.37,46.61,46.06,46.50,995400
DPS,20130403,46.80,46.83,45.94,46.29,1417800
DPS,20130402,46.81,46.84,46.51,46.64,1281900
DPS,20130401,46.90,47.00,46.59,46.67,902700
DPS,20130328,46.77,47.03,46.60,46.95,1128300
DPS,20130327,46.46,46.67,46.24,46.67,966400
DPS,20130326,46.50,46.95,46.44,46.70,920600
DPS,20130325,46.46,46.60,46.05,46.36,1147100
DPS,20130322,45.90,46.45,45.82,46.42,1455400
DPS,20130321,45.74,46.00,45.56,45.60,1104600
DPS,20130320,45.04,45.91,44.83,45.78,3084400
DPS,20130319,44.47,45.10,44.42,44.98,1640100
DPS,20130318,43.89,44.43,43.81,44.35,1307400
DPS,20130315,43.58,44.13,43.53,44.07,2138700
DPS,20130314,43.81,43.91,43.56,43.78,1011500
DPS,20130313,43.92,44.18,43.70,43.72,1164200
DPS,20130312,44.16,44.42,43.98,44.39,5039200
DPS,20130311,43.98,44.15,43.60,44.14,5795100
DPS,20130308,43.93,44.25,43.86,44.00,3860000
DPS,20130307,44.11,44.38,43.65,43.85,1527700
DPS,20130306,44.29,44.33,43.94,44.18,1805900
DPS,20130305,43.93,44.34,43.83,44.28,1426400
DPS,20130304,43.71,43.85,43.39,43.82,1371200
DPS,20130301,43.62,43.91,43.29,43.78,2112100
DPS,20130228,43.26,43.74,43.13,43.62,2217100
DPS,20130227,42.83,43.27,42.71,43.20,1631000
DPS,20130226,42.94,43.03,42.61,42.79,1666400
DPS,20130225,43.01,43.36,42.72,42.72,2530900
DPS,20130222,42.67,42.99,42.56,42.90,1796100
DPS,20130221,42.58,42.71,42.27,42.57,2203800
DPS,20130220,43.06,43.19,42.44,42.47,2806300
DPS,20130219,42.83,43.10,42.80,43.00,2958500
DPS,20130215,42.76,43.12,42.55,42.91,4157700
DPS,20130214,42.71,43.04,42.61,42.80,4137300
DPS,20130213,42.83,43.32,42.10,42.69,7704900
DPS,20130212,45.30,45.57,45.16,45.32,1696300
DPS,20130211,45.72,45.83,45.38,45.42,1099300
DPS,20130208,45.96,46.10,45.58,45.73,949800
DPS,20130207,46.04,46.26,45.86,45.98,580400
DPS,20130206,45.77,46.37,45.73,46.04,1051600
DPS,20130205,45.68,46.16,45.65,45.90,926800
DPS,20130204,45.15,45.74,45.10,45.42,1509500
DPS,20130201,45.36,45.45,45.10,45.24,1085600
DPS,20130131,45.25,45.39,45.00,45.07,990100
DPS,20130130,44.99,45.41,44.92,45.30,1171200
DPS,20130129,44.60,45.17,44.57,45.01,1172300
DPS,20130128,44.64,44.84,44.53,44.65,925600
DPS,20130125,44.69,44.69,44.34,44.56,979100
DPS,20130124,44.42,44.74,44.34,44.54,1011200
DPS,20130123,45.03,45.13,44.12,44.28,3194800
DPS,20130122,45.24,45.40,44.88,45.20,1396300
DPS,20130118,44.90,45.41,44.89,45.30,1182700
DPS,20130117,45.10,45.23,44.87,45.07,1344300
DPS,20130116,45.20,45.27,44.91,44.94,1043800
DPS,20130115,45.09,45.39,44.99,45.28,897000
DPS,20130114,44.95,45.26,44.95,45.19,979700
DPS,20130111,45.24,45.39,44.79,45.08,1381200
DPS,20130110,45.90,45.99,45.65,45.76,808800
DPS,20130109,45.48,45.81,45.48,45.70,576900
DPS,20130108,45.15,45.40,45.04,45.38,559200
DPS,20130107,45.48,45.60,45.21,45.24,658600
DPS,20130104,45.45,45.98,45.43,45.68,735200
DPS,20130103,45.56,45.63,45.29,45.42,983500
DPS,20130102,44.80,45.63,44.68,45.60,1285800
DPS,20121231,43.80,44.19,43.58,44.18,611700
DPS,20121228,44.03,44.24,43.85,43.88,446400
DPS,20121227,44.26,44.51,43.93,44.21,551800
DPS,20121226,44.69,44.74,44.27,44.28,541800
DPS,20121224,44.56,44.74,44.50,44.70,247200
DPS,20121221,44.58,44.95,44.42,44.68,1659000
DPS,20121220,44.52,44.91,44.52,44.82,860700
DPS,20121219,44.76,44.85,44.47,44.48,931000
DPS,20121218,44.54,44.81,44.28,44.69,1080500
DPS,20121217,44.73,44.88,44.39,44.59,1114200
DPS,20121214,44.31,44.77,44.29,44.63,952800
DPS,20121213,45.01,45.03,44.23,44.43,1234900
DPS,20121212,45.71,45.71,45.00,45.18,1760000
DPS,20121211,45.94,45.99,45.47,45.54,2120000
DPS,20121210,45.45,46.06,45.44,45.91,1086400
DPS,20121207,45.63,45.70,45.22,45.51,1696200
DPS,20121206,45.44,45.72,45.36,45.50,1084000
DPS,20121205,45.14,45.62,45.00,45.45,1000400
DPS,20121204,44.82,45.14,44.80,45.01,1339900
DPS,20121203,45.01,45.19,44.74,44.84,1121400
DPS,20121130,44.85,44.96,44.55,44.85,1605900
DPS,20121129,44.69,44.88,44.42,44.85,1170300
DPS,20121128,44.03,44.68,44.00,44.66,973800
DPS,20121127,44.27,44.59,44.08,44.23,999200
DPS,20121126,44.54,44.90,44.20,44.24,1151000
DPS,20121123,44.07,44.81,43.81,44.81,333800
DPS,20121121,43.93,44.08,43.65,44.03,682700
DPS,20121120,43.39,43.89,43.26,43.87,1540100
DPS,20121119,43.22,43.49,43.07,43.45,1115500
DPS,20121116,42.59,43.05,42.25,42.85,2482900
DPS,20121115,42.95,43.32,42.53,42.60,2350500
DPS,20121114,43.48,43.77,42.95,43.01,1673200
DPS,20121113,43.83,44.15,43.44,43.45,2794700
DPS,20121112,43.39,44.56,43.27,43.96,2070900
DPS,20121109,43.09,43.69,43.00,43.51,956000
DPS,20121108,43.40,43.62,43.00,43.24,1627800
DPS,20121107,43.53,43.78,43.05,43.54,1091100
DPS,20121106,43.42,43.77,43.11,43.72,892100
DPS,20121105,42.90,43.50,42.73,43.29,1015900
DPS,20121102,43.50,43.62,42.91,42.94,1310400
DPS,20121101,42.88,43.42,42.79,43.28,1373600
DPS,20121031,42.72,43.14,42.50,42.85,1297500
DPS,20121026,42.78,42.82,42.62,42.76,1309300
DPS,20121025,42.91,43.00,42.54,42.92,1531800
DPS,20121024,43.58,43.58,42.46,42.61,3856100
DPS,20121023,43.98,44.16,43.69,44.05,1886200
DPS,20121022,44.28,44.36,43.86,44.33,1555900
DPS,20121019,45.14,45.25,44.42,44.46,1121700
DPS,20121018,44.63,45.30,44.62,45.27,1093500
DPS,20121017,44.38,44.97,44.36,44.69,1254000
DPS,20121016,43.71,44.64,43.71,44.58,1203100
DPS,20121015,43.50,43.82,43.19,43.66,678800
DPS,20121012,43.52,43.69,43.41,43.46,1176500
DPS,20121011,43.32,43.67,43.29,43.41,1013900
DPS,20121010,43.80,43.99,42.99,43.23,2044100
DPS,20121009,44.06,44.30,43.80,43.91,1562900
DPS,20121008,44.03,44.23,43.78,44.05,857300
DPS,20121005,43.77,44.32,43.77,44.02,3027400
DPS,20121004,44.36,44.42,43.65,43.75,1714400
DPS,20121003,44.70,44.72,44.18,44.30,1507600
DPS,20121002,44.80,44.80,44.41,44.65,1605200
DPS,20121001,44.46,44.89,44.25,44.63,1999300
DPS,20120928,44.32,44.62,44.16,44.53,2582500
DPS,20120927,43.98,44.44,43.62,44.40,1162300
DPS,20120926,43.71,44.12,43.71,43.96,1359200
DPS,20120925,44.00,44.10,43.61,43.69,1333100
DPS,20120924,43.46,43.99,43.43,43.87,1294400
DPS,20120921,44.61,44.64,43.72,43.77,1817100
DPS,20120920,44.64,44.86,44.24,44.46,1742800
DPS,20120919,44.49,44.88,44.40,44.69,1300300
DPS,20120918,44.08,44.45,43.93,44.37,1241900
DPS,20120917,43.99,44.32,43.56,44.03,3894800
DPS,20120914,45.47,45.47,43.97,44.08,2364100
DPS,20120913,44.67,45.51,44.55,45.40,1290100
DPS,20120912,44.88,44.98,44.69,44.84,1468600
DPS,20120911,44.69,44.88,44.53,44.83,1736700
DPS,20120910,44.82,44.92,44.50,44.57,1245200
DPS,20120907,45.44,45.52,44.80,44.94,936800
DPS,20120906,45.00,45.52,44.90,45.44,1444700
DPS,20120905,44.88,44.96,44.60,44.79,1091600
DPS,20120904,44.77,44.94,44.65,44.93,825700
DPS,20120831,44.83,44.89,44.48,44.81,784800
DPS,20120830,44.81,44.87,44.46,44.60,818900
DPS,20120829,45.00,45.09,44.88,45.06,706800
DPS,20120828,45.25,45.30,44.99,44.99,647800
DPS,20120827,45.27,45.52,45.06,45.34,541700
DPS,20120824,44.57,45.25,44.57,45.19,1074200
DPS,20120823,45.21,45.23,44.59,44.67,1547300
DPS,20120822,45.19,45.42,45.07,45.33,717800
DPS,20120821,45.45,45.54,45.17,45.32,1210100
DPS,20120820,45.05,45.43,44.89,45.43,701500
DPS,20120817,44.97,45.17,44.95,45.16,1443800
DPS,20120816,44.90,45.13,44.79,44.91,1291000
DPS,20120815,45.01,45.23,44.88,45.04,759600
DPS,20120814,44.85,45.06,44.82,44.97,978700
DPS,20120813,44.91,45.16,44.69,44.69,917200
DPS,20120810,44.90,45.14,44.60,45.03,862000
DPS,20120809,45.29,45.47,44.93,45.01,868600
DPS,20120808,45.22,45.61,45.07,45.48,1354100
DPS,20120807,45.36,45.59,44.86,45.23,1734300
DPS,20120806,45.70,45.85,45.37,45.37,979100
DPS,20120803,45.56,45.75,45.45,45.60,925900
DPS,20120802,45.33,45.65,44.86,45.10,862900
DPS,20120801,45.69,45.71,45.22,45.45,1490500
DPS,20120731,45.56,45.78,45.27,45.58,1453400
DPS,20120730,45.46,45.84,45.30,45.58,1046100
DPS,20120727,44.95,45.72,44.71,45.59,2282200
DPS,20120726,44.43,44.85,42.34,44.66,3044200
DPS,20120725,43.35,44.03,43.17,43.77,2122000
DPS,20120724,43.45,43.65,42.91,43.34,1287700
DPS,20120723,43.39,43.59,43.02,43.50,832000
DPS,20120720,43.81,43.92,43.47,43.78,1122400
DPS,20120719,44.07,44.40,43.87,43.95,1117600
DPS,20120718,43.62,44.17,43.57,44.09,1168300
DPS,20120717,43.58,43.83,43.23,43.64,2454000
DPS,20120716,44.00,44.25,43.36,43.39,1329600
DPS,20120713,43.86,44.19,43.71,44.09,995600
DPS,20120712,43.50,43.82,43.24,43.70,1286400
DPS,20120711,43.86,43.89,43.36,43.63,937200
DPS,20120710,43.45,43.99,43.39,43.84,1311500
DPS,20120709,43.37,43.65,43.10,43.23,1088000
DPS,20120706,43.58,43.81,43.25,43.31,1065400
DPS,20120705,43.80,44.00,43.68,43.92,1309800
DPS,20120703,43.52,43.95,43.47,43.90,630600
DPS,20120702,43.61,43.85,43.40,43.54,1257900
DPS,20120629,43.57,43.88,43.47,43.75,1975500
DPS,20120628,42.61,43.49,42.24,43.47,2103100
DPS,20120627,42.64,43.03,42.58,42.79,1211300
DPS,20120626,42.70,42.78,42.17,42.52,1408900
DPS,20120625,42.60,42.90,42.54,42.66,1321000
DPS,20120622,42.43,43.26,42.36,42.90,2596400
DPS,20120621,42.71,43.09,42.21,42.22,1716500
DPS,20120620,42.76,42.87,42.37,42.66,1071400
DPS,20120619,42.94,43.30,42.74,42.82,1438600
DPS,20120618,42.82,43.04,42.67,42.90,1237100
DPS,20120615,43.00,43.07,42.65,42.69,2906900
DPS,20120614,42.88,43.13,41.87,42.87,3511100
DPS,20120613,43.43,43.50,42.70,43.22,4131100
DPS,20120612,42.99,43.76,42.81,43.65,4569800
DPS,20120611,42.79,42.95,42.39,42.45,2263100
DPS,20120608,41.88,42.68,41.79,42.64,2159900
DPS,20120607,41.61,42.14,41.43,41.86,1916600
DPS,20120606,40.91,41.49,40.86,41.39,1670000
DPS,20120605,40.62,40.94,40.50,40.84,1018100
DPS,20120604,40.74,41.10,40.57,40.83,1557300
DPS,20120601,40.81,41.03,40.50,40.63,2124000
DPS,20120531,41.57,41.57,41.11,41.26,2575000
DPS,20120530,40.97,41.23,40.80,41.09,2172300
DPS,20120529,41.21,41.21,40.74,41.10,1827800
DPS,20120525,40.71,41.27,40.62,41.09,1696300
DPS,20120524,41.14,41.31,40.57,40.76,2326500
DPS,20120523,40.75,41.15,40.59,41.12,1716500
DPS,20120522,40.70,41.22,40.50,40.91,2049600
DPS,20120521,40.36,40.61,40.22,40.57,1938500
DPS,20120518,40.94,40.94,40.13,40.25,2824400
DPS,20120517,41.15,41.20,40.82,40.83,2164900
DPS,20120516,40.48,41.34,40.24,41.09,2834000
DPS,20120515,40.73,40.75,40.33,40.43,2119800
DPS,20120514,40.67,40.84,40.35,40.81,1834000
DPS,20120511,41.00,41.31,40.91,40.95,1353800
DPS,20120510,41.06,41.35,40.76,41.18,1915400
DPS,20120509,40.33,41.20,40.28,40.95,2531000
DPS,20120508,39.73,40.77,39.65,40.59,3331100
DPS,20120507,39.96,40.23,39.59,39.82,2878000
DPS,20120504,40.10,40.39,39.92,39.92,1967300
DPS,20120503,41.17,41.40,40.01,40.11,4329200
DPS,20120502,40.50,42.05,40.33,41.32,3512500
DPS,20120501,40.46,40.68,40.21,40.52,1374900
DPS,20120430,39.64,41.03,39.64,40.58,4467100
DPS,20120427,39.86,39.94,39.43,39.71,1823600
DPS,20120426,39.78,39.98,39.47,39.71,2730700
DPS,20120425,39.49,39.66,38.25,39.31,5330700
DPS,20120424,40.00,40.59,39.98,40.32,2150600
DPS,20120423,40.25,40.26,39.89,39.96,2129300
DPS,20120420,40.56,40.70,40.51,40.59,1474800
DPS,20120419,40.44,40.70,40.38,40.50,1743300
DPS,20120418,40.00,40.44,39.90,40.39,1921200
DPS,20120417,39.63,40.21,39.45,40.08,1695100
DPS,20120416,39.26,39.54,39.07,39.36,1863300
DPS,20120413,39.08,39.76,39.08,39.26,3625100
DPS,20120412,39.40,39.41,38.76,39.14,1519800
DPS,20120411,39.54,39.63,39.33,39.47,1391000
DPS,20120410,39.77,39.79,39.28,39.28,2386900
DPS,20120409,40.29,40.29,39.55,39.77,1854800
DPS,20120405,40.15,40.55,39.85,40.54,2216900
DPS,20120404,40.35,40.43,40.17,40.30,1943100
DPS,20120403,40.64,40.64,40.24,40.46,2091000
DPS,20120402,40.23,40.63,40.13,40.62,2448900
DPS,20120330,39.89,40.26,39.76,40.21,3485700
DPS,20120329,38.59,39.75,38.52,39.75,2388200
DPS,20120328,38.62,38.81,38.44,38.69,1816600
DPS,20120327,38.73,38.88,38.55,38.57,1407600
DPS,20120326,38.94,39.37,38.67,38.76,1938200
DPS,20120323,39.02,39.05,38.55,38.77,1528100
DPS,20120322,38.33,38.96,38.20,38.95,1842700
DPS,20120321,38.39,38.65,38.35,38.60,1454900
DPS,20120320,38.52,38.57,38.35,38.38,1437800
DPS,20120319,38.43,38.77,38.32,38.66,1210700
DPS,20120316,38.48,38.58,38.10,38.55,2744000
DPS,20120315,38.27,38.56,38.00,38.45,1731000
DPS,20120314,38.94,39.09,38.58,38.65,2313100
DPS,20120313,38.76,39.00,38.60,38.93,1502900
DPS,20120312,38.20,38.66,37.92,38.53,4494300
DPS,20120309,37.79,38.15,37.62,38.09,4157500
DPS,20120308,37.90,38.00,37.60,37.70,4386500
DPS,20120307,37.86,37.95,37.44,37.68,1587900
DPS,20120306,37.71,38.00,37.70,37.86,2318500
DPS,20120305,37.80,37.89,37.36,37.86,2337800
DPS,20120302,38.18,38.18,37.57,37.80,1955200
DPS,20120301,38.17,38.74,37.94,38.14,2436300
DPS,20120229,38.10,38.29,37.88,38.05,1636700
DPS,20120228,38.38,38.48,38.08,38.12,1807000
DPS,20120227,38.29,38.84,38.21,38.41,1659500
DPS,20120224,38.86,38.99,38.32,38.59,2076800
DPS,20120223,38.85,38.98,38.67,38.87,1204900
DPS,20120222,38.88,39.27,38.48,38.88,1617100
DPS,20120221,39.45,39.55,39.07,39.21,1697100
DPS,20120217,40.13,40.18,39.36,39.55,2427700
DPS,20120216,39.81,40.34,39.58,40.00,2675700
DPS,20120215,40.60,41.77,39.50,39.90,4420600
DPS,20120214,38.72,39.15,38.50,39.11,1717400
DPS,20120213,38.59,38.77,38.27,38.64,1439900
DPS,20120210,37.79,38.52,37.73,38.51,1897900
DPS,20120209,38.04,38.16,37.75,38.13,1794400
DPS,20120208,38.41,38.74,38.10,38.18,1869900
DPS,20120207,38.35,38.74,38.29,38.46,1735800
DPS,20120206,38.44,38.75,38.22,38.33,1857000
DPS,20120203,38.72,39.27,38.27,38.65,2725500
DPS,20120202,38.90,39.29,38.89,39.08,1330000
DPS,20120201,38.91,39.35,38.87,39.05,1383400
DPS,20120131,38.56,38.84,38.40,38.82,1485500
DPS,20120130,38.53,38.69,38.21,38.37,1526100
DPS,20120127,38.90,39.00,38.70,38.71,1413000
DPS,20120126,39.03,39.67,38.86,39.08,2485300
DPS,20120125,37.66,38.86,37.62,38.76,1928000
DPS,20120124,37.87,38.06,37.72,37.80,1495300
DPS,20120123,37.62,38.33,37.62,38.09,1273800
DPS,20120120,37.33,37.70,37.03,37.67,2385200
DPS,20120119,37.59,37.73,37.23,37.33,1928000
DPS,20120118,37.57,37.78,37.43,37.72,1397200
DPS,20120117,38.18,38.39,37.56,37.63,1244900
DPS,20120113,37.18,37.95,36.51,37.82,2768800
DPS,20120112,38.16,38.34,37.77,37.96,1618500
DPS,20120111,38.42,38.52,38.06,38.15,1453800
DPS,20120110,38.70,38.80,38.48,38.62,1065700
DPS,20120109,38.61,38.74,38.50,38.52,715800
DPS,20120106,38.78,38.81,38.48,38.52,1126600
DPS,20120105,38.53,38.87,38.30,38.79,2057700
DPS,20120104,38.32,38.65,38.31,38.55,1517300
DPS,20120103,39.87,39.98,37.81,38.34,3213100
DPS,20111230,39.86,39.98,39.35,39.48,857600
DPS,20111229,39.54,40.06,39.52,39.91,907100
DPS,20111228,39.90,39.94,39.36,39.41,980600
DPS,20111227,39.85,40.06,39.77,39.88,1270600
DPS,20111223,39.35,39.88,39.20,39.83,885700
DPS,20111222,39.36,39.52,39.09,39.28,1124200
DPS,20111221,39.24,39.72,39.16,39.32,1752000
DPS,20111220,38.79,39.53,38.79,39.24,1876900
DPS,20111219,38.94,39.15,38.37,38.53,1788400
DPS,20111216,38.36,39.03,38.25,38.81,3245100
DPS,20111215,37.69,38.36,37.47,38.20,2092900
DPS,20111214,37.71,37.93,37.49,37.78,1514800
DPS,20111213,37.93,38.49,37.59,37.66,1892100
DPS,20111212,37.79,37.79,37.26,37.78,1444100
DPS,20111209,37.82,37.97,37.66,37.82,1253000
DPS,20111208,37.60,38.13,37.60,37.92,1576600
DPS,20111207,37.56,37.84,37.38,37.73,1201500
DPS,20111206,37.81,37.90,37.44,37.56,1301700
DPS,20111205,37.09,37.71,37.08,37.70,1865700
DPS,20111202,36.82,36.89,36.60,36.69,961800
DPS,20111201,36.61,37.06,36.54,36.64,1155500
DPS,20111130,36.22,36.82,36.22,36.53,2183800
DPS,20111129,35.87,36.05,35.48,35.57,2928700
DPS,20111128,35.43,35.84,35.33,35.70,2283400
DPS,20111125,34.68,35.23,34.65,34.96,497400
DPS,20111123,35.29,35.32,34.72,34.78,1472300
DPS,20111122,35.74,35.85,35.48,35.68,1121100
DPS,20111121,36.30,36.60,35.83,35.83,1601700
DPS,20111118,36.18,37.02,36.05,36.72,2886000
DPS,20111117,36.00,36.48,35.55,35.79,1644300
DPS,20111116,36.49,36.75,36.00,36.07,1633000
DPS,20111115,36.54,36.86,36.46,36.72,1177800
DPS,20111114,37.17,37.39,36.46,36.53,1502600
DPS,20111111,37.64,37.68,37.17,37.19,1680500
DPS,20111110,36.89,37.42,36.57,37.40,2266700
DPS,20111109,36.53,36.80,36.20,36.49,1806500
DPS,20111108,37.39,37.45,36.75,37.08,1927500
DPS,20111107,37.23,37.47,36.63,37.40,1917500
DPS,20111104,37.44,37.49,37.03,37.13,1825400
DPS,20111103,37.31,37.79,37.08,37.72,1436700
DPS,20111102,37.03,37.57,36.75,37.09,1521600
DPS,20111101,36.89,37.08,36.44,36.60,2002400
DPS,20111031,36.99,38.17,36.97,37.45,2270000
DPS,20111028,37.13,37.64,36.84,37.39,2746300
DPS,20111027,38.66,38.66,36.59,36.85,4769100
DPS,20111026,39.75,40.05,37.14,37.91,4602200
DPS,20111025,39.98,40.24,39.31,39.34,1855500
DPS,20111024,40.03,40.25,39.99,40.12,1740700
DPS,20111021,39.92,40.12,39.84,40.08,2250500
DPS,20111020,39.31,39.54,39.13,39.44,1073900
DPS,20111019,39.38,39.75,39.15,39.22,1230600
DPS,20111018,39.12,39.82,38.46,39.48,1422800
DPS,20111017,39.71,39.82,39.03,39.22,1297500
DPS,20111014,39.90,40.02,39.64,39.80,1124800
DPS,20111013,39.48,39.93,39.27,39.70,1184000
DPS,20111012,39.10,39.81,38.98,39.72,2249700
DPS,20111011,39.00,39.14,38.74,38.94,1553600
DPS,20111010,39.10,39.25,38.72,39.24,1386400
DPS,20111007,38.08,38.83,37.88,38.47,2037400
DPS,20111006,36.92,37.83,36.59,37.81,1766700
DPS,20111005,37.52,37.60,36.75,37.02,1737700
DPS,20111004,36.87,37.52,36.34,37.46,2100000
DPS,20111003,38.51,38.88,37.23,37.24,2365100
DPS,20110930,37.83,39.04,37.73,38.78,2821800
DPS,20110929,36.95,38.16,36.90,38.16,2393700
DPS,20110928,37.33,37.60,36.47,36.51,1474900
DPS,20110927,37.69,37.95,37.08,37.20,2208000
DPS,20110926,37.18,37.34,36.54,37.23,1957600
DPS,20110923,37.32,37.45,36.77,36.97,2883600
DPS,20110922,36.58,37.81,36.37,37.56,2328700
DPS,20110921,38.25,38.37,37.37,37.37,2152600
DPS,20110920,38.01,38.66,37.91,38.20,1186900
DPS,20110919,37.88,38.08,37.60,37.91,682800
DPS,20110916,38.08,38.55,38.00,38.43,1893000
DPS,20110915,37.82,38.06,37.42,37.94,1583100
DPS,20110914,37.62,38.34,37.26,38.01,2011800
DPS,20110913,36.91,37.75,36.84,37.56,1738600
DPS,20110912,36.42,36.96,36.35,36.83,4301000
DPS,20110909,37.02,37.05,36.60,36.85,3735400
DPS,20110908,37.40,37.72,37.30,37.35,2223300
DPS,20110907,37.83,37.90,37.47,37.59,1555700
DPS,20110906,36.80,37.49,36.53,37.43,1897400
DPS,20110902,37.63,37.96,37.52,37.73,1787000
DPS,20110901,38.39,38.47,38.00,38.23,1822900
DPS,20110831,38.26,38.59,38.16,38.48,1748800
DPS,20110830,37.63,38.19,37.40,38.07,1765000
DPS,20110829,36.93,37.84,36.84,37.84,1244300
DPS,20110826,35.48,36.57,34.93,36.57,1745200
DPS,20110825,36.18,36.30,35.55,35.59,1598300
DPS,20110824,36.24,36.52,35.94,36.09,1472900
DPS,20110823,35.93,36.50,35.65,36.42,1851100
DPS,20110822,36.28,36.28,35.70,35.83,1149300
DPS,20110819,36.03,36.49,35.58,35.74,1642500
DPS,20110818,36.45,36.54,35.77,36.27,1909900
DPS,20110817,37.19,37.38,36.81,37.18,1892600
DPS,20110816,36.79,37.24,36.57,36.89,1885700
DPS,20110815,37.49,37.56,36.67,37.05,2803500
DPS,20110812,36.75,37.77,36.56,37.43,1873300
DPS,20110811,35.15,37.01,34.92,36.63,2063100
DPS,20110810,35.73,36.77,34.92,35.01,2677100
DPS,20110809,35.86,36.24,34.37,36.22,4043800
DPS,20110808,36.83,37.05,35.56,35.56,4437500
DPS,20110805,36.85,37.70,36.70,37.44,4013300
DPS,20110804,37.47,37.67,36.48,36.58,3174900
DPS,20110803,37.31,38.04,37.14,37.89,2287700
DPS,20110802,37.28,37.67,37.27,37.31,2360000
DPS,20110801,38.01,38.19,37.39,37.57,1948000
DPS,20110729,37.79,38.24,37.57,37.76,1969200
DPS,20110728,38.59,38.66,37.98,38.25,2191200
DPS,20110727,39.75,39.75,38.30,38.63,3144100
DPS,20110726,39.91,39.91,39.56,39.64,2178100
DPS,20110725,40.03,40.03,39.61,39.72,2698900
DPS,20110722,40.67,40.71,40.32,40.36,1402200
DPS,20110721,40.96,41.00,40.36,40.49,2017000
DPS,20110720,40.72,40.91,40.38,40.77,1035600
DPS,20110719,40.00,40.83,39.91,40.78,1887000
DPS,20110718,40.58,40.61,39.61,39.77,2397900
DPS,20110715,40.92,41.05,40.62,40.83,1356000
DPS,20110714,41.46,41.46,40.85,40.87,1947000
DPS,20110713,41.55,41.72,41.29,41.47,1363900
DPS,20110712,41.29,41.63,41.26,41.46,1471600
DPS,20110711,41.71,41.73,41.11,41.26,1186300
DPS,20110708,41.47,42.10,41.41,41.92,2159400
DPS,20110707,42.83,42.96,41.65,41.65,3109400
DPS,20110706,42.59,43.10,42.45,42.81,2146800
DPS,20110705,42.15,43.13,42.15,42.74,2648300
DPS,20110701,41.85,42.21,41.69,42.15,1577900
DPS,20110630,41.40,42.42,41.36,41.93,2584400
DPS,20110629,40.89,41.50,40.82,41.41,1985200
DPS,20110628,40.60,40.80,40.40,40.78,1821700
DPS,20110627,40.02,40.83,40.01,40.55,1423200
DPS,20110624,40.13,40.45,39.81,39.89,3605800
DPS,20110623,40.06,40.13,39.55,40.04,3028900
DPS,20110622,40.60,40.80,40.44,40.44,1438500
DPS,20110621,40.92,41.18,40.74,40.81,1386700
DPS,20110620,40.55,40.91,40.46,40.90,1191100
DPS,20110617,40.94,41.20,40.38,40.54,2137400
DPS,20110616,40.60,40.84,40.31,40.68,1697900
DPS,20110615,40.87,41.00,40.48,40.72,2136900
DPS,20110614,41.02,41.21,40.77,41.12,2341900
DPS,20110613,40.29,41.15,40.10,40.77,2232700
DPS,20110610,39.80,40.48,39.79,40.31,1905600
DPS,20110609,39.75,40.12,39.71,39.91,1564800
DPS,20110608,40.20,40.20,39.69,39.74,1651800
DPS,20110607,40.20,40.38,40.08,40.17,1644400
DPS,20110606,40.36,40.41,40.01,40.07,1171700
DPS,20110603,40.48,40.56,40.17,40.30,1380700
DPS,20110602,40.98,41.13,40.55,40.76,1527900
DPS,20110601,41.15,41.17,40.91,40.94,1940900
DPS,20110531,41.30,41.46,40.80,41.20,2686300
DPS,20110527,41.49,41.91,40.98,41.06,2543300
DPS,20110526,41.36,41.62,41.24,41.56,2049000
DPS,20110525,41.79,41.80,41.32,41.44,1578400
DPS,20110524,41.90,42.12,41.73,41.91,1652200
DPS,20110523,41.79,41.98,41.56,41.90,1432500
DPS,20110520,42.28,42.44,41.81,42.10,1612600
DPS,20110519,42.37,42.37,41.89,42.28,1719600
DPS,20110518,42.15,42.15,41.41,41.64,2099900
DPS,20110517,41.84,42.27,41.72,42.22,1696600
DPS,20110516,41.64,41.90,41.50,41.86,1799500
DPS,20110513,41.55,42.07,41.52,41.78,2401900
DPS,20110512,40.10,41.51,39.58,41.42,3763500
DPS,20110511,39.91,40.79,39.89,40.75,3895100
DPS,20110510,39.46,39.65,39.27,39.65,915300
DPS,20110509,39.19,39.49,39.13,39.38,1599100
DPS,20110506,39.38,39.85,39.12,39.28,1743200
DPS,20110505,39.08,39.45,38.91,39.28,1335900
DPS,20110504,39.62,39.82,39.03,39.21,1872100
DPS,20110503,39.35,39.73,39.21,39.72,1910100
DPS,20110502,39.40,39.64,39.05,39.39,1975800
DPS,20110429,39.69,39.79,39.17,39.20,1540100
DPS,20110428,40.10,40.10,39.30,39.62,2695600
DPS,20110427,39.54,40.43,39.47,40.06,4116600
DPS,20110426,38.74,38.87,38.40,38.63,2800000
DPS,20110425,38.99,38.99,38.70,38.75,1347400
DPS,20110421,38.91,39.42,38.71,39.07,1230000
DPS,20110420,39.04,39.14,38.82,38.87,1384400
DPS,20110419,38.50,38.85,38.28,38.82,1730900
DPS,20110418,37.94,38.66,37.84,38.54,2076300
DPS,20110415,38.44,38.79,38.27,38.31,2433300
DPS,20110414,38.40,38.95,38.15,38.66,1959800
DPS,20110413,38.70,38.79,38.17,38.55,2404400
DPS,20110412,37.96,39.89,37.92,38.67,4588200
DPS,20110411,36.59,38.17,36.20,38.15,3976900
DPS,20110408,37.86,38.15,37.29,37.46,1513300
DPS,20110407,37.53,37.93,37.49,37.65,1408700
DPS,20110406,37.53,37.69,37.40,37.57,1164900
DPS,20110405,37.59,37.81,37.39,37.41,1146000
DPS,20110404,37.58,37.95,37.45,37.74,1257200
DPS,20110401,37.35,37.76,37.31,37.51,2593300
DPS,20110331,37.35,37.50,36.99,37.16,2161000
DPS,20110330,37.72,37.79,36.81,37.41,2636200
DPS,20110329,37.26,37.67,37.14,37.55,1052200
DPS,20110328,37.40,37.79,36.99,37.31,1587400
DPS,20110325,37.95,38.21,37.81,37.88,889400
DPS,20110324,37.75,38.25,37.66,37.88,1155900
DPS,20110323,37.24,37.89,37.24,37.70,1314100
DPS,20110322,37.04,37.40,36.86,37.38,1517400
DPS,20110321,38.08,38.15,36.93,37.00,2069100
DPS,20110318,37.49,37.96,37.40,37.88,2730800
DPS,20110317,37.12,37.56,37.05,37.26,2826000
DPS,20110316,37.38,37.73,36.91,36.99,1979100
DPS,20110315,37.08,37.65,36.72,37.42,1770600
DPS,20110314,37.46,37.85,37.32,37.70,1788300
DPS,20110311,37.43,37.71,37.30,37.47,1564000
DPS,20110310,37.63,37.70,37.01,37.26,2868000
DPS,20110309,37.62,38.04,37.58,37.97,1784600
DPS,20110308,37.49,37.91,37.33,37.58,1680800
DPS,20110307,37.41,37.78,37.23,37.35,2959900
DPS,20110304,37.21,37.46,37.10,37.41,2334300
DPS,20110303,36.65,37.36,36.65,37.31,2132700
DPS,20110302,36.39,36.80,36.25,36.42,2013000
DPS,20110301,36.22,36.64,36.09,36.51,2431500
DPS,20110228,36.44,36.50,36.01,36.06,2191200
DPS,20110225,35.91,36.45,35.81,36.43,1229000
DPS,20110224,35.66,36.29,35.55,35.84,1781700
DPS,20110223,35.71,35.93,35.36,35.55,2027200
DPS,20110222,36.09,36.27,35.64,35.80,1939900
DPS,20110218,36.27,36.59,35.78,36.41,2295300
DPS,20110217,35.80,36.30,35.01,36.20,4536000
DPS,20110216,34.08,34.71,33.83,34.25,2676800
DPS,20110215,33.72,34.05,33.68,34.00,2190400
DPS,20110214,34.01,34.17,33.72,33.73,2231600
DPS,20110211,33.87,34.46,33.69,33.96,2966200
DPS,20110210,34.98,34.99,33.78,33.96,3896100
DPS,20110209,35.27,35.54,35.02,35.18,1012500
DPS,20110208,35.63,35.75,35.08,35.26,4009300
DPS,20110207,35.56,36.03,35.50,35.71,1294400
DPS,20110204,35.22,35.64,35.14,35.64,1043100
DPS,20110203,35.27,35.57,34.96,35.27,1465200
DPS,20110202,35.31,35.48,34.92,35.39,1403000
DPS,20110201,35.63,35.89,35.32,35.35,1527100
DPS,20110131,34.92,35.48,34.82,35.43,1700800
DPS,20110128,35.45,35.84,34.75,34.84,1293100
DPS,20110127,35.31,35.96,35.22,35.42,1478400
DPS,20110126,35.57,35.74,35.24,35.37,1538000
DPS,20110125,34.88,35.76,34.83,35.42,3104000
DPS,20110124,35.11,35.28,34.78,34.94,1827500
DPS,20110121,35.21,35.37,34.88,35.18,2149400
DPS,20110120,35.26,35.46,35.00,35.02,1851100
DPS,20110119,35.48,35.55,34.96,35.38,1650200
DPS,20110118,35.52,35.67,35.34,35.34,1249600
DPS,20110114,35.61,35.73,35.32,35.55,976200
DPS,20110113,35.80,36.10,35.55,35.75,1417700
DPS,20110112,35.75,36.20,35.43,35.86,2268900
DPS,20110111,35.15,35.75,35.02,35.63,2662900
DPS,20110110,35.27,35.54,35.00,35.08,2575200
DPS,20110107,36.40,36.53,35.31,35.44,3353000
DPS,20110106,36.09,36.72,36.07,36.58,2351100
DPS,20110105,35.38,36.44,35.26,36.25,3159600
DPS,20110104,35.50,35.56,35.03,35.50,2035000
DPS,20110103,35.33,35.55,35.05,35.39,1718200
DPS,20101231,35.57,35.67,35.12,35.16,1315500
DPS,20101230,35.71,35.84,35.44,35.67,1024100
DPS,20101229,35.96,36.07,35.72,35.80,1497000
DPS,20101228,36.11,36.13,35.80,36.00,921900
DPS,20101227,36.08,36.35,35.85,36.03,1115500
DPS,20101223,36.07,36.42,36.00,36.24,1133200
DPS,20101222,36.88,36.90,36.21,36.31,1154400
DPS,20101221,37.17,37.22,36.70,36.83,1307800
DPS,20101220,38.01,38.04,36.79,37.00,3099600
DPS,20101217,36.97,38.03,36.86,37.97,5174300
DPS,20101216,37.14,37.19,36.81,37.11,1338100
DPS,20101215,37.15,37.36,36.91,37.25,2016000
DPS,20101214,37.13,37.28,36.84,37.28,1339800
DPS,20101213,37.52,37.64,36.62,37.04,2289700
DPS,20101210,37.60,37.60,37.11,37.42,1625800
DPS,20101209,36.78,37.64,36.56,37.63,2548700
DPS,20101208,36.71,36.89,35.91,36.59,2718900
DPS,20101207,37.09,37.30,36.60,36.73,1206700
DPS,20101206,37.51,37.51,36.85,36.88,1122400
DPS,20101203,37.62,37.90,37.50,37.64,906500
DPS,20101202,37.03,37.86,36.76,37.79,2275900
DPS,20101201,36.94,37.24,36.56,37.06,2300900
DPS,20101130,36.41,36.76,36.14,36.63,3121000
DPS,20101129,37.02,37.02,36.22,36.57,1626000
DPS,20101126,37.43,37.51,37.25,37.29,428900
DPS,20101124,37.15,37.77,37.15,37.66,795000
DPS,20101123,37.72,37.73,37.24,37.37,1212900
DPS,20101122,37.80,38.23,37.68,38.08,1003700
DPS,20101119,37.14,38.15,36.90,37.98,2081000
DPS,20101118,36.74,37.33,36.68,37.11,1359800
DPS,20101117,36.28,36.55,36.24,36.42,1252200
DPS,20101116,36.61,37.08,36.33,36.43,1662200
DPS,20101115,36.24,36.77,36.24,36.57,2749000
DPS,20101112,35.99,36.42,35.99,36.18,1129400
DPS,20101111,36.36,36.51,36.09,36.19,1856900
DPS,20101110,36.03,36.68,35.90,36.54,2053500
DPS,20101109,36.64,36.80,35.99,36.09,1844200
DPS,20101108,37.12,37.22,36.53,36.58,1392000
DPS,20101105,37.27,37.45,37.00,37.15,1068300
DPS,20101104,37.34,37.54,37.08,37.22,1179500
DPS,20101103,37.20,37.48,36.77,37.05,996300
DPS,20101102,36.84,37.31,36.70,37.22,1567600
DPS,20101101,36.86,36.86,36.44,36.57,1855300
DPS,20101029,36.50,36.60,36.27,36.59,1646700
DPS,20101028,36.77,37.01,36.35,36.50,2226200
DPS,20101027,34.03,36.79,34.00,36.48,5409900
DPS,20101026,35.90,36.06,35.62,35.69,2009000
DPS,20101025,36.22,36.22,35.81,35.97,1507500
DPS,20101022,35.78,35.98,35.59,35.89,1307200
DPS,20101021,35.24,35.86,35.18,35.86,2379400
DPS,20101020,33.95,35.12,33.89,35.11,2457300
DPS,20101019,34.07,34.17,33.66,33.89,1808600
DPS,20101018,35.04,35.04,34.33,34.36,1889900
DPS,20101015,35.27,35.37,34.87,34.97,1810200
DPS,20101014,35.38,35.56,34.92,35.03,1718100
DPS,20101013,34.85,35.50,34.75,35.34,2333500
DPS,20101012,34.79,34.94,34.72,34.78,1260900
DPS,20101011,34.80,34.94,34.73,34.88,851900
DPS,20101008,34.55,34.99,34.23,34.73,1878800
DPS,20101007,34.63,35.01,34.50,34.60,2690900
DPS,20101006,35.35,35.49,34.93,35.08,1463300
DPS,20101005,34.94,35.60,34.91,35.49,3174100
DPS,20101004,34.94,35.02,34.54,34.64,2145400
DPS,20101001,35.56,36.03,34.83,35.11,3338800
DPS,20100930,35.36,35.86,35.33,35.52,2338200
DPS,20100929,35.61,35.70,35.16,35.38,1699100
DPS,20100928,34.90,35.74,34.58,35.72,2385000
DPS,20100927,34.85,35.08,34.41,34.82,2247700
DPS,20100924,35.04,35.29,34.80,34.95,2701100
DPS,20100923,34.22,34.23,33.60,33.94,2708000
DPS,20100922,34.63,34.97,34.29,34.43,1892900
DPS,20100921,35.29,35.33,34.65,34.80,1973800
DPS,20100920,35.28,35.54,35.13,35.39,1763100
DPS,20100917,35.22,35.40,35.02,35.31,2860100
DPS,20100916,35.19,35.25,34.76,35.19,2023100
DPS,20100915,34.60,35.69,34.50,35.60,4288400
DPS,20100914,34.76,34.91,34.56,34.64,3202300
DPS,20100913,35.23,35.23,34.59,34.86,4354400
DPS,20100910,35.17,35.27,34.34,34.73,7614300
DPS,20100909,38.44,38.52,35.55,35.59,8809900
DPS,20100908,38.19,38.77,38.08,38.13,3024500
DPS,20100907,38.24,38.48,37.88,38.19,2250300
DPS,20100903,38.21,38.38,37.85,38.30,1311100
DPS,20100902,37.61,38.05,37.37,38.05,1695000
DPS,20100901,37.08,37.74,36.79,37.71,1949800
DPS,20100831,36.76,37.10,36.54,36.82,2209600
DPS,20100830,37.38,37.54,37.00,37.00,1460800
DPS,20100827,37.17,37.45,36.72,37.38,1147100
DPS,20100826,37.42,37.61,36.96,37.07,1618700
DPS,20100825,36.65,37.43,36.65,37.22,3384400
DPS,20100824,36.08,37.15,36.01,36.90,2468400
DPS,20100823,36.78,37.00,36.53,36.53,1376500
DPS,20100820,36.49,36.85,36.23,36.76,1781500
DPS,20100819,36.77,37.02,36.47,36.80,3411000
DPS,20100818,36.74,37.05,36.53,36.92,2587200
DPS,20100817,36.93,37.04,36.44,36.77,3454100
DPS,20100816,36.69,36.89,36.32,36.82,3093100
DPS,20100813,36.98,37.07,36.58,36.84,1634500
DPS,20100812,36.33,37.03,36.19,36.99,2580800
DPS,20100811,36.85,37.16,36.36,36.85,2483200
DPS,20100810,36.56,37.59,36.31,37.26,2811800
DPS,20100809,37.09,37.46,36.67,36.73,2096000
DPS,20100806,37.05,37.28,36.58,36.87,2540900
DPS,20100805,37.60,37.62,37.04,37.29,2917300
DPS,20100804,37.62,37.83,37.31,37.77,1802400
DPS,20100803,37.54,37.85,37.28,37.63,1624100
DPS,20100802,38.03,38.30,37.32,37.71,2769500
DPS,20100730,36.97,37.84,36.49,37.55,3229800
DPS,20100729,38.02,38.28,36.40,37.12,5644900
DPS,20100728,39.76,39.88,37.94,38.23,5364700
DPS,20100727,40.01,40.01,39.32,39.70,2507800
DPS,20100726,39.82,40.24,39.65,40.10,2559900
DPS,20100723,39.63,39.82,39.30,39.82,2030800
DPS,20100722,39.15,39.80,39.10,39.60,2017800
DPS,20100721,39.80,39.89,38.72,38.88,3760500
DPS,20100720,38.37,39.66,38.37,39.60,3253200
DPS,20100719,38.37,38.98,38.37,38.88,3166300
DPS,20100716,38.79,39.03,38.02,38.25,2278900
DPS,20100715,39.24,39.49,38.71,38.98,4500200
DPS,20100714,39.02,39.54,38.89,39.25,3055700
DPS,20100713,38.96,39.31,38.90,39.16,4505800
DPS,20100712,38.60,38.69,38.21,38.58,3711400
DPS,20100709,38.20,38.74,38.12,38.54,4287400
DPS,20100708,38.04,38.25,37.86,38.20,2918600
DPS,20100707,38.02,38.06,37.51,38.00,3800400
DPS,20100706,37.71,38.09,37.50,37.97,2582000
DPS,20100702,37.60,38.03,37.25,37.28,1694900
DPS,20100701,37.49,37.55,36.90,37.44,3064200
DPS,20100630,37.68,38.08,37.27,37.39,4973900
DPS,20100629,37.60,38.06,37.35,37.79,10204200
DPS,20100628,36.71,38.20,36.52,38.07,3575800
DPS,20100625,37.16,37.22,36.39,36.57,3513500
DPS,20100624,37.09,37.54,36.78,37.18,2327200
DPS,20100623,37.08,37.69,36.75,37.29,2498500
DPS,20100622,38.16,38.38,37.36,37.42,4696900
DPS,20100621,38.25,38.50,37.93,38.14,3290600
DPS,20100618,38.17,38.37,37.89,37.96,3541300
DPS,20100617,37.95,38.25,37.63,38.24,2747100
DPS,20100616,37.65,38.25,37.65,38.02,2344000
DPS,20100615,37.59,37.91,37.43,37.78,3446900
DPS,20100614,37.78,37.91,37.34,37.44,3213100
DPS,20100611,36.59,37.37,36.59,37.29,2461900
DPS,20100610,36.52,37.13,36.52,36.87,2937000
DPS,20100609,36.70,36.78,36.01,36.14,2667400
DPS,20100608,35.88,37.04,35.73,36.54,4102600
DPS,20100607,36.29,36.31,35.62,35.85,3414000
DPS,20100604,36.51,37.22,35.84,36.49,4469100
DPS,20100603,38.00,38.42,37.07,37.20,4390500
DPS,20100602,37.71,38.00,37.29,37.94,2210100
DPS,20100601,37.59,38.31,37.21,37.65,2766800
DPS,20100528,38.00,38.43,37.78,37.86,2467700
DPS,20100527,37.78,38.34,37.57,38.17,3065700
DPS,20100526,37.34,37.84,37.22,37.29,2829200
DPS,20100525,35.94,37.15,35.29,37.11,3089600
DPS,20100524,36.62,37.15,36.31,36.83,2364500
DPS,20100521,35.66,36.93,35.50,36.72,3528600
DPS,20100520,37.33,37.64,36.22,36.27,3682300
DPS,20100519,38.01,38.19,37.34,38.07,2752600
DPS,20100518,38.23,38.93,38.03,38.12,5207800
DPS,20100517,37.28,38.20,37.28,38.00,3094800
DPS,20100514,37.76,37.79,36.75,37.25,2807200
DPS,20100513,38.50,38.90,37.80,37.89,4655200
DPS,20100512,37.40,38.14,36.87,37.87,5570700
DPS,20100511,36.13,37.45,36.02,36.78,4002100
DPS,20100510,36.77,36.77,35.93,36.62,3735300
DPS,20100507,34.49,36.40,34.31,35.72,7388400
DPS,20100506,34.00,36.00,33.73,34.37,9009000
DPS,20100505,33.00,34.55,32.71,33.99,3410900
DPS,20100504,34.06,34.10,33.03,33.23,2987700
DPS,20100503,33.91,34.54,33.63,34.19,2442000
DPS,20100430,34.27,34.44,32.69,32.73,4313500
DPS,20100429,33.59,34.35,33.51,34.35,1949400
DPS,20100428,33.27,33.58,33.01,33.51,1807300
DPS,20100427,33.90,33.90,33.13,33.22,1779600
DPS,20100426,33.74,34.20,33.65,34.04,3043900
DPS,20100423,33.49,33.77,33.20,33.59,1052800
DPS,20100422,33.62,33.72,33.06,33.40,1878400
DPS,20100421,34.05,34.36,33.68,33.79,1632600
DPS,20100420,34.20,34.29,33.86,34.01,1165300
DPS,20100419,33.98,34.20,33.64,34.09,1610500
DPS,20100416,34.05,34.40,33.88,34.03,2400000
DPS,20100415,34.64,34.69,34.05,34.23,3100500
DPS,20100414,34.90,35.12,34.68,34.75,2084500
DPS,20100413,35.09,35.11,34.77,34.87,1454600
DPS,20100412,35.24,35.28,34.88,35.02,1434100
DPS,20100409,35.23,35.23,34.89,35.15,1775600
DPS,20100408,34.89,35.48,34.66,35.22,1994800
DPS,20100407,35.52,35.52,34.95,34.95,2277400
DPS,20100406,35.29,35.59,35.19,35.45,1820400
DPS,20100405,35.69,35.93,35.38,35.47,2168500
DPS,20100401,35.24,35.54,35.16,35.48,2632000
DPS,20100331,35.68,35.68,35.12,35.17,1651900
DPS,20100330,35.76,36.01,35.35,35.63,1647200
DPS,20100329,35.97,35.99,35.56,35.64,1904300
DPS,20100326,36.31,36.39,35.41,35.80,2726100
DPS,20100325,36.72,36.75,36.08,36.13,2283000
DPS,20100324,36.62,36.62,36.01,36.33,2309000
DPS,20100323,36.69,36.97,36.26,36.57,2099200
DPS,20100322,36.19,36.93,36.12,36.80,2465100
DPS,20100319,36.18,36.85,36.05,36.18,3731400
DPS,20100318,36.68,37.06,36.35,36.67,3296500
DPS,20100317,36.80,36.80,36.32,36.68,2607300
DPS,20100316,35.45,36.58,35.30,36.47,4579500
DPS,20100315,35.40,35.70,34.74,34.95,3032800
DPS,20100312,35.21,35.33,34.92,34.97,1687300
DPS,20100311,34.44,35.24,34.31,35.03,6035600
DPS,20100310,33.51,33.85,33.25,33.65,3696100
DPS,20100309,32.71,33.93,32.64,33.47,3405200
DPS,20100308,32.40,33.05,32.16,32.85,3385400
DPS,20100305,32.08,32.45,31.96,32.35,2495400
DPS,20100304,31.73,32.14,31.63,31.95,3293400
DPS,20100303,31.57,32.00,31.49,31.65,2333700
DPS,20100302,31.30,31.73,31.29,31.50,2563600
DPS,20100301,31.90,32.18,31.15,31.18,2578600
DPS,20100226,31.31,32.03,30.95,31.75,3313500
DPS,20100225,31.21,32.02,30.38,31.83,12704200
DPS,20100224,28.59,28.69,28.31,28.65,1811000
DPS,20100223,28.58,28.69,28.21,28.42,1226000
DPS,20100222,28.89,29.05,28.48,28.65,1286800
DPS,20100219,28.99,29.23,28.89,28.93,1825400
DPS,20100218,28.51,29.18,28.51,29.14,1555100
DPS,20100217,27.42,28.71,27.39,28.59,3933400
DPS,20100216,27.23,27.54,27.01,27.44,1673800
DPS,20100212,26.94,27.14,26.71,27.08,1550700
DPS,20100211,26.81,27.30,26.56,27.17,1522300
DPS,20100210,26.81,26.91,26.48,26.84,1727800
DPS,20100209,27.04,27.13,26.64,26.86,1518100
DPS,20100208,26.98,27.27,26.82,26.84,1045200
DPS,20100205,26.73,27.14,26.38,27.10,2351100
DPS,20100204,27.85,27.93,26.78,26.84,1713800
DPS,20100203,27.99,28.25,27.82,28.06,1106700
DPS,20100202,27.78,28.13,27.75,28.06,993100
DPS,20100201,27.84,27.91,27.58,27.80,826800
DPS,20100129,27.59,28.00,27.45,27.66,1397900
DPS,20100128,27.84,27.90,27.42,27.61,1200000
DPS,20100127,27.33,27.57,26.99,27.50,1216500
DPS,20100126,27.25,27.56,27.05,27.43,855700
DPS,20100125,27.59,27.59,27.20,27.36,914800
DPS,20100122,27.55,27.69,27.26,27.36,1273200
DPS,20100121,28.42,28.47,27.66,27.75,2202100
DPS,20100120,28.15,28.43,27.86,28.34,1451900
DPS,20100119,28.25,28.52,28.20,28.40,1356400
DPS,20100115,28.52,28.59,28.14,28.44,2627200
DPS,20100114,28.37,28.64,28.23,28.50,1044700
DPS,20100113,28.35,28.59,28.29,28.46,727400
DPS,20100112,28.59,28.76,28.18,28.21,1352500
DPS,20100111,28.82,28.99,28.20,28.68,1281700
DPS,20100108,28.55,28.89,28.49,28.87,1168300
DPS,20100107,29.10,29.16,28.77,29.08,2051300
DPS,20100106,28.90,29.44,28.78,29.40,2014600
DPS,20100105,28.96,29.17,28.65,28.76,957100
DPS,20100104,28.53,29.14,28.20,29.10,1199700
DPS,20091231,28.81,28.94,28.27,28.30,966900
DPS,20091230,29.00,29.07,28.70,28.82,1051600
DPS,20091229,29.14,29.31,28.97,29.02,935100
DPS,20091228,29.18,29.25,29.00,29.16,307800
DPS,20091224,29.16,29.29,28.93,29.10,249500
DPS,20091223,28.75,29.01,28.62,28.99,642600
DPS,20091222,27.77,28.67,27.75,28.59,698300
DPS,20091221,28.19,28.40,27.99,28.33,1190400
DPS,20091218,28.35,28.36,27.22,28.17,2769800
DPS,20091217,27.59,28.16,27.57,28.06,1794700
DPS,20091216,28.25,28.50,27.76,27.82,1557300
DPS,20091215,28.01,28.30,27.85,28.27,957300
DPS,20091214,28.47,28.48,27.47,28.07,2819500
DPS,20091211,27.77,28.46,27.62,28.25,2189700
DPS,20091210,27.58,27.74,27.24,27.65,2908600
DPS,20091209,27.84,28.08,26.82,27.10,6365000
DPS,20091208,26.94,26.94,26.30,26.75,995100
DPS,20091207,26.84,27.06,26.63,26.94,807600
DPS,20091204,26.80,27.25,26.60,26.80,1260800
DPS,20091203,26.82,27.05,26.54,26.71,1415100
DPS,20091202,26.43,27.01,26.43,26.90,1327900
DPS,20091201,26.38,26.58,26.29,26.50,1583400
DPS,20091130,26.29,26.30,26.01,26.19,1439000
DPS,20091127,26.46,26.46,26.03,26.27,1051900
DPS,20091125,27.28,27.28,26.75,27.02,1908600
DPS,20091124,27.30,27.51,27.01,27.31,1752700
DPS,20091123,27.49,27.59,27.31,27.36,1878900
DPS,20091120,26.69,27.59,26.28,27.30,2654600
DPS,20091119,27.60,27.60,26.61,26.79,1750600
DPS,20091118,27.68,27.84,27.45,27.74,945300
DPS,20091117,28.08,28.15,27.58,27.78,1712400
DPS,20091116,27.46,28.13,27.38,27.98,2196900
DPS,20091113,26.96,27.45,26.45,27.37,1717300
DPS,20091112,27.31,27.40,26.84,26.88,1438800
DPS,20091111,27.68,27.69,26.76,27.30,2199600
DPS,20091110,26.76,27.84,26.55,27.56,2893800
DPS,20091109,26.61,26.71,26.48,26.67,2467000
DPS,20091106,26.53,26.64,25.92,26.62,2204500
DPS,20091105,27.08,27.58,25.57,26.52,8877200
DPS,20091104,27.61,28.21,27.50,27.82,1299700
DPS,20091103,27.41,27.72,27.20,27.60,1770500
DPS,20091102,27.31,27.89,27.19,27.68,1350600
DPS,20091030,27.63,28.11,27.25,27.26,1637900
DPS,20091029,27.70,27.88,27.34,27.69,1993400
DPS,20091028,27.68,28.18,27.47,27.48,2415300
DPS,20091027,26.88,27.79,26.88,27.72,2686500
DPS,20091026,27.61,27.79,26.88,27.02,2260800
DPS,20091023,27.76,27.95,27.19,27.65,2401500
DPS,20091022,28.16,28.16,27.47,27.87,2811300
DPS,20091021,28.98,29.14,28.04,28.09,2172000
DPS,20091020,28.91,29.22,28.61,29.12,2169800
DPS,20091019,29.10,29.28,28.85,28.87,2190800
DPS,20091016,28.99,29.19,28.63,29.10,1857900
DPS,20091015,28.99,29.57,28.94,29.14,1373900
DPS,20091014,29.12,29.24,28.90,29.00,1882600
DPS,20091013,29.38,29.55,28.89,29.04,3046500
DPS,20091012,29.78,29.99,29.21,29.48,5653900
DPS,20091009,29.68,30.65,29.57,30.09,5102900
DPS,20091008,29.40,29.78,28.50,29.64,2112800
DPS,20091007,28.54,29.35,28.54,29.22,3238900
DPS,20091006,28.27,28.69,28.18,28.64,1110700
DPS,20091005,28.33,28.39,27.98,28.17,1700500
DPS,20091002,28.19,28.56,28.03,28.25,1949800
DPS,20091001,28.62,28.82,28.18,28.30,2436400
DPS,20090930,28.42,28.82,28.00,28.75,2061800
DPS,20090929,28.34,28.95,28.20,28.55,1906900
DPS,20090928,27.34,27.86,27.27,27.76,1232500
DPS,20090925,27.32,27.59,27.20,27.37,1893200
DPS,20090924,27.39,27.59,27.25,27.32,2084500
DPS,20090923,27.77,28.02,27.44,27.48,1995900
DPS,20090922,27.80,27.95,27.53,27.86,1404000
DPS,20090921,27.81,27.88,27.35,27.81,1129400
DPS,20090918,27.40,27.95,27.24,27.84,2399500
DPS,20090917,27.05,27.65,27.00,27.26,2110400
DPS,20090916,27.23,27.30,26.91,27.13,1401200
DPS,20090915,27.00,27.19,26.92,27.11,2424600
DPS,20090914,26.90,27.26,26.90,27.09,2124900
DPS,20090911,27.36,27.60,26.93,27.06,1916800
DPS,20090910,27.13,27.55,26.89,27.52,1284400
DPS,20090909,26.93,27.48,26.74,27.14,1965400
DPS,20090908,26.99,28.10,26.90,27.12,2804100
DPS,20090904,26.54,26.89,26.27,26.85,2059800
DPS,20090903,26.17,26.62,26.14,26.51,2430700
DPS,20090902,25.94,26.39,25.90,26.21,2102500
DPS,20090901,26.31,26.62,25.90,25.92,1662600
DPS,20090831,26.38,26.74,26.18,26.44,2544200
DPS,20090828,27.13,27.13,26.25,26.53,2755300
DPS,20090827,26.88,27.25,26.72,26.86,2093200
DPS,20090826,27.35,27.54,26.78,26.94,2714400
DPS,20090825,27.65,27.91,27.26,27.39,2930600
DPS,20090824,27.35,27.83,27.27,27.69,2571100
DPS,20090821,27.39,27.50,26.92,27.25,2926100
DPS,20090820,26.01,27.35,26.00,26.90,6617900
DPS,20090819,25.75,26.19,25.60,26.09,1923100
DPS,20090818,26.01,26.76,25.81,25.89,2001000
DPS,20090817,25.20,26.03,25.17,25.94,3699400
DPS,20090814,25.09,25.64,25.07,25.54,2159400
DPS,20090813,24.75,25.48,24.27,24.98,5654800
DPS,20090812,23.66,23.87,23.48,23.52,2439300
DPS,20090811,23.43,23.89,23.30,23.63,2344100
DPS,20090810,23.74,23.84,23.35,23.61,1714500
DPS,20090807,23.88,24.04,23.69,23.70,1411500
DPS,20090806,24.16,24.18,23.49,23.73,1337800
DPS,20090805,24.65,24.65,24.07,24.17,1122700
DPS,20090804,24.55,25.17,24.18,24.49,1399500
DPS,20090803,24.73,24.73,24.19,24.64,833800
DPS,20090731,24.48,24.78,24.18,24.61,1380500
DPS,20090730,24.71,25.01,24.54,24.55,1187500
DPS,20090729,24.18,24.75,23.85,24.59,1851100
DPS,20090728,24.07,24.31,23.80,24.14,1069300
DPS,20090727,23.89,24.18,23.65,24.14,713900
DPS,20090724,23.96,24.25,23.65,23.95,1727100
DPS,20090723,23.39,24.05,23.25,24.00,1648100
DPS,20090722,23.00,23.84,23.00,23.42,1220600
DPS,20090721,23.65,23.65,23.05,23.28,762400
DPS,20090720,23.56,23.56,23.08,23.50,597400
DPS,20090717,23.27,23.58,23.10,23.43,1130900
DPS,20090716,23.16,23.73,23.05,23.34,1012800
DPS,20090715,22.71,23.31,22.61,23.28,1062200
DPS,20090714,22.11,22.60,21.93,22.57,1231600
DPS,20090713,21.66,22.28,21.52,22.17,1847100
DPS,20090710,21.54,21.76,21.26,21.65,1299500
DPS,20090709,22.27,22.27,21.50,21.68,1303200
DPS,20090708,22.12,22.46,21.59,22.16,1951000
DPS,20090707,22.07,22.57,22.07,22.12,1214300
DPS,20090706,21.98,22.64,21.97,22.30,1308700
DPS,20090702,21.73,22.29,21.44,22.14,2005600
DPS,20090701,21.41,22.53,21.21,22.08,2280800
DPS,20090630,21.15,21.32,20.99,21.19,1664200
DPS,20090629,21.41,21.41,21.00,21.12,1639000
DPS,20090626,20.90,21.82,20.69,21.27,3081400
DPS,20090625,20.59,21.12,20.41,20.80,3765000
DPS,20090624,21.16,21.28,20.71,20.85,2405000
DPS,20090623,21.26,21.26,20.78,20.94,2069400
DPS,20090622,22.07,22.23,21.20,21.22,1671000
DPS,20090619,22.61,22.89,22.15,22.34,2169100
DPS,20090618,21.30,22.54,21.26,22.37,1993700
DPS,20090617,21.26,21.56,20.97,21.31,1958600
DPS,20090616,21.64,21.91,20.98,21.30,1616200
DPS,20090615,21.66,21.68,21.32,21.54,1454500
DPS,20090612,22.04,22.10,21.68,22.02,1194500
DPS,20090611,22.35,22.86,22.06,22.08,1951700
DPS,20090610,22.69,22.99,22.19,22.34,1201800
DPS,20090609,23.01,23.14,22.37,22.59,1983100
DPS,20090608,22.72,23.06,22.54,22.92,1315500
DPS,20090605,23.25,23.48,22.59,22.96,2735400
DPS,20090604,22.59,23.16,22.59,23.08,2460200
DPS,20090603,22.82,22.83,22.17,22.83,2182400
DPS,20090602,22.38,23.41,22.24,23.21,3153500
DPS,20090601,21.97,22.75,21.91,22.47,2479900
DPS,20090529,21.59,21.82,21.25,21.73,1676300
DPS,20090528,21.92,21.92,21.04,21.56,2332200
DPS,20090527,22.05,22.05,21.55,21.60,2083800
DPS,20090526,21.10,22.12,20.85,22.10,2725400
DPS,20090522,21.11,21.50,20.70,21.27,1521200
DPS,20090521,20.65,21.34,20.53,20.70,4319700
DPS,20090520,22.27,22.27,19.81,20.83,6825300
DPS,20090519,22.25,22.56,22.09,22.22,1716900
DPS,20090518,22.26,22.39,21.64,22.39,1323900
DPS,20090515,21.38,22.34,21.25,22.07,2119500
DPS,20090514,22.04,22.04,21.19,21.37,2738100
DPS,20090513,23.25,23.25,21.44,22.07,6018100
DPS,20090512,20.75,21.61,20.53,21.26,2638400
DPS,20090511,20.88,20.88,20.44,20.65,1385700
DPS,20090508,20.71,20.98,20.51,20.94,986700
DPS,20090507,20.63,20.97,20.20,20.52,1141700
DPS,20090506,21.09,21.09,20.23,20.60,1485000
DPS,20090505,20.77,21.00,20.42,20.89,1477300
DPS,20090504,20.08,20.58,20.00,20.54,1278600
DPS,20090501,20.68,20.68,20.01,20.27,1892700
DPS,20090430,20.44,20.87,20.34,20.71,3234400
DPS,20090429,19.20,20.39,19.11,20.34,4774800
DPS,20090428,18.97,19.39,18.70,19.12,1851800
DPS,20090427,19.30,19.58,18.73,18.74,2066700
DPS,20090424,19.05,19.37,18.84,19.00,2435700
DPS,20090423,18.94,19.19,18.69,18.99,1648900
DPS,20090422,19.27,19.40,18.90,18.92,2092800
DPS,20090421,19.09,19.37,18.93,19.36,1737500
DPS,20090420,19.86,20.50,19.08,19.11,2617500
DPS,20090417,19.78,20.20,19.70,20.05,2498100
DPS,20090416,19.89,19.89,19.23,19.67,1459000
DPS,20090415,20.13,20.30,19.43,19.78,2389300
DPS,20090414,19.21,19.98,19.21,19.36,3677600
DPS,20090413,19.31,19.45,18.77,19.08,1964000
DPS,20090409,19.00,19.51,18.66,19.47,2308300
DPS,20090408,17.90,18.30,17.83,18.29,767400
DPS,20090407,18.22,18.49,17.94,17.97,1086800
DPS,20090406,18.38,18.53,18.20,18.48,1100800
DPS,20090403,18.19,18.73,18.07,18.50,3702500
DPS,20090402,17.83,19.44,17.81,18.15,3451400
DPS,20090401,16.85,17.58,16.72,17.40,1415400
DPS,20090331,17.04,17.26,16.56,16.91,1663700
DPS,20090330,16.82,17.04,16.51,16.85,2430200
DPS,20090327,17.28,17.76,16.73,17.09,2173300
DPS,20090326,16.59,17.98,16.02,17.87,3991300
DPS,20090325,15.83,15.83,15.17,15.51,2559900
DPS,20090324,15.26,15.66,15.14,15.56,1420200
DPS,20090323,15.27,15.42,14.93,15.40,1510800
DPS,20090320,14.68,15.33,14.67,15.13,2530600
DPS,20090319,15.11,15.16,14.54,14.67,1109900
DPS,20090318,14.75,15.28,14.51,15.08,1485600
DPS,20090317,14.65,14.98,14.46,14.97,1080900
DPS,20090316,14.69,15.03,14.50,14.61,1350100
DPS,20090313,14.38,14.62,14.24,14.56,1267700
DPS,20090312,13.62,14.41,13.49,14.33,1911800
DPS,20090311,13.45,13.73,13.39,13.49,1466300
DPS,20090310,12.85,13.64,12.51,13.42,2958300
DPS,20090309,12.07,12.30,11.86,11.90,1510100
DPS,20090306,12.22,12.55,11.83,12.21,1775800
DPS,20090305,12.78,12.80,11.96,12.11,3067500
DPS,20090304,13.26,13.38,12.80,13.10,1964200
DPS,20090303,13.65,13.74,13.07,13.13,1046000
DPS,20090302,13.73,14.00,13.46,13.48,1688200
DPS,20090227,14.13,14.48,14.00,14.05,2208300
DPS,20090226,14.88,14.95,14.40,14.40,1226200
DPS,20090225,15.24,15.24,14.70,14.79,2134700
DPS,20090224,15.12,15.34,14.84,15.29,1314300
DPS,20090223,15.51,15.61,14.94,14.99,1699600
DPS,20090220,15.78,15.93,15.24,15.48,2520600
DPS,20090219,16.34,16.34,15.88,16.02,1467200
DPS,20090218,15.97,16.23,15.63,16.18,1368500
DPS,20090217,16.02,16.11,15.73,15.86,1604600
DPS,20090213,16.23,16.72,16.20,16.60,1795700
DPS,20090212,15.78,16.42,15.58,16.33,2561900
DPS,20090211,15.59,16.03,15.42,16.02,1529100
DPS,20090210,16.09,16.31,15.40,15.47,1718000
DPS,20090209,16.60,16.64,16.13,16.31,928700
DPS,20090206,16.02,16.72,15.99,16.62,1262800
DPS,20090205,15.54,16.18,15.46,16.10,1583100
DPS,20090204,16.27,16.42,15.56,15.67,1966100
DPS,20090203,15.91,16.28,15.78,16.19,1436300
DPS,20090202,16.09,16.19,15.77,15.89,1666400
DPS,20090130,16.77,16.80,16.10,16.45,2660400
DPS,20090129,16.66,17.11,16.59,16.77,2025700
DPS,20090128,16.82,16.93,16.61,16.81,1585400
DPS,20090127,16.77,16.82,16.49,16.59,2688900
DPS,20090126,16.01,16.68,15.99,16.50,1636000
DPS,20090123,15.74,16.08,15.66,15.94,2481200
DPS,20090122,16.16,16.49,15.85,16.16,3399300
DPS,20090121,16.21,16.44,16.01,16.35,3426000
DPS,20090120,16.53,16.80,15.95,15.96,2652800
DPS,20090116,16.14,16.59,15.94,16.45,4286100
DPS,20090115,15.69,15.85,15.49,15.80,4494900
DPS,20090114,15.47,15.76,15.28,15.71,2373700
DPS,20090113,15.80,16.10,15.65,15.87,2725600
DPS,20090112,16.29,16.52,15.55,15.78,2109600
DPS,20090109,16.54,16.68,15.96,16.29,2364300
DPS,20090108,16.34,16.74,16.31,16.61,2377700
DPS,20090107,17.10,17.17,16.35,16.46,2434800
DPS,20090106,16.90,17.63,16.65,17.23,3023900
DPS,20090105,16.55,16.91,16.49,16.91,2692900
DPS,20090102,16.34,16.59,16.28,16.55,2551800
DPS,20081231,16.44,16.44,16.19,16.25,2694600
DPS,20081230,16.65,16.96,16.36,16.44,2231400
DPS,20081229,16.90,16.96,16.47,16.66,1814500
DPS,20081226,16.99,17.00,16.80,16.89,726700
DPS,20081224,16.96,17.05,16.81,16.91,723200
DPS,20081223,16.69,17.11,16.55,16.86,1841800
DPS,20081222,17.06,17.38,16.70,17.06,2314300
DPS,20081219,16.92,17.32,16.62,16.96,4388900
DPS,20081218,16.14,16.96,15.77,16.75,3003400
DPS,20081217,15.72,16.18,15.63,16.04,2975000
DPS,20081216,15.94,16.26,15.83,16.11,3309200
DPS,20081215,15.63,16.14,15.56,15.78,2950500
DPS,20081212,14.75,15.62,14.43,15.55,3273900
DPS,20081211,15.31,15.96,15.11,15.25,2215000
DPS,20081210,14.83,15.52,14.75,15.35,2123000
DPS,20081209,14.38,14.89,14.03,14.64,2642300
DPS,20081208,14.96,15.03,14.39,14.44,3139300
DPS,20081205,13.66,14.60,13.45,14.47,3482100
DPS,20081204,14.88,14.88,13.70,13.78,2795500
DPS,20081203,14.85,15.34,14.48,15.06,2155500
DPS,20081202,15.10,15.22,14.47,14.86,1855100
DPS,20081201,15.75,16.07,14.80,14.83,2582100
DPS,20081128,15.92,16.20,15.72,16.14,718200
DPS,20081126,15.60,16.30,15.43,16.22,2195300
DPS,20081125,16.29,16.70,15.39,15.93,2864200
DPS,20081124,15.86,16.20,15.09,15.99,2126600
DPS,20081121,14.98,15.65,14.26,15.57,2998500
DPS,20081120,16.36,16.47,14.55,14.69,3045700
DPS,20081119,16.78,17.13,16.53,16.56,3573500
DPS,20081118,17.16,17.18,16.25,16.63,2810600
DPS,20081117,17.37,17.78,16.96,17.13,2338300
DPS,20081114,17.93,18.90,17.52,17.56,4674300
DPS,20081113,18.98,19.37,17.57,18.19,7936900
DPS,20081112,21.10,21.78,20.79,20.91,1503100
DPS,20081111,22.29,22.70,21.22,21.38,1223300
DPS,20081110,22.99,23.50,22.50,22.77,1240200
DPS,20081107,22.05,22.88,22.01,22.68,1320900
DPS,20081106,22.49,22.84,21.63,21.91,1367700
DPS,20081105,23.40,23.68,22.40,22.49,1837200
DPS,20081104,22.99,23.84,22.97,23.31,1565800
DPS,20081103,22.55,23.35,22.33,22.57,1667900
DPS,20081031,21.89,23.27,21.78,22.90,2214000
DPS,20081030,22.68,22.80,21.39,21.92,1814200
DPS,20081029,21.53,22.57,21.20,22.05,1894600
DPS,20081028,19.55,21.72,19.50,21.68,2254400
DPS,20081027,19.00,19.61,18.62,19.22,2442300
DPS,20081024,19.44,20.09,18.98,19.17,3180800
DPS,20081023,21.00,21.21,19.85,20.24,4003800
DPS,20081022,21.00,21.56,20.63,20.91,2260600
DPS,20081021,21.27,22.20,21.05,21.49,1185500
DPS,20081020,20.61,21.53,20.40,21.53,1154700
DPS,20081017,20.36,21.28,20.10,20.92,3075200
DPS,20081016,21.15,21.28,20.10,20.88,3228200
DPS,20081015,22.64,22.92,20.91,21.09,2134200
DPS,20081014,24.17,24.24,22.51,23.00,2988400
DPS,20081013,22.66,23.85,22.19,23.79,3309800
DPS,20081010,22.38,23.75,21.03,22.52,4589100
DPS,20081009,23.69,24.00,22.70,22.99,4917100
DPS,20081008,23.87,24.63,23.34,23.79,7149000
DPS,20081007,25.25,25.42,23.94,23.94,6162700
DPS,20081006,24.85,25.01,24.28,24.90,45280300
DPS,20081003,25.38,25.95,24.93,25.15,5904500
DPS,20081002,26.09,26.09,25.20,25.36,4504400
DPS,20081001,26.50,26.70,25.98,26.13,4701000
DPS,20080930,25.30,26.82,25.30,26.48,10640200
DPS,20080929,24.93,25.27,23.99,24.28,1930300
DPS,20080926,23.52,25.49,23.52,25.39,1024000
DPS,20080925,24.38,24.64,24.26,24.47,1093200
DPS,20080924,24.50,24.65,24.26,24.44,1231200
DPS,20080923,24.70,25.00,23.93,24.50,2014100
DPS,20080922,25.10,25.48,24.84,25.00,913900
DPS,20080919,24.50,25.39,24.40,25.19,1550300
DPS,20080918,25.00,25.10,24.36,24.65,3415500
DPS,20080917,24.39,25.02,24.39,24.75,12691600
DPS,20080916,25.01,25.19,24.53,25.05,2049000
DPS,20080915,26.17,26.17,25.05,25.32,1466700
DPS,20080912,25.28,26.59,25.28,26.52,2564000
DPS,20080911,25.07,25.96,24.80,25.67,1390200
DPS,20080910,25.55,25.87,25.28,25.43,1395900
DPS,20080909,25.70,25.94,25.50,25.52,1541700
DPS,20080908,25.55,26.00,25.39,25.61,1414200
DPS,20080905,24.88,25.24,24.76,25.16,2369800
DPS,20080904,25.37,25.38,24.92,25.15,2950800
DPS,20080903,25.00,25.30,24.91,25.30,1610800
DPS,20080902,25.08,25.48,24.59,25.28,1757800
DPS,20080829,24.46,24.73,24.46,24.71,1330200
DPS,20080828,24.86,24.88,24.52,24.81,1380100
DPS,20080827,24.34,24.94,24.10,24.90,1619100
DPS,20080826,24.30,24.30,23.94,24.15,2507700
DPS,20080825,24.59,24.65,24.00,24.17,1409900
DPS,20080822,24.31,24.41,24.08,24.30,1353900
DPS,20080821,23.91,24.02,23.06,24.02,1376900
DPS,20080820,23.34,24.32,23.25,23.99,3635400
DPS,20080819,23.99,24.07,23.43,23.97,2280100
DPS,20080818,23.67,24.10,23.53,23.88,2105100
DPS,20080815,23.50,24.03,23.50,23.82,2482400
DPS,20080814,22.75,23.54,22.75,23.25,3319000
DPS,20080813,22.21,23.77,22.12,22.79,6515600
DPS,20080812,21.96,22.11,21.49,21.66,3140400
DPS,20080811,21.89,22.55,21.83,21.98,3210200
DPS,20080808,21.07,22.05,21.05,21.95,2200600
DPS,20080807,21.29,21.48,21.05,21.07,1239900
DPS,20080806,20.98,21.28,20.93,21.07,1260000
DPS,20080805,20.85,21.11,20.70,21.00,960400
DPS,20080804,20.82,20.86,20.49,20.72,2325300
DPS,20080801,20.79,21.02,20.60,20.92,1795300
DPS,20080731,20.35,20.86,20.35,20.67,1119000
DPS,20080730,20.26,20.71,20.26,20.67,3516900
DPS,20080729,20.40,20.58,20.17,20.25,2786700
DPS,20080728,20.09,20.30,20.07,20.18,1285100
DPS,20080725,20.45,20.74,20.21,20.29,862800
DPS,20080724,20.10,20.61,20.10,20.45,912300
DPS,20080723,20.70,20.70,20.08,20.21,1757200
DPS,20080722,20.27,20.84,20.15,20.76,1582300
DPS,20080721,20.60,20.88,20.21,20.56,1737700
DPS,20080718,20.44,20.48,19.92,20.20,1702100
DPS,20080717,20.87,20.91,19.37,20.40,3484300
DPS,20080716,20.86,21.08,20.75,21.03,1055600
DPS,20080715,21.60,21.73,20.46,21.00,1486900
DPS,20080714,21.90,22.14,21.40,21.79,1323800
DPS,20080711,21.42,21.97,21.23,21.64,1310900
DPS,20080710,21.97,22.02,21.46,21.85,1238400
DPS,20080709,21.59,21.78,21.51,21.65,1155500
DPS,20080708,21.15,21.91,21.13,21.50,3116200
DPS,20080707,21.05,21.57,20.94,21.32,1491700
DPS,20080703,21.21,21.34,20.54,20.94,1530400
DPS,20080702,20.91,21.49,20.79,21.34,1593500
DPS,20080701,20.80,20.84,20.03,20.60,3516700
DPS,20080630,21.58,21.58,20.62,20.98,3048100
DPS,20080627,22.02,22.08,21.52,21.60,3329000
DPS,20080626,22.15,22.56,22.07,22.17,2938500
DPS,20080625,22.33,22.88,22.29,22.54,2268100
DPS,20080624,23.25,23.25,22.20,22.54,4845600
DPS,20080623,24.00,24.00,23.56,23.60,1562800
DPS,20080620,23.35,24.00,23.32,24.00,2339500
DPS,20080619,23.85,24.01,23.40,23.89,2262100
DPS,20080618,23.10,24.00,23.06,23.79,1883200
DPS,20080617,23.72,23.74,23.22,23.46,3945100
DPS,20080616,24.73,24.77,23.50,23.71,2799100
DPS,20080613,24.15,24.73,24.03,24.67,2718300
DPS,20080612,24.77,24.85,24.00,24.18,1885800
DPS,20080611,24.98,24.98,24.06,24.33,2352300
DPS,20080610,24.88,25.10,24.85,24.93,3237600
DPS,20080609,24.80,25.30,24.69,24.97,2018400
DPS,20080606,25.12,25.37,24.93,24.98,4040900
DPS,20080605,24.80,26.38,24.70,25.56,10802100
DPS,20080604,23.95,24.19,23.88,23.90,2871200
DPS,20080603,23.80,24.25,23.59,24.20,4636400
DPS,20080602,24.97,25.07,24.11,24.12,2692600
DPS,20080530,24.82,25.47,24.77,25.18,5456400
DPS,20080529,25.01,25.14,24.85,24.95,6850900
DPS,20080528,25.22,25.47,25.05,25.21,5346300
DPS,20080527,25.36,25.53,25.12,25.38,1899300
DPS,20080523,25.52,25.72,25.26,25.42,2421100
DPS,20080522,25.14,26.13,25.12,25.72,7980000
DPS,20080521,25.37,25.78,25.26,25.51,1729100
DPS,20080520,25.70,25.94,25.00,25.55,8338100
DPS,20080519,26.15,26.45,25.97,26.07,5645100
DPS,20080516,25.86,26.75,25.67,26.50,11418200
DPS,20080515,25.75,26.41,25.58,26.03,3969300
DPS,20080514,25.50,26.31,24.60,26.17,4295600
DPS,20080513,25.38,25.92,25.20,25.90,4518800
DPS,20080512,25.11,26.85,25.10,25.57,7921800
DPS,20080509,25.10,25.40,24.94,25.24,9747000
DPS,20080508,25.58,25.83,24.74,25.40,12468400
DPS,20080507,25.20,25.80,24.80,25.50,38943400
