MJN,20150310,101.18,101.28,99.44,99.51,1088700
MJN,20150309,101.52,102.07,101.04,101.77,712100
MJN,20150306,102.34,102.34,100.94,101.36,879700
MJN,20150305,102.81,103.15,101.57,102.97,679300
MJN,20150304,104.00,104.00,102.45,102.85,831700
MJN,20150303,104.22,104.58,103.25,104.12,939400
MJN,20150302,104.76,105.13,104.13,104.64,641600
MJN,20150227,104.35,105.45,104.23,104.76,697800
MJN,20150226,104.53,104.79,103.92,104.35,589200
MJN,20150225,104.78,105.30,104.42,104.74,456800
MJN,20150224,104.52,105.18,103.80,104.88,758000
MJN,20150223,104.51,105.11,104.16,105.07,840300
MJN,20150220,104.54,105.17,103.72,105.01,468700
MJN,20150219,103.98,105.39,103.91,104.71,901800
MJN,20150218,103.09,104.74,102.87,104.02,1731400
MJN,20150217,101.75,103.56,101.14,103.49,1120900
MJN,20150213,99.60,102.02,99.06,101.89,1270300
MJN,20150212,99.07,99.65,98.59,99.57,601000
MJN,20150211,99.01,99.47,97.87,98.87,951200
MJN,20150210,99.22,99.22,98.07,98.82,1156600
MJN,20150209,99.59,99.99,98.31,98.43,843200
MJN,20150206,100.25,100.48,99.21,99.61,849700
MJN,20150205,99.01,100.14,98.62,100.11,967300
MJN,20150204,100.27,101.23,99.13,99.49,1198300
MJN,20150203,99.85,100.37,98.85,100.08,761700
MJN,20150202,98.66,99.62,97.22,99.61,1147800
MJN,20150130,100.59,101.27,98.21,98.49,1350500
MJN,20150129,99.45,101.76,97.27,101.76,1642300
MJN,20150128,100.16,100.78,98.65,98.69,1721300
MJN,20150127,97.53,100.00,97.09,99.43,1238500
MJN,20150126,98.55,98.74,97.68,98.14,1287500
MJN,20150123,100.00,100.00,98.19,98.36,1442000
MJN,20150122,101.33,101.33,99.30,99.95,2261300
MJN,20150121,100.18,101.23,99.73,100.52,1008500
MJN,20150120,100.91,101.14,99.89,100.47,957800
MJN,20150116,98.63,100.50,98.23,100.35,1005900
MJN,20150115,98.72,99.66,98.18,98.55,846700
MJN,20150114,97.78,98.76,97.21,98.72,1226400
MJN,20150113,100.74,101.77,98.50,99.39,942300
MJN,20150112,101.93,102.79,99.61,100.09,1114500
MJN,20150109,102.86,103.76,101.29,101.97,1090200
MJN,20150108,100.07,101.85,99.72,101.41,1097000
MJN,20150107,98.22,99.68,97.57,99.48,969600
MJN,20150106,98.55,99.61,97.33,97.75,1612600
MJN,20150105,98.80,99.20,97.13,98.13,1539500
MJN,20150102,100.62,101.19,99.37,99.94,568900
MJN,20141231,101.70,102.24,100.48,100.54,589500
MJN,20141230,102.38,102.55,101.39,101.47,816600
MJN,20141229,102.11,102.39,101.65,101.96,1053100
MJN,20141226,102.50,103.49,102.39,102.49,456200
MJN,20141224,101.52,103.06,100.75,102.04,707900
MJN,20141223,101.68,101.94,101.34,101.56,746300
MJN,20141222,100.79,101.53,100.35,101.28,647100
MJN,20141219,100.81,100.96,99.98,100.35,1633100
MJN,20141218,100.45,100.61,99.43,100.58,1856400
MJN,20141217,95.36,98.77,95.36,98.58,1498700
MJN,20141216,95.95,97.78,95.36,95.45,1454900
MJN,20141215,98.07,98.80,95.06,96.20,2280000
MJN,20141212,99.01,100.94,97.74,97.81,2206500
MJN,20141211,101.05,103.05,100.96,101.99,746500
MJN,20141210,102.40,102.92,100.54,100.80,1244100
MJN,20141209,101.40,102.59,100.82,102.54,758300
MJN,20141208,103.36,103.88,101.98,102.30,785300
MJN,20141205,102.41,103.65,101.97,103.38,890800
MJN,20141204,102.38,102.73,101.73,101.96,638100
MJN,20141203,103.07,103.33,102.37,102.65,742800
MJN,20141202,103.98,104.20,102.59,102.87,1315900
MJN,20141201,103.51,104.43,102.82,103.92,1340200
MJN,20141128,103.67,104.67,103.41,103.84,733100
MJN,20141126,101.94,103.44,101.56,103.41,940500
MJN,20141125,101.29,101.81,100.72,101.39,900600
MJN,20141124,102.75,102.75,100.62,101.07,1164700
MJN,20141121,102.69,102.87,102.00,102.33,765600
MJN,20141120,102.31,102.41,101.30,101.61,899600
MJN,20141119,101.68,102.68,101.02,102.64,1231800
MJN,20141118,100.88,102.62,100.79,102.06,1010100
MJN,20141117,100.22,100.84,99.30,100.70,1328500
MJN,20141114,99.35,101.16,98.96,100.68,1072200
MJN,20141113,99.85,100.53,98.25,99.65,1084200
MJN,20141112,99.32,99.91,98.94,99.61,1074400
MJN,20141111,99.70,100.27,98.63,99.26,650000
MJN,20141110,98.47,99.42,98.37,99.32,1051300
MJN,20141107,98.51,99.04,98.00,98.39,1199800
MJN,20141106,98.86,99.16,98.07,98.84,1075200
MJN,20141105,98.86,99.80,98.47,98.79,900800
MJN,20141104,100.22,100.96,98.13,98.41,1266700
MJN,20141103,99.54,101.02,99.38,100.26,1342200
MJN,20141031,101.00,101.26,96.72,99.31,3691500
MJN,20141030,102.54,104.13,102.39,103.57,680200
MJN,20141029,102.96,103.43,101.54,102.94,763000
MJN,20141028,101.61,102.91,101.02,102.90,1184200
MJN,20141027,103.45,103.58,101.18,101.52,1060400
MJN,20141024,101.89,104.05,101.47,103.39,1704100
MJN,20141023,97.00,101.69,96.90,100.66,1693500
MJN,20141022,100.83,102.33,98.61,99.93,3032300
MJN,20141021,97.51,100.45,96.78,100.36,2115100
MJN,20141020,94.99,97.40,94.47,97.02,2803400
MJN,20141017,91.97,104.89,91.71,100.23,7659700
MJN,20141016,89.59,91.96,89.38,91.21,1290700
MJN,20141015,92.31,92.36,89.34,90.99,1715300
MJN,20141014,92.70,93.84,92.45,92.80,787000
MJN,20141013,94.21,94.41,92.37,92.43,977300
MJN,20141010,96.05,96.26,94.13,94.14,1380800
MJN,20141009,97.20,97.90,95.47,95.83,1137900
MJN,20141008,96.17,97.70,95.86,97.69,1042000
MJN,20141007,96.58,97.22,96.19,96.34,1054000
MJN,20141006,96.97,97.03,96.32,96.94,947500
MJN,20141003,94.49,96.60,94.29,96.54,1739900
MJN,20141002,95.29,95.77,94.06,94.18,2128900
MJN,20141001,96.00,96.12,95.07,95.50,1121800
MJN,20140930,96.57,96.76,96.03,96.22,1402600
MJN,20140929,95.66,97.05,95.48,96.81,1036900
MJN,20140926,95.65,96.37,95.45,96.17,1004200
MJN,20140925,96.73,96.90,95.50,95.72,1151300
MJN,20140924,96.31,97.32,96.31,97.21,1520600
MJN,20140923,96.01,96.90,95.75,96.64,1197500
MJN,20140922,97.43,97.43,96.48,96.50,867900
MJN,20140919,98.43,98.49,97.33,97.46,1072900
MJN,20140918,97.66,97.98,97.11,97.94,607700
MJN,20140917,98.17,98.22,97.12,97.63,1111700
MJN,20140916,96.17,98.50,95.81,98.30,1464600
MJN,20140915,96.90,96.90,96.06,96.62,896700
MJN,20140912,97.20,97.43,96.42,96.69,1283900
MJN,20140911,96.36,97.36,95.92,97.01,991800
MJN,20140910,96.59,96.86,95.87,96.44,891600
MJN,20140909,97.10,97.48,96.69,96.87,1333800
MJN,20140908,97.50,97.55,96.56,97.00,1846200
MJN,20140905,96.79,97.79,96.26,97.71,1180900
MJN,20140904,94.61,97.39,94.31,97.05,2629700
MJN,20140903,95.46,95.51,93.87,93.93,2535800
MJN,20140902,95.48,95.96,94.92,95.38,1094600
MJN,20140829,95.40,95.92,95.09,95.60,754800
MJN,20140828,94.44,95.11,94.28,95.05,921700
MJN,20140827,95.25,95.39,94.70,94.81,865800
MJN,20140826,95.93,96.09,94.86,95.15,738000
MJN,20140825,95.00,95.77,94.83,95.61,696700
MJN,20140822,94.59,95.00,94.14,94.34,617000
MJN,20140821,94.75,95.22,94.35,94.42,900000
MJN,20140820,94.59,95.00,94.12,94.48,656200
MJN,20140819,94.76,94.97,94.07,94.37,724800
MJN,20140818,94.69,94.99,94.20,94.75,602600
MJN,20140815,94.99,95.79,93.57,94.22,838700
MJN,20140814,94.20,95.22,93.97,94.50,903700
MJN,20140813,93.96,94.28,93.52,94.26,640800
MJN,20140812,93.50,94.00,93.37,93.63,617200
MJN,20140811,93.47,94.28,93.20,93.85,662800
MJN,20140808,92.50,93.17,91.20,93.11,1078200
MJN,20140807,93.82,94.04,91.92,92.24,1733200
MJN,20140806,92.19,93.82,92.05,93.64,1462000
MJN,20140805,92.63,93.31,92.44,92.64,987700
MJN,20140804,92.73,93.16,92.03,92.83,1216600
MJN,20140801,91.48,93.12,91.15,92.64,1525900
MJN,20140731,92.84,93.26,91.44,91.44,1149300
MJN,20140730,94.90,95.08,93.07,93.10,994800
MJN,20140729,96.43,96.79,94.86,94.88,1136000
MJN,20140728,94.87,96.27,94.61,96.05,1839000
MJN,20140725,94.77,94.94,93.58,94.64,1093000
MJN,20140724,95.48,95.48,94.84,95.34,1764600
MJN,20140723,95.27,96.11,94.98,95.08,2065600
MJN,20140722,92.08,98.36,91.85,95.42,3577400
MJN,20140721,92.34,92.45,91.41,92.27,2047500
MJN,20140718,91.98,92.74,91.80,92.61,1119100
MJN,20140717,92.77,93.08,91.78,91.92,749900
MJN,20140716,93.29,93.36,92.70,93.01,898500
MJN,20140715,94.34,94.52,92.44,92.62,1505500
MJN,20140714,93.16,93.25,92.45,92.87,793300
MJN,20140711,93.07,93.14,92.08,92.59,883500
MJN,20140710,92.32,93.34,92.19,93.12,1044600
MJN,20140709,92.73,93.51,92.60,93.26,1055600
MJN,20140708,93.10,93.28,92.20,92.65,832900
MJN,20140707,93.23,93.80,93.12,93.47,753000
MJN,20140703,93.88,93.97,93.20,93.73,1071000
MJN,20140702,93.03,94.00,92.91,93.39,889300
MJN,20140701,93.00,93.46,92.23,93.21,1250100
MJN,20140630,92.50,93.34,92.11,93.17,866100
MJN,20140627,92.24,92.81,91.71,92.67,1768200
MJN,20140626,92.43,92.60,91.62,92.40,1078200
MJN,20140625,92.98,93.05,91.93,92.28,1876400
MJN,20140624,92.52,93.43,92.34,93.32,1702500
MJN,20140623,92.98,93.25,92.47,92.98,1496000
MJN,20140620,92.73,93.40,92.68,93.14,1940000
MJN,20140619,92.21,92.74,91.68,92.56,1534800
MJN,20140618,89.29,91.94,88.89,91.88,2763000
MJN,20140617,88.04,89.28,87.54,89.19,1399800
MJN,20140616,87.45,87.85,87.08,87.79,1049900
MJN,20140613,86.71,87.56,86.39,87.45,1229900
MJN,20140612,86.75,87.14,85.89,86.65,958300
MJN,20140611,87.56,87.56,86.57,86.75,779500
MJN,20140610,87.28,87.85,87.05,87.61,1182900
MJN,20140609,89.94,89.94,87.28,87.39,1354500
MJN,20140606,89.34,89.85,89.05,89.82,691600
MJN,20140605,88.83,89.28,87.77,89.00,677700
MJN,20140604,89.20,89.35,88.41,88.50,864900
MJN,20140603,89.50,89.76,89.09,89.45,950500
MJN,20140602,89.40,89.74,88.97,89.68,1003100
MJN,20140530,87.90,89.64,87.88,89.47,1799300
MJN,20140529,87.27,88.20,86.96,88.10,1054500
MJN,20140528,86.94,87.58,86.62,87.13,958600
MJN,20140527,86.81,87.09,86.33,86.98,697300
MJN,20140523,85.75,86.38,85.72,86.19,491300
MJN,20140522,85.96,86.31,85.75,85.77,669400
MJN,20140521,85.94,86.27,85.61,86.19,556800
MJN,20140520,85.54,86.17,85.54,85.97,818900
MJN,20140519,86.23,86.24,85.33,85.43,1103500
MJN,20140516,85.72,86.49,85.57,86.28,1227600
MJN,20140515,86.43,86.50,84.97,85.64,1007000
MJN,20140514,87.68,87.83,86.82,86.96,740100
MJN,20140513,87.11,87.83,87.05,87.67,848300
MJN,20140512,86.58,87.52,86.44,86.90,1418700
MJN,20140509,86.70,86.70,85.66,86.13,1069600
MJN,20140508,87.00,87.17,86.16,86.55,798500
MJN,20140507,86.61,87.30,86.50,87.08,1415400
MJN,20140506,87.64,87.70,86.10,86.12,1214200
MJN,20140505,87.03,87.96,86.72,87.67,742700
MJN,20140502,87.70,88.25,87.37,87.82,885800
MJN,20140501,88.03,88.35,87.24,87.66,1224500
MJN,20140430,87.68,88.30,87.39,88.26,1665700
MJN,20140429,88.20,88.54,87.38,88.05,1299500
MJN,20140428,87.23,88.02,86.80,87.88,1496700
MJN,20140425,88.20,88.87,86.80,87.10,2224500
MJN,20140424,85.56,88.49,84.06,88.22,4907800
MJN,20140423,85.43,85.91,84.02,84.27,1591700
MJN,20140422,84.67,86.05,84.39,85.17,1474900
MJN,20140421,84.47,84.90,84.34,84.50,897300
MJN,20140417,83.58,84.55,83.28,84.45,1043500
MJN,20140416,83.12,83.90,83.12,83.74,1235900
MJN,20140415,83.06,83.52,81.23,82.21,1565700
MJN,20140414,82.70,83.00,81.99,82.96,2095200
MJN,20140411,83.15,83.56,81.82,82.20,1798500
MJN,20140410,85.47,85.92,83.95,83.96,1270900
MJN,20140409,84.37,85.30,84.00,85.28,1087700
MJN,20140408,85.31,85.43,83.88,83.94,2028400
MJN,20140407,85.06,85.91,84.83,85.54,1834400
MJN,20140404,86.94,87.00,85.04,85.11,1856700
MJN,20140403,86.48,86.76,85.32,86.65,1707700
MJN,20140402,84.84,86.50,84.84,86.18,2289700
MJN,20140401,83.20,85.57,83.20,85.46,2910600
MJN,20140331,83.78,83.85,82.84,83.14,1153300
MJN,20140328,83.32,84.07,82.66,83.00,1064500
MJN,20140327,82.78,83.59,82.12,83.14,1266700
MJN,20140326,82.61,84.76,82.44,82.99,1906000
MJN,20140325,81.94,82.42,81.76,82.10,1588900
MJN,20140324,82.49,82.88,81.05,81.40,1303300
MJN,20140321,82.99,83.44,82.05,82.09,1214700
MJN,20140320,81.66,82.46,80.86,82.30,1085400
MJN,20140319,82.90,83.19,81.44,81.67,970900
MJN,20140318,82.88,83.15,82.43,83.07,724100
MJN,20140317,82.74,83.11,82.25,82.91,705400
MJN,20140314,82.41,83.02,82.05,82.20,1173800
MJN,20140313,83.36,83.58,82.47,82.72,1237800
MJN,20140312,82.40,83.68,82.40,83.53,1142400
MJN,20140311,83.58,83.97,82.62,82.99,1410500
MJN,20140310,83.20,83.57,82.04,83.17,1694500
MJN,20140307,83.81,83.85,82.39,83.18,1480900
MJN,20140306,83.09,83.96,82.65,83.04,1304200
MJN,20140305,83.78,83.98,82.25,82.94,1953800
MJN,20140304,83.12,84.12,82.97,84.06,2123500
MJN,20140303,81.38,82.57,81.04,82.51,1767900
MJN,20140228,81.89,82.40,81.17,81.55,1278400
MJN,20140227,80.60,81.83,80.60,81.62,1928900
MJN,20140226,81.79,81.90,80.35,80.73,2577600
MJN,20140225,81.00,81.79,81.00,81.48,1571500
MJN,20140224,81.30,81.80,80.85,80.96,1924200
MJN,20140221,80.77,81.71,80.36,80.90,2575400
MJN,20140220,79.19,81.69,78.90,80.73,4389800
MJN,20140219,75.45,79.22,74.68,78.63,4295100
MJN,20140218,77.89,78.10,76.82,77.25,2285600
MJN,20140214,78.31,78.32,77.27,77.67,1854700
MJN,20140213,77.83,78.74,77.51,78.23,2019500
MJN,20140212,78.39,78.89,77.66,77.89,1540900
MJN,20140211,77.37,78.24,76.29,78.12,1720300
MJN,20140210,76.59,79.19,76.19,77.66,3226800
MJN,20140207,76.27,77.28,75.60,75.95,2340000
MJN,20140206,73.64,76.12,73.51,75.95,4534200
MJN,20140205,74.79,74.79,73.23,73.66,5457500
MJN,20140204,76.13,76.13,74.58,74.83,2614300
MJN,20140203,76.78,77.28,74.99,75.45,2938700
MJN,20140131,74.97,79.00,74.86,76.89,5428800
MJN,20140130,78.00,79.82,77.67,79.37,3324800
MJN,20140129,79.30,79.60,77.59,77.80,2357800
MJN,20140128,78.43,80.29,78.33,79.87,2821300
MJN,20140127,78.61,78.61,77.41,77.82,2771800
MJN,20140124,79.57,80.40,78.02,78.29,2902300
MJN,20140123,82.27,82.29,80.00,80.59,2330500
MJN,20140122,82.33,83.32,82.03,82.89,1283500
MJN,20140121,83.04,83.28,81.78,82.28,1174900
MJN,20140117,83.19,83.47,82.20,82.28,1259800
MJN,20140116,83.45,84.18,83.01,83.35,872600
MJN,20140115,83.93,83.95,82.82,83.49,1174900
MJN,20140114,83.03,84.07,82.81,83.95,1239700
MJN,20140113,83.52,84.18,82.83,82.90,626800
MJN,20140110,84.63,84.85,83.28,83.83,1082200
MJN,20140109,84.27,85.00,83.90,84.23,1303100
MJN,20140108,83.90,84.44,83.65,84.26,1345100
MJN,20140107,83.04,84.27,83.04,84.00,1240300
MJN,20140106,83.62,83.89,82.91,83.00,1184500
MJN,20140103,83.12,84.10,82.42,83.44,1649100
MJN,20140102,82.78,84.48,82.21,83.17,1480500
MJN,20131231,83.36,84.29,82.33,83.76,956500
MJN,20131230,83.27,83.27,82.65,83.10,3181500
MJN,20131227,83.71,83.71,82.55,82.95,1682100
MJN,20131226,83.52,83.85,82.82,83.35,722100
MJN,20131224,83.30,83.95,83.24,83.33,522700
MJN,20131223,83.58,83.59,82.71,83.12,880900
MJN,20131220,83.41,83.55,82.51,82.89,1404800
MJN,20131219,83.62,83.78,82.37,83.35,980800
MJN,20131218,83.07,83.95,82.06,83.92,1432900
MJN,20131217,82.94,83.63,82.35,82.99,1174700
MJN,20131216,83.69,83.69,82.16,82.94,968900
MJN,20131213,84.00,84.55,83.00,83.16,1036500
MJN,20131212,84.26,84.90,83.32,83.95,1452900
MJN,20131211,85.29,85.62,84.84,85.00,1263100
MJN,20131210,85.39,85.55,84.67,85.00,1215100
MJN,20131209,85.72,86.20,85.22,85.49,1150500
MJN,20131206,85.58,85.93,85.26,85.58,1573600
MJN,20131205,85.20,85.72,84.90,85.08,1588500
MJN,20131204,84.78,85.81,84.59,85.26,1477100
MJN,20131203,84.52,85.30,84.31,85.24,1359200
MJN,20131202,84.69,84.97,84.03,84.56,1042100
MJN,20131129,84.79,85.09,84.32,84.51,701100
MJN,20131127,84.90,85.12,84.25,84.79,873300
MJN,20131126,83.97,85.03,83.65,84.73,1623300
MJN,20131125,84.12,84.40,83.61,83.93,863900
MJN,20131122,83.51,84.25,83.34,84.09,1381400
MJN,20131121,83.10,83.72,82.25,83.70,1337700
MJN,20131120,82.72,83.70,82.58,83.07,1411800
MJN,20131119,82.87,83.97,82.04,83.00,2333500
MJN,20131118,85.24,85.24,82.50,82.69,1781200
MJN,20131115,84.47,86.63,83.32,84.85,5377300
MJN,20131114,80.78,81.00,80.40,80.88,1408500
MJN,20131113,79.28,80.82,78.94,80.78,934900
MJN,20131112,80.02,80.41,79.35,80.05,1008100
MJN,20131111,80.74,80.95,79.48,79.97,1088800
MJN,20131108,80.03,80.52,79.06,80.48,1945500
MJN,20131107,82.46,82.46,79.79,79.93,1375500
MJN,20131106,82.52,82.52,81.66,82.01,891400
MJN,20131105,81.39,82.46,80.94,82.07,1458600
MJN,20131104,82.18,82.66,81.20,81.56,843000
MJN,20131101,81.86,82.42,81.39,81.95,1166500
MJN,20131031,81.97,82.19,81.45,81.66,1086800
MJN,20131030,83.13,83.24,81.63,82.19,1360600
MJN,20131029,82.72,82.94,81.33,82.80,1859900
MJN,20131028,80.94,81.94,80.73,80.98,1570900
MJN,20131025,80.26,81.39,79.73,81.09,2186500
MJN,20131024,83.20,84.00,77.61,80.32,5972800
MJN,20131023,81.13,82.46,80.94,82.36,2793800
MJN,20131022,80.42,81.94,80.42,81.34,1530200
MJN,20131021,80.12,81.28,79.31,80.41,2000900
MJN,20131018,79.82,79.96,78.58,78.81,1334300
MJN,20131017,78.83,79.61,78.60,79.34,1557300
MJN,20131016,77.51,79.17,77.51,78.93,1415200
MJN,20131015,75.41,77.78,75.07,77.16,2291300
MJN,20131014,76.02,76.02,74.82,75.42,1727100
MJN,20131011,76.17,76.75,76.07,76.73,541300
MJN,20131010,75.17,76.72,75.04,76.48,1068200
MJN,20131009,75.09,75.72,74.11,74.68,1094200
MJN,20131008,75.00,75.48,74.68,75.09,1189500
MJN,20131007,74.90,75.64,74.61,75.09,754300
MJN,20131004,73.87,75.29,73.81,75.12,832500
MJN,20131003,74.28,74.99,73.82,74.04,1945600
MJN,20131002,74.06,74.27,73.69,74.25,2603300
MJN,20131001,74.45,74.45,73.95,74.15,1618400
MJN,20130930,75.03,75.22,73.95,74.26,1097000
MJN,20130927,75.67,75.85,74.73,75.24,801500
MJN,20130926,75.83,76.55,75.18,75.95,1053900
MJN,20130925,75.98,76.14,75.15,75.61,893300
MJN,20130924,76.87,76.95,75.85,76.17,882700
MJN,20130923,77.70,77.83,76.43,76.95,1018800
MJN,20130920,77.68,77.90,77.30,77.47,1255600
MJN,20130919,78.55,78.68,77.40,77.75,1199300
MJN,20130918,77.82,78.50,76.94,78.48,2044800
MJN,20130917,76.65,78.33,76.65,77.86,2108500
MJN,20130916,76.12,77.68,75.71,76.11,1387700
MJN,20130913,75.00,75.74,74.74,75.64,1398100
MJN,20130912,74.84,74.94,74.70,74.75,1730300
MJN,20130911,75.01,75.28,74.53,74.90,1608800
MJN,20130910,75.55,75.74,73.98,74.86,1410700
MJN,20130909,74.97,75.90,74.97,75.23,1086200
MJN,20130906,75.13,75.40,73.79,74.76,1070900
MJN,20130905,75.17,75.33,74.74,74.92,1206800
MJN,20130904,75.21,75.41,73.97,75.09,1970800
MJN,20130903,74.91,75.50,74.21,75.28,1436700
MJN,20130830,75.44,75.98,74.71,75.03,1373700
MJN,20130829,74.14,74.82,73.70,74.46,931300
MJN,20130828,74.52,74.61,73.89,74.10,1081800
MJN,20130827,75.08,75.20,74.26,74.66,1346300
MJN,20130826,76.99,77.00,75.75,75.92,1534100
MJN,20130823,76.83,77.28,76.46,76.95,629700
MJN,20130822,76.13,76.86,76.06,76.36,879500
MJN,20130821,76.20,76.85,76.10,76.19,1339100
MJN,20130820,76.40,76.80,75.99,76.35,978700
MJN,20130819,75.85,76.75,75.80,76.53,2196900
MJN,20130816,76.45,76.54,75.77,76.11,1485000
MJN,20130815,76.02,76.38,75.24,76.35,1275900
MJN,20130814,77.36,77.45,76.58,76.75,1142000
MJN,20130813,77.90,77.99,77.01,77.21,800600
MJN,20130812,77.26,77.99,76.85,77.56,942800
MJN,20130809,77.73,79.00,77.19,77.84,771600
MJN,20130808,79.01,79.29,77.84,78.08,1421000
MJN,20130807,78.77,80.38,78.08,79.05,3119600
MJN,20130806,77.56,77.91,76.39,77.27,2225400
MJN,20130805,76.69,78.76,76.38,78.05,3606500
MJN,20130802,75.12,76.53,73.70,76.00,3240700
MJN,20130801,73.23,73.72,72.50,72.84,1293700
MJN,20130731,73.13,73.57,72.23,72.84,1749200
MJN,20130730,73.04,73.85,72.80,73.04,1417300
MJN,20130729,73.00,73.35,72.47,72.89,1249700
MJN,20130726,74.01,74.01,71.74,73.68,1494900
MJN,20130725,76.33,78.29,74.30,74.45,4103800
MJN,20130724,71.57,71.74,70.54,70.67,2502500
MJN,20130723,72.36,72.50,70.84,71.61,3032300
MJN,20130722,73.35,73.69,72.37,72.73,1772600
MJN,20130719,71.87,73.48,71.87,73.30,1324900
MJN,20130718,72.39,72.69,71.95,72.02,2049400
MJN,20130717,74.00,74.00,71.90,72.22,3241500
MJN,20130716,73.76,73.76,72.62,73.63,1493900
MJN,20130715,74.59,74.59,73.25,73.88,1437200
MJN,20130712,73.74,74.34,73.16,74.27,1806700
MJN,20130711,73.46,75.00,72.84,74.13,3210300
MJN,20130710,70.41,73.44,69.74,72.95,5033300
MJN,20130709,70.05,70.36,68.71,70.25,3065800
MJN,20130708,69.21,70.39,69.21,69.96,5870400
MJN,20130705,68.94,69.53,68.28,69.33,4776000
MJN,20130703,72.30,72.77,66.80,68.85,13363700
MJN,20130702,78.00,78.00,74.59,74.90,4198200
MJN,20130701,79.62,80.98,78.99,79.43,979200
MJN,20130628,78.70,79.70,78.18,79.23,1702400
MJN,20130627,79.24,79.74,78.75,78.76,988300
MJN,20130626,77.86,79.04,77.86,78.71,958000
MJN,20130625,77.25,77.81,76.75,77.30,1417500
MJN,20130624,77.52,77.76,76.22,76.94,2006900
MJN,20130621,78.56,79.48,77.54,78.25,1380000
MJN,20130620,79.89,80.01,77.64,78.11,1897400
MJN,20130619,83.09,83.39,80.79,80.83,949100
MJN,20130618,82.78,83.68,82.78,83.24,611900
MJN,20130617,81.77,83.67,81.66,83.01,1019700
MJN,20130614,82.18,82.68,81.03,81.35,605000
MJN,20130613,81.10,82.34,80.58,82.23,852500
MJN,20130612,82.01,82.64,81.24,81.29,886600
MJN,20130611,81.76,82.14,80.74,81.64,745100
MJN,20130610,82.81,82.89,81.13,82.08,1034000
MJN,20130607,80.33,82.85,80.33,82.63,1347100
MJN,20130606,80.05,80.11,78.88,79.78,1133900
MJN,20130605,81.48,81.54,79.75,79.92,1392600
MJN,20130604,82.59,83.06,81.17,81.75,1163800
MJN,20130603,81.05,82.69,80.48,82.62,1005100
MJN,20130531,82.75,83.00,81.06,81.07,1155800
MJN,20130530,84.87,84.87,83.05,83.12,1133000
MJN,20130529,85.93,85.93,84.25,85.02,1624600
MJN,20130528,84.90,86.87,84.82,86.19,2256500
MJN,20130524,83.87,84.75,83.11,84.44,1385700
MJN,20130523,85.36,85.49,82.55,84.37,3463300
MJN,20130522,81.06,86.00,81.00,85.90,4246900
MJN,20130521,79.64,80.90,79.54,80.85,1352400
MJN,20130520,80.47,80.59,79.35,79.50,1453800
MJN,20130517,80.51,80.81,79.93,80.47,886600
MJN,20130516,81.05,81.25,80.33,80.52,1311100
MJN,20130515,80.63,81.36,79.70,81.28,1284800
MJN,20130514,79.22,80.89,79.22,80.66,1433700
MJN,20130513,79.08,80.04,79.08,79.35,1110000
MJN,20130510,78.78,78.99,78.07,78.97,1092600
MJN,20130509,79.61,80.16,78.70,78.92,1033000
MJN,20130508,80.20,80.49,79.54,79.83,951300
MJN,20130507,80.25,80.51,79.88,80.18,850200
MJN,20130506,80.48,80.85,79.91,80.21,1021800
MJN,20130503,80.24,81.35,80.13,80.72,1343600
MJN,20130502,80.84,80.98,79.35,79.80,1408900
MJN,20130501,81.25,81.80,80.52,80.78,749700
MJN,20130430,79.48,82.41,79.48,81.09,1876400
MJN,20130429,80.41,81.29,79.17,79.55,1277000
MJN,20130426,79.45,80.24,79.01,79.97,958900
MJN,20130425,77.75,80.25,77.19,79.75,2855000
MJN,20130424,81.14,81.72,79.64,80.99,1957500
MJN,20130423,81.10,82.21,79.87,80.86,2663500
MJN,20130422,81.00,81.96,80.94,81.72,1113600
MJN,20130419,80.66,81.25,80.21,81.13,1486000
MJN,20130418,80.17,81.42,80.17,80.66,1887700
MJN,20130417,80.33,81.08,79.99,80.20,2745300
MJN,20130416,78.90,81.66,78.55,80.76,3681300
MJN,20130415,77.29,78.14,76.85,77.77,1656400
MJN,20130412,77.26,77.95,76.89,77.51,727900
MJN,20130411,77.17,78.35,77.02,77.57,778800
MJN,20130410,75.83,77.17,75.79,77.07,761800
MJN,20130409,76.50,76.59,75.50,75.73,1013100
MJN,20130408,75.62,76.64,75.62,76.64,659900
MJN,20130405,74.83,75.88,74.44,75.76,885400
MJN,20130404,75.99,76.51,75.36,75.50,1442300
MJN,20130403,76.98,76.98,75.41,75.80,2291900
MJN,20130402,77.08,78.02,76.66,76.80,1466500
MJN,20130401,77.26,77.70,76.78,76.94,884300
MJN,20130328,77.20,77.60,76.78,77.45,893300
MJN,20130327,76.62,77.40,76.51,77.13,920000
MJN,20130326,77.14,77.29,76.48,76.90,1388100
MJN,20130325,76.24,77.25,76.11,77.00,1884600
MJN,20130322,75.57,76.44,75.33,75.81,1412500
MJN,20130321,74.56,76.43,74.26,75.72,2207400
MJN,20130320,73.84,74.61,73.63,74.52,1363100
MJN,20130319,74.44,74.57,73.14,73.49,1680700
MJN,20130318,72.93,74.75,72.68,74.30,2186200
MJN,20130315,72.61,74.04,72.50,73.35,2950100
MJN,20130314,70.74,73.18,70.58,72.70,4269500
MJN,20130313,71.70,71.70,70.01,70.50,3278100
MJN,20130312,72.75,72.86,71.47,71.70,1836900
MJN,20130311,74.25,74.57,72.59,72.72,1843100
MJN,20130308,75.03,75.34,74.79,74.93,1135400
MJN,20130307,75.64,75.90,74.35,74.73,879000
MJN,20130306,75.79,75.89,75.31,75.59,865900
MJN,20130305,75.53,75.76,75.05,75.45,1028200
MJN,20130304,75.01,75.47,74.67,75.21,1751000
MJN,20130301,74.74,75.44,74.24,75.27,1857900
MJN,20130228,75.04,75.64,74.57,74.91,1938400
MJN,20130227,74.62,74.98,74.24,74.65,1875400
MJN,20130226,75.64,75.99,74.27,74.42,2927300
MJN,20130225,76.84,77.68,75.28,75.32,4590600
MJN,20130222,78.42,79.09,78.15,78.96,1361500
MJN,20130221,78.83,79.27,77.79,78.07,2261300
MJN,20130220,80.49,81.04,79.04,79.05,1779900
MJN,20130219,79.18,80.43,78.79,80.40,2283200
MJN,20130215,78.79,79.12,78.05,78.95,1776600
MJN,20130214,77.80,78.63,77.80,78.40,1506000
MJN,20130213,77.86,78.17,77.38,77.84,1463800
MJN,20130212,77.26,77.73,76.56,77.65,909900
MJN,20130211,77.34,77.66,76.92,77.33,947300
MJN,20130208,76.85,77.81,76.57,77.51,1095800
MJN,20130207,77.35,77.96,76.08,76.85,1054700
MJN,20130206,75.77,77.21,74.94,77.20,1646900
MJN,20130205,75.33,77.19,75.33,76.16,1637500
MJN,20130204,75.12,75.66,74.32,75.06,2643500
MJN,20130201,75.39,76.11,74.32,75.05,3302600
MJN,20130131,74.01,77.22,73.58,76.00,7468100
MJN,20130130,68.56,68.79,68.09,68.15,2163500
MJN,20130129,68.50,69.05,68.30,68.71,1293100
MJN,20130128,70.17,70.38,68.41,68.53,1333200
MJN,20130125,69.63,70.49,69.45,70.03,1573700
MJN,20130124,68.36,69.68,68.36,69.54,1567900
MJN,20130123,67.78,68.65,67.78,68.50,1643600
MJN,20130122,66.77,67.86,65.38,67.78,1908400
MJN,20130118,66.69,67.30,66.61,66.80,1772200
MJN,20130117,66.34,66.96,65.55,66.52,2528000
MJN,20130116,68.38,68.38,65.78,66.96,2401200
MJN,20130115,69.44,69.58,69.09,69.24,1201600
MJN,20130114,69.32,69.81,68.73,69.49,1365700
MJN,20130111,68.32,69.40,67.70,69.16,3345400
MJN,20130110,68.57,69.10,68.00,68.19,1775100
MJN,20130109,69.24,69.35,68.02,68.24,1121800
MJN,20130108,69.82,70.06,68.87,69.11,1107900
MJN,20130107,69.97,69.97,69.29,69.74,1728700
MJN,20130104,70.15,70.37,69.67,69.99,2060300
MJN,20130103,68.70,70.30,68.09,69.95,2824500
MJN,20130102,66.78,68.83,66.76,68.81,1953100
MJN,20121231,65.00,65.92,64.50,65.89,818600
MJN,20121228,65.36,66.07,65.04,65.11,691400
MJN,20121227,65.79,65.81,65.09,65.57,970800
MJN,20121226,66.06,66.43,65.57,65.66,909300
MJN,20121224,65.56,66.85,65.47,66.13,366000
MJN,20121221,65.85,66.51,65.29,65.73,1734700
MJN,20121220,65.99,66.27,65.57,66.27,1383900
MJN,20121219,66.45,66.68,65.79,65.83,1739900
MJN,20121218,66.14,66.48,65.98,66.20,2297800
MJN,20121217,65.61,66.06,65.43,66.00,1653200
MJN,20121214,65.38,66.61,65.38,65.86,3427900
MJN,20121213,65.74,66.16,65.55,65.63,1305800
MJN,20121212,66.63,66.68,65.86,66.04,1472900
MJN,20121211,66.74,66.77,66.38,66.54,1484200
MJN,20121210,66.73,66.92,66.22,66.47,1678800
MJN,20121207,67.10,67.10,66.65,66.82,1440200
MJN,20121206,67.61,67.62,66.60,66.83,1171500
MJN,20121205,68.09,68.23,67.55,67.57,1152500
MJN,20121204,68.07,68.33,67.59,67.61,2131000
MJN,20121203,68.41,68.55,67.92,68.05,2274100
MJN,20121130,68.21,68.61,67.78,68.19,2110400
MJN,20121129,68.39,69.00,68.05,68.37,1947700
MJN,20121128,67.28,68.39,66.97,68.34,1427100
MJN,20121127,66.98,67.51,66.98,67.21,2117600
MJN,20121126,66.86,67.36,66.85,67.33,1646900
MJN,20121123,66.56,67.49,66.48,67.40,620500
MJN,20121121,66.29,66.77,65.80,66.12,1743900
MJN,20121120,66.88,67.36,65.52,66.12,1967800
MJN,20121119,66.40,67.53,66.40,66.82,1450800
MJN,20121116,66.55,66.81,65.36,65.97,2378000
MJN,20121115,66.86,67.32,66.11,66.67,2383700
MJN,20121114,67.70,67.75,66.53,66.64,2018500
MJN,20121113,65.52,68.04,65.41,67.70,3377600
MJN,20121112,65.80,66.04,65.57,65.85,1013400
MJN,20121109,65.59,66.04,65.30,65.70,1271600
MJN,20121108,66.16,66.37,65.51,65.51,1950000
MJN,20121107,66.06,66.57,65.34,66.24,2248300
MJN,20121106,65.72,66.52,65.36,66.27,2252700
MJN,20121105,65.05,65.83,65.03,65.62,3115200
MJN,20121102,63.81,66.56,63.81,64.97,4497600
MJN,20121101,62.02,64.36,61.99,63.72,6662800
MJN,20121031,62.54,63.17,61.27,61.66,4668400
MJN,20121026,63.69,63.85,61.73,62.00,5859300
MJN,20121025,65.58,65.98,62.51,63.53,11838400
MJN,20121024,70.15,70.45,69.17,69.51,1639900
MJN,20121023,69.35,70.10,69.15,69.99,1396700
MJN,20121022,70.02,70.10,68.87,69.77,1701100
MJN,20121019,71.42,71.42,69.83,70.22,1909000
MJN,20121018,71.69,72.00,71.34,71.44,1193800
MJN,20121017,71.52,72.33,71.29,71.77,1541300
MJN,20121016,70.99,71.65,70.82,71.37,2070700
MJN,20121015,70.63,71.09,70.35,70.77,1241200
MJN,20121012,71.19,71.19,70.08,70.61,1031900
MJN,20121011,71.45,71.63,70.88,71.01,1655000
MJN,20121010,71.52,72.10,70.97,71.07,1142300
MJN,20121009,72.31,72.34,71.63,71.70,1156000
MJN,20121008,72.56,72.77,71.60,72.16,1148900
MJN,20121005,73.01,73.08,72.19,72.60,1790000
MJN,20121004,72.88,73.36,72.45,72.65,991200
MJN,20121003,72.85,73.30,72.45,72.61,1748200
MJN,20121002,73.25,73.99,72.12,72.45,1627700
MJN,20121001,73.26,74.25,72.70,72.96,2231300
MJN,20120928,74.06,74.06,72.84,73.28,1778600
MJN,20120927,73.57,74.79,73.37,74.36,938700
MJN,20120926,73.83,74.27,73.31,73.37,1669600
MJN,20120925,75.13,76.23,73.47,73.64,3195300
MJN,20120924,76.77,76.86,74.71,74.77,2025800
MJN,20120921,76.93,78.15,76.32,77.57,2626800
MJN,20120920,77.11,77.22,76.04,76.53,1392800
MJN,20120919,76.00,77.44,75.95,77.05,1383400
MJN,20120918,74.11,76.19,74.11,75.72,2361100
MJN,20120917,75.08,75.61,73.80,74.02,1449000
MJN,20120914,75.51,76.11,74.40,75.16,1336900
MJN,20120913,74.69,75.73,74.43,75.54,1257900
MJN,20120912,74.76,75.17,74.50,74.56,1081000
MJN,20120911,75.86,75.86,74.51,74.71,1824500
MJN,20120910,76.01,76.54,75.69,75.78,1157500
MJN,20120907,75.72,76.85,75.57,75.98,1982100
MJN,20120906,76.06,76.18,74.84,75.70,3050200
MJN,20120905,73.59,76.72,73.57,75.95,3614000
MJN,20120904,73.50,74.00,72.42,73.59,1281700
MJN,20120831,72.53,73.42,72.19,73.33,1223800
MJN,20120830,72.14,72.46,71.66,72.31,790400
MJN,20120829,73.51,73.52,72.31,72.44,936200
MJN,20120828,72.72,73.69,72.42,73.33,1303700
MJN,20120827,72.97,73.23,72.19,72.93,994500
MJN,20120824,71.84,72.99,71.80,72.81,1102600
MJN,20120823,71.45,72.35,70.98,72.16,1530600
MJN,20120822,70.79,71.85,69.76,71.71,2555100
MJN,20120821,72.39,72.49,70.59,70.93,1943100
MJN,20120820,72.81,73.01,71.80,72.35,1352500
MJN,20120817,73.31,73.31,72.49,72.93,1644100
MJN,20120816,73.13,73.16,72.15,73.08,1987400
MJN,20120815,72.83,73.03,72.36,72.92,1627300
MJN,20120814,73.24,73.35,72.51,73.00,1048800
MJN,20120813,73.12,73.44,72.68,72.96,1565800
MJN,20120810,73.22,73.46,72.44,73.00,1368600
MJN,20120809,73.20,74.32,73.02,73.21,1065300
MJN,20120808,73.96,74.13,72.85,73.22,1885300
MJN,20120807,73.02,73.34,72.51,73.02,2067400
MJN,20120806,73.74,74.03,72.66,72.69,1429800
MJN,20120803,73.18,74.79,73.01,73.84,1208500
MJN,20120802,71.92,72.50,71.48,72.08,1201300
MJN,20120801,73.26,73.50,72.17,72.31,1523800
MJN,20120731,72.36,73.15,71.96,72.96,2146600
MJN,20120730,72.18,72.86,71.60,72.60,1778400
MJN,20120727,71.83,74.24,70.92,72.02,3381700
MJN,20120726,72.66,74.83,68.09,70.69,6224200
MJN,20120725,73.18,73.59,72.32,72.98,1942400
MJN,20120724,73.21,73.62,72.64,73.11,1943900
MJN,20120723,73.34,73.47,72.23,72.94,1184600
MJN,20120720,74.30,74.69,73.04,74.08,2157400
MJN,20120719,73.01,75.13,72.37,74.93,3553900
MJN,20120718,73.58,74.61,71.89,73.01,3049600
MJN,20120717,73.15,74.13,73.01,73.59,2606300
MJN,20120716,75.47,75.47,71.46,73.00,7270000
MJN,20120713,77.53,77.70,76.96,77.02,1996600
MJN,20120712,77.69,79.73,76.69,77.54,2274500
MJN,20120711,79.85,80.73,76.45,78.28,7861000
MJN,20120710,79.43,79.65,72.40,75.29,10316600
MJN,20120709,79.99,80.11,78.45,78.70,1258400
MJN,20120706,80.34,81.00,79.79,80.02,1326300
MJN,20120705,81.75,81.86,80.02,80.40,1596000
MJN,20120703,80.96,82.30,80.80,81.73,1587400
MJN,20120702,80.30,81.00,78.83,80.83,3033000
MJN,20120629,84.74,84.74,79.08,80.51,7185800
MJN,20120628,86.13,86.32,84.61,85.65,1349700
MJN,20120627,86.73,87.36,86.26,86.61,1604400
MJN,20120626,87.11,87.52,86.32,86.40,1603900
MJN,20120625,87.68,87.68,85.96,87.00,1671600
MJN,20120622,86.07,88.72,85.94,88.64,5243000
MJN,20120621,85.42,86.86,85.38,85.87,1461200
MJN,20120620,86.20,86.50,84.75,85.66,1807000
MJN,20120619,87.10,87.82,86.04,86.34,1473000
MJN,20120618,84.58,87.13,84.58,86.77,1954800
MJN,20120615,85.67,86.10,84.68,85.32,1772000
MJN,20120614,82.56,86.21,82.50,85.72,1995000
MJN,20120613,81.77,83.26,81.32,82.17,1067000
MJN,20120612,81.25,81.97,80.99,81.58,975300
MJN,20120611,81.82,82.12,81.03,81.13,754700
MJN,20120608,80.63,81.45,80.02,81.45,1363400
MJN,20120607,81.88,82.16,80.95,81.12,1071000
MJN,20120606,80.00,81.45,79.79,81.44,1109400
MJN,20120605,79.57,79.72,78.99,79.40,1143900
MJN,20120604,78.24,79.13,77.75,79.02,1560800
MJN,20120601,80.25,80.25,77.72,78.15,2597400
MJN,20120531,81.53,82.45,80.54,80.74,1343600
MJN,20120530,83.01,83.54,81.63,81.65,1287200
MJN,20120529,83.29,83.65,82.92,83.46,1060000
MJN,20120525,82.19,83.28,82.10,83.02,1244300
MJN,20120524,81.40,82.24,81.33,82.19,1060800
MJN,20120523,81.41,81.72,80.43,81.29,1339700
MJN,20120522,82.89,82.89,81.67,82.12,962900
MJN,20120521,80.93,82.17,80.56,82.13,912600
MJN,20120518,83.01,83.16,80.83,81.00,1410600
MJN,20120517,84.38,84.56,82.51,82.53,1040300
MJN,20120516,83.44,84.75,83.38,84.26,1274400
MJN,20120515,82.63,84.21,82.29,83.26,1634700
MJN,20120514,82.82,83.08,82.14,82.62,1454200
MJN,20120511,82.95,84.09,82.73,83.22,1336400
MJN,20120510,83.16,83.64,82.76,83.00,1317300
MJN,20120509,82.67,83.32,82.55,82.77,2122400
MJN,20120508,83.69,84.04,83.14,83.41,1714000
MJN,20120507,84.44,84.92,83.92,84.01,947000
MJN,20120504,84.76,85.40,84.33,84.36,822600
MJN,20120503,85.64,85.89,84.64,84.81,944000
MJN,20120502,84.44,85.72,84.44,85.55,1546000
MJN,20120501,85.51,86.19,84.55,84.57,1725500
MJN,20120430,85.46,85.73,84.82,85.56,1431600
MJN,20120427,86.65,87.08,85.66,85.97,1592600
MJN,20120426,82.90,87.27,82.90,86.53,2068400
MJN,20120425,81.53,83.67,81.18,83.07,2606900
MJN,20120424,81.24,81.91,80.63,80.90,1715900
MJN,20120423,83.36,83.36,80.95,81.16,2272400
MJN,20120420,83.02,84.69,83.02,84.05,1382000
MJN,20120419,82.06,83.21,81.79,82.95,1550600
MJN,20120418,82.14,82.95,80.58,81.66,4779500
MJN,20120417,84.38,84.59,83.53,83.61,1879700
MJN,20120416,83.51,84.92,83.44,84.04,1154800
MJN,20120413,82.70,83.41,82.49,83.10,1047700
MJN,20120412,82.83,82.95,82.50,82.66,748700
MJN,20120411,82.62,83.22,82.43,82.71,1025600
MJN,20120410,83.36,83.75,82.17,82.17,1036900
MJN,20120409,83.00,83.54,82.76,83.34,847700
MJN,20120405,83.28,83.95,83.11,83.73,588700
MJN,20120404,83.40,83.80,83.25,83.45,811200
MJN,20120403,84.33,84.39,83.06,83.48,853200
MJN,20120402,82.61,84.66,82.50,84.19,1108300
MJN,20120330,83.60,83.95,82.43,82.48,1123300
MJN,20120329,82.59,83.33,82.35,83.20,870100
MJN,20120328,82.28,83.03,81.97,82.95,774800
MJN,20120327,82.39,83.08,82.37,82.43,864600
MJN,20120326,82.24,82.97,81.46,82.21,1082100
MJN,20120323,82.43,82.74,81.46,81.92,643800
MJN,20120322,81.35,82.68,81.09,82.64,1002500
MJN,20120321,80.10,82.08,80.09,81.65,1113700
MJN,20120320,80.11,80.72,79.79,80.10,932700
MJN,20120319,79.66,80.94,79.44,80.64,696200
MJN,20120316,79.93,80.09,79.59,79.76,1247500
MJN,20120315,80.26,80.50,79.20,79.66,747700
MJN,20120314,80.18,80.74,80.08,80.29,794400
MJN,20120313,80.25,80.51,79.82,80.37,846300
MJN,20120312,79.11,80.03,79.00,79.99,950600
MJN,20120309,79.50,79.62,78.95,79.42,870800
MJN,20120308,79.61,80.33,79.04,79.32,1338800
MJN,20120307,78.65,79.30,78.00,79.07,918500
MJN,20120306,78.27,79.21,78.09,78.46,1116200
MJN,20120305,77.92,79.10,77.78,78.96,1150700
MJN,20120302,78.08,78.68,77.74,78.26,740600
MJN,20120301,77.75,78.50,77.45,78.05,920600
MJN,20120229,77.69,78.30,77.45,77.75,1123300
MJN,20120228,78.40,78.75,77.34,77.53,851100
MJN,20120227,76.75,78.30,76.75,78.00,984500
MJN,20120224,77.40,78.35,76.51,78.02,841300
MJN,20120223,77.50,77.91,76.97,77.36,1038100
MJN,20120222,76.74,78.15,76.54,77.71,1606300
MJN,20120221,76.00,76.71,75.54,76.71,1126500
MJN,20120217,76.68,76.68,75.32,75.51,1081500
MJN,20120216,75.30,76.42,75.30,76.31,1561900
MJN,20120215,76.00,76.14,75.02,75.15,1071800
MJN,20120214,75.67,76.00,75.35,75.94,1068100
MJN,20120213,74.72,75.57,74.60,75.17,883400
MJN,20120210,74.85,75.22,74.14,74.19,1552800
MJN,20120209,74.40,75.81,74.20,75.45,1515100
MJN,20120208,74.78,74.92,74.21,74.30,897800
MJN,20120207,75.61,75.79,74.71,74.87,795700
MJN,20120206,74.80,75.77,74.15,75.74,1763400
MJN,20120203,74.82,75.99,74.82,75.23,1995000
MJN,20120202,73.55,74.63,73.55,74.39,1916600
MJN,20120201,74.27,74.40,73.29,73.34,2054500
MJN,20120131,73.95,75.20,73.10,74.09,1931000
MJN,20120130,73.44,74.38,73.14,73.86,1521700
MJN,20120127,73.56,74.82,72.00,74.03,2088900
MJN,20120126,74.20,77.40,72.97,74.01,3329200
MJN,20120125,70.54,72.87,70.48,72.60,2474300
MJN,20120124,71.65,71.89,70.61,70.75,2401900
MJN,20120123,73.61,73.67,71.84,72.52,1394500
MJN,20120120,73.60,73.87,71.05,73.79,1588300
MJN,20120119,73.20,73.78,72.68,73.59,1351700
MJN,20120118,72.92,73.36,72.38,73.16,1070200
MJN,20120117,72.60,73.31,72.23,73.18,1452100
MJN,20120113,72.08,72.37,70.95,71.75,856400
MJN,20120112,73.05,73.48,72.19,72.48,1735100
MJN,20120111,71.86,72.74,71.39,72.61,1710800
MJN,20120110,71.71,71.90,70.89,71.83,1714500
MJN,20120109,71.19,71.75,70.81,71.37,1317500
MJN,20120106,71.53,71.80,71.03,71.15,995400
MJN,20120105,70.85,72.09,70.64,71.70,1665600
MJN,20120104,70.75,71.58,70.38,71.13,2139000
MJN,20120103,72.00,73.31,71.18,71.35,6468100
MJN,20111230,68.70,68.99,67.88,68.73,1235500
MJN,20111229,67.75,68.84,66.55,68.64,3047100
MJN,20111228,68.97,69.96,67.52,67.98,3897000
MJN,20111227,68.28,69.94,68.01,69.08,7781300
MJN,20111223,66.03,67.60,63.74,65.29,13187100
MJN,20111222,74.79,74.91,60.62,68.76,30643100
MJN,20111221,74.25,76.53,74.25,76.48,1090400
MJN,20111220,73.83,74.53,73.61,74.39,1216600
MJN,20111219,73.09,73.64,72.83,73.12,1027500
MJN,20111216,73.13,73.62,72.68,72.92,1473400
MJN,20111215,72.68,72.86,72.29,72.67,1053800
MJN,20111214,73.77,74.12,71.85,72.58,1200700
MJN,20111213,74.63,74.92,73.47,73.89,1150400
MJN,20111212,74.56,74.61,73.68,74.47,814500
MJN,20111209,74.51,75.29,74.47,75.12,735800
MJN,20111208,75.07,75.62,74.01,74.16,967300
MJN,20111207,75.03,75.51,74.31,75.27,841500
MJN,20111206,75.59,75.72,74.88,75.14,1007800
MJN,20111205,75.60,76.04,75.03,75.64,1167100
MJN,20111202,75.66,75.98,74.53,74.91,1228400
MJN,20111201,75.00,75.57,74.61,75.33,1215600
MJN,20111130,75.00,75.44,74.14,75.36,1658100
MJN,20111129,72.92,74.00,72.81,73.48,1017800
MJN,20111128,71.94,72.76,71.58,72.63,1021700
MJN,20111125,70.68,71.51,70.59,70.99,397400
MJN,20111123,71.34,71.67,70.35,71.03,1250400
MJN,20111122,70.15,72.11,70.00,71.84,1443900
MJN,20111121,69.82,70.44,69.05,70.01,1294100
MJN,20111118,70.66,70.92,70.31,70.64,1642600
MJN,20111117,70.75,71.02,69.59,70.16,1068500
MJN,20111116,71.60,72.06,70.89,70.99,1001500
MJN,20111115,71.30,72.40,71.09,72.14,655400
MJN,20111114,71.65,71.85,70.85,71.75,848100
MJN,20111111,70.57,72.09,70.27,71.90,1345700
MJN,20111110,69.72,70.28,68.96,70.15,1142900
MJN,20111109,71.25,71.29,69.03,69.23,2307200
MJN,20111108,71.73,72.54,71.39,72.34,1044900
MJN,20111107,71.21,71.76,70.71,71.63,666600
MJN,20111104,70.83,71.53,70.41,71.26,837400
MJN,20111103,70.98,71.51,70.47,71.39,1302400
MJN,20111102,70.90,71.41,70.25,70.64,1154400
MJN,20111101,70.17,71.27,69.92,70.21,1415100
MJN,20111031,72.35,72.98,71.75,71.85,994800
MJN,20111028,72.96,73.69,71.76,73.40,1676400
MJN,20111027,72.73,73.08,69.25,72.76,2000300
MJN,20111026,72.27,72.89,71.28,71.82,1144300
MJN,20111025,72.25,72.43,71.36,71.80,838800
MJN,20111024,73.07,73.07,71.93,72.53,1102500
MJN,20111021,72.97,73.38,72.32,72.80,996100
MJN,20111020,71.44,72.53,71.25,72.17,794200
MJN,20111019,73.35,73.53,71.32,71.50,1101000
MJN,20111018,73.21,74.28,72.64,73.41,1063800
MJN,20111017,73.93,75.20,73.08,73.36,867000
MJN,20111014,74.79,75.15,73.42,74.07,1061600
MJN,20111013,73.45,74.57,72.97,73.73,1963000
MJN,20111012,72.92,73.38,71.85,71.86,1241300
MJN,20111011,71.00,73.30,70.73,72.59,1338000
MJN,20111010,71.85,71.85,70.96,71.34,1233500
MJN,20111007,70.21,71.76,69.82,71.17,1281600
MJN,20111006,69.16,70.66,68.82,69.99,1380200
MJN,20111005,68.18,69.55,68.01,69.36,1711200
MJN,20111004,67.65,68.11,66.35,68.09,2200000
MJN,20111003,68.74,70.01,67.84,68.11,1898700
MJN,20110930,69.48,70.81,68.79,68.83,2465100
MJN,20110929,72.81,73.26,70.75,71.21,1723400
MJN,20110928,72.90,73.51,71.93,72.07,1692100
MJN,20110927,75.96,75.96,74.38,74.64,1395000
MJN,20110926,75.00,75.43,73.06,75.23,973000
MJN,20110923,72.85,74.61,71.88,74.45,1382700
MJN,20110922,72.06,73.58,70.42,72.99,2044000
MJN,20110921,75.35,75.81,74.12,74.23,369400
MJN,20110920,75.86,76.13,75.18,75.43,1697600
MJN,20110919,75.13,76.13,74.89,75.80,861100
MJN,20110916,75.69,76.91,75.54,76.09,1538700
MJN,20110915,75.87,76.26,74.24,75.27,1963300
MJN,20110914,73.22,76.31,73.00,75.25,2832100
MJN,20110913,71.78,72.62,71.18,72.52,1350900
MJN,20110912,69.34,71.46,68.85,71.35,1383800
MJN,20110909,71.20,71.63,69.39,70.14,1202600
MJN,20110908,71.73,72.78,71.13,71.84,1260300
MJN,20110907,70.73,72.22,70.48,72.21,1226900
MJN,20110906,68.59,70.41,68.13,70.20,1218300
MJN,20110902,70.02,70.78,69.80,70.21,1000900
MJN,20110901,71.09,72.37,70.69,70.83,845100
MJN,20110831,70.80,71.44,70.61,71.25,1526900
MJN,20110830,69.87,71.05,69.30,70.63,1175100
MJN,20110829,68.36,69.95,68.24,69.81,1115200
MJN,20110826,66.96,68.52,65.73,68.13,991700
MJN,20110825,68.05,68.18,65.86,67.32,1746000
MJN,20110824,68.21,68.68,67.38,67.99,1649700
MJN,20110823,66.91,68.46,65.55,68.46,1938000
MJN,20110822,67.60,67.71,65.90,66.26,2132900
MJN,20110819,69.11,69.91,66.44,66.73,3194000
MJN,20110818,69.79,70.38,68.44,69.96,2279000
MJN,20110817,71.11,71.35,70.59,71.03,2034200
MJN,20110816,68.45,71.14,68.41,70.57,2533100
MJN,20110815,69.58,69.99,68.57,69.07,1426300
MJN,20110812,67.03,69.38,66.62,69.18,2063000
MJN,20110811,66.92,67.48,65.65,66.77,2518100
MJN,20110810,67.43,67.99,65.76,66.04,3039500
MJN,20110809,67.30,68.51,64.78,68.26,3371600
MJN,20110808,67.65,68.00,65.04,65.21,3250200
MJN,20110805,68.90,69.17,66.46,68.92,2808500
MJN,20110804,69.91,70.28,68.43,68.53,2149800
MJN,20110803,70.21,70.64,69.00,70.46,1685400
MJN,20110802,70.57,71.25,70.03,70.05,1751500
MJN,20110801,71.71,72.00,69.90,71.19,1616800
MJN,20110729,71.00,72.08,70.89,71.37,1688800
MJN,20110728,69.52,72.86,69.52,71.76,3651800
MJN,20110727,68.70,68.70,66.79,67.48,2541100
MJN,20110726,68.83,69.15,68.52,68.84,657500
MJN,20110725,68.44,69.21,67.74,68.96,1364300
MJN,20110722,69.94,69.99,68.97,69.08,1053600
MJN,20110721,69.13,70.09,69.06,69.77,1111500
MJN,20110720,69.73,69.99,68.85,68.95,759300
MJN,20110719,68.87,69.84,68.80,69.84,731300
MJN,20110718,68.96,68.96,68.12,68.55,1067900
MJN,20110715,68.88,69.28,68.49,69.27,931300
MJN,20110714,68.85,69.19,68.67,68.79,1060500
MJN,20110713,68.89,69.37,68.61,68.96,1060800
MJN,20110712,68.40,69.18,68.18,68.78,1199800
MJN,20110711,68.40,68.86,68.30,68.41,1058400
MJN,20110708,68.62,69.18,68.23,69.15,1195100
MJN,20110707,69.34,69.71,68.86,69.00,1229200
MJN,20110706,69.59,69.63,68.70,69.03,1349400
MJN,20110705,68.80,69.99,68.55,69.93,1723600
MJN,20110701,67.34,69.10,67.32,69.04,1034600
MJN,20110630,67.24,67.67,67.16,67.55,1412900
MJN,20110629,66.60,67.36,66.23,67.00,941400
MJN,20110628,65.95,66.39,65.82,66.36,863700
MJN,20110627,65.60,66.22,65.28,65.86,818000
MJN,20110624,65.22,65.59,65.03,65.37,1085500
MJN,20110623,64.44,65.27,63.78,65.22,1221200
MJN,20110622,65.06,65.57,64.62,65.08,861000
MJN,20110621,65.28,65.58,64.86,65.42,1077200
MJN,20110620,64.97,65.64,64.53,65.27,840600
MJN,20110617,65.07,65.27,64.75,64.96,1557000
MJN,20110616,64.68,65.24,64.35,64.78,1138900
MJN,20110615,65.05,65.44,64.45,64.82,855000
MJN,20110614,65.50,65.96,65.28,65.54,1167300
MJN,20110613,64.38,65.54,64.29,65.10,1103700
MJN,20110610,64.75,65.22,63.84,63.89,1838700
MJN,20110609,65.32,65.50,64.92,64.99,1417500
MJN,20110608,65.50,65.79,64.90,65.47,1032900
MJN,20110607,65.44,66.39,65.42,65.50,978000
MJN,20110606,66.29,66.42,65.58,65.58,912300
MJN,20110603,66.43,66.90,66.18,66.50,1150400
MJN,20110602,66.89,67.51,66.23,67.24,1553800
MJN,20110601,67.47,67.76,66.95,66.96,1753700
MJN,20110531,68.68,68.85,67.22,67.79,2752800
MJN,20110527,67.94,68.81,67.82,68.37,1229700
MJN,20110526,66.16,67.61,66.00,67.56,1218700
MJN,20110525,65.95,66.47,65.68,66.35,1397000
MJN,20110524,66.45,66.47,65.98,66.23,1145800
MJN,20110523,66.64,66.93,66.07,66.30,1231900
MJN,20110520,67.87,67.87,67.06,67.30,1069700
MJN,20110519,67.85,68.01,67.35,67.85,821200
MJN,20110518,67.21,67.62,66.05,67.47,1083700
MJN,20110517,67.07,67.43,66.58,67.27,878900
MJN,20110516,67.98,68.49,67.08,67.16,1334300
MJN,20110513,67.72,68.51,67.55,68.30,1431400
MJN,20110512,66.33,68.20,66.26,67.72,1900000
MJN,20110511,66.36,66.93,65.91,66.36,1017500
MJN,20110510,66.12,66.60,66.05,66.46,854000
MJN,20110509,65.98,66.03,65.08,65.73,1365700
MJN,20110506,66.73,67.28,66.05,66.40,978600
MJN,20110505,65.78,66.98,65.59,66.02,1507600
MJN,20110504,66.06,66.81,65.66,66.08,1195600
MJN,20110503,65.29,66.18,64.76,66.10,1498200
MJN,20110502,67.04,67.08,65.52,65.68,1752500
MJN,20110429,65.37,67.44,65.33,66.88,3611000
MJN,20110428,63.47,65.74,63.47,65.15,3333900
MJN,20110427,61.66,62.04,61.43,61.99,992500
MJN,20110426,61.41,62.11,61.18,61.63,1200000
MJN,20110425,60.55,61.44,60.33,61.28,904300
MJN,20110421,60.96,62.00,60.65,60.82,1494700
MJN,20110420,62.04,62.13,61.20,61.36,2048100
MJN,20110419,61.45,61.86,60.88,61.49,2303200
MJN,20110418,60.39,60.53,59.95,60.27,1008000
MJN,20110415,60.57,61.00,60.33,60.92,1155500
MJN,20110414,59.50,60.29,59.45,60.25,927200
MJN,20110413,59.58,59.94,59.49,59.61,1165400
MJN,20110412,58.99,59.75,58.81,59.39,1282300
MJN,20110411,59.06,59.41,57.87,59.35,1856000
MJN,20110408,59.00,59.54,58.95,59.00,1312500
MJN,20110407,59.00,59.29,58.72,58.85,959600
MJN,20110406,58.74,59.21,58.51,59.02,1590600
MJN,20110405,58.18,58.71,57.88,58.47,1311300
MJN,20110404,58.52,58.52,58.18,58.26,609800
MJN,20110401,58.33,58.55,57.87,58.33,1920900
MJN,20110331,58.24,58.44,57.81,57.93,1361500
MJN,20110330,58.28,58.63,58.19,58.40,1677700
MJN,20110329,58.23,58.34,57.83,58.14,1346000
MJN,20110328,58.84,59.07,58.36,58.36,1081200
MJN,20110325,57.95,58.81,57.61,58.79,1496200
MJN,20110324,57.43,58.12,57.11,57.59,1550800
MJN,20110323,56.58,57.07,56.01,57.03,1523100
MJN,20110322,57.14,57.40,56.74,56.77,2212500
MJN,20110321,56.50,57.34,56.49,57.08,1000800
MJN,20110318,56.20,56.20,55.36,55.90,2010200
MJN,20110317,56.46,56.49,55.29,55.36,1528500
MJN,20110316,56.05,56.65,55.50,55.81,1294600
MJN,20110315,55.81,56.70,55.12,56.34,2076500
MJN,20110314,57.58,57.82,57.08,57.35,1295200
MJN,20110311,57.78,58.00,57.19,57.70,1542200
MJN,20110310,58.56,59.14,57.84,57.85,1539700
MJN,20110309,58.90,59.28,58.55,59.17,818600
MJN,20110308,59.52,59.62,58.90,59.11,1159200
MJN,20110307,59.62,60.32,58.81,59.20,769900
MJN,20110304,59.84,59.92,58.62,59.28,873100
MJN,20110303,59.34,60.03,59.00,59.93,895900
MJN,20110302,58.47,59.07,58.02,58.86,1266500
MJN,20110301,60.09,60.44,58.47,58.57,1409100
MJN,20110228,60.70,61.00,59.48,59.85,1507500
MJN,20110225,59.30,60.74,59.30,60.70,1003800
MJN,20110224,58.52,59.40,58.29,59.21,956000
MJN,20110223,59.71,60.10,58.14,58.66,1823200
MJN,20110222,60.69,61.13,59.78,59.93,1340200
MJN,20110218,61.09,61.34,60.52,61.31,1193700
MJN,20110217,60.05,61.46,60.04,61.21,1334100
MJN,20110216,59.95,60.63,59.85,60.26,723600
MJN,20110215,60.06,60.34,59.51,59.67,1132900
MJN,20110214,60.22,60.70,60.03,60.33,695200
MJN,20110211,59.80,60.60,59.55,60.30,1369000
MJN,20110210,59.91,60.13,59.55,59.79,1031200
MJN,20110209,59.81,60.30,59.74,60.13,1759500
MJN,20110208,59.32,60.09,59.02,60.07,1789400
MJN,20110207,58.89,59.59,58.56,59.20,1621900
MJN,20110204,58.72,58.89,58.19,58.74,1216600
MJN,20110203,57.43,59.00,57.43,58.79,2924700
MJN,20110202,57.74,58.06,57.37,57.54,3424600
MJN,20110201,58.27,59.09,57.83,57.90,1965700
MJN,20110131,58.14,58.57,57.65,57.97,2815600
MJN,20110128,59.68,60.10,58.10,58.31,1441900
MJN,20110127,58.80,60.16,58.00,59.61,2987100
MJN,20110126,60.99,60.99,59.53,60.02,1552800
MJN,20110125,61.49,61.54,60.39,60.71,1416200
MJN,20110124,61.68,62.17,60.89,61.60,1026300
MJN,20110121,61.99,62.04,61.50,61.68,1072300
MJN,20110120,61.83,62.34,61.13,61.41,1684300
MJN,20110119,63.03,63.17,62.09,62.40,1148000
MJN,20110118,63.03,63.30,62.77,63.00,1035500
MJN,20110114,62.74,63.04,62.36,62.86,893700
MJN,20110113,62.29,63.18,62.10,62.93,1100500
MJN,20110112,62.20,62.47,61.79,62.28,1494800
MJN,20110111,61.27,61.97,61.22,61.85,1511900
MJN,20110110,60.72,61.46,60.32,61.06,1097900
MJN,20110107,61.34,61.71,60.88,61.04,916100
MJN,20110106,61.86,62.29,61.24,61.40,801300
MJN,20110105,60.89,61.80,60.86,61.77,1599900
MJN,20110104,62.62,62.62,60.94,61.20,1302700
MJN,20110103,62.45,62.89,62.13,62.30,1825300
MJN,20101231,61.30,62.53,61.17,62.25,923800
MJN,20101230,61.16,61.95,60.79,61.42,1073300
MJN,20101229,61.87,61.87,61.17,61.29,960800
MJN,20101228,61.92,62.00,61.34,61.70,1386100
MJN,20101227,61.75,62.20,61.49,61.71,567100
MJN,20101223,61.76,62.35,61.66,62.05,612700
MJN,20101222,61.87,62.11,61.79,61.93,605400
MJN,20101221,62.91,62.91,61.82,61.99,1052000
MJN,20101220,62.47,62.80,62.12,62.55,1045600
MJN,20101217,62.20,62.97,61.95,62.52,2962600
MJN,20101216,61.51,62.25,60.96,62.25,923100
MJN,20101215,61.74,61.93,61.04,61.29,1419500
MJN,20101214,62.40,62.45,61.84,61.98,1178600
MJN,20101213,62.50,62.59,61.93,62.21,1451700
MJN,20101210,62.21,62.32,61.92,62.26,714700
MJN,20101209,62.54,62.64,61.62,62.01,1146900
MJN,20101208,61.73,62.42,61.72,62.19,920200
MJN,20101207,62.59,63.38,61.78,61.84,1331400
MJN,20101206,62.02,62.52,61.37,62.11,1360500
MJN,20101203,61.36,62.23,61.27,62.04,946000
MJN,20101202,60.73,61.42,60.51,61.41,1696500
MJN,20101201,60.65,61.26,59.87,60.15,1493900
MJN,20101130,59.37,60.48,59.36,59.57,4189800
MJN,20101129,60.12,60.25,59.30,59.76,1231500
MJN,20101126,59.99,60.97,59.99,60.54,931400
MJN,20101124,59.48,60.49,59.43,60.21,1286700
MJN,20101123,59.66,59.67,58.87,58.99,1108100
MJN,20101122,59.70,60.49,59.64,60.15,679800
MJN,20101119,60.00,60.31,59.47,60.15,1098000
MJN,20101118,60.00,60.25,59.59,60.00,794300
MJN,20101117,59.33,59.88,58.87,59.49,877700
MJN,20101116,60.28,60.70,58.63,59.39,1696400
MJN,20101115,59.80,60.95,59.59,60.61,1374500
MJN,20101112,59.43,60.20,59.20,59.61,1003400
MJN,20101111,59.49,59.80,59.34,59.70,1153400
MJN,20101110,59.74,60.05,59.65,59.99,1598500
MJN,20101109,59.45,60.63,59.25,59.58,1978700
MJN,20101108,59.24,59.31,58.34,59.23,953500
MJN,20101105,59.69,59.90,59.34,59.44,814300
MJN,20101104,59.89,60.40,59.38,59.45,1144600
MJN,20101103,59.45,59.63,58.86,59.47,793600
MJN,20101102,59.50,59.75,59.21,59.45,967700
MJN,20101101,59.15,59.85,58.81,59.15,939300
MJN,20101029,58.51,59.30,58.11,58.82,1573000
MJN,20101028,57.85,59.68,57.85,58.73,2135900
MJN,20101027,56.28,57.42,56.28,57.28,1251700
MJN,20101026,58.30,58.51,56.75,57.10,2934400
MJN,20101025,59.27,59.86,58.31,58.38,989800
MJN,20101022,58.22,59.30,58.22,59.04,872900
MJN,20101021,58.21,59.46,58.03,58.20,1186200
MJN,20101020,57.47,58.32,57.47,57.92,1039300
MJN,20101019,57.46,57.87,57.09,57.40,962300
MJN,20101018,57.94,58.36,57.71,58.09,591800
MJN,20101015,58.39,58.44,57.41,57.82,921700
MJN,20101014,58.25,58.39,57.68,57.77,825900
MJN,20101013,58.41,58.97,57.86,58.24,1464400
MJN,20101012,57.85,58.53,57.45,58.30,936000
MJN,20101011,56.52,57.97,56.51,57.91,1476300
MJN,20101008,56.70,56.82,55.94,56.50,1250600
MJN,20101007,56.13,56.28,55.58,56.19,826100
MJN,20101006,56.27,56.41,55.69,56.00,628400
MJN,20101005,56.46,56.72,56.20,56.25,1083900
MJN,20101004,56.11,56.23,55.60,55.95,1037900
MJN,20101001,56.99,57.25,55.79,56.25,1332200
MJN,20100930,56.94,57.17,56.08,56.91,2515100
MJN,20100929,56.67,56.81,56.09,56.75,1449100
MJN,20100928,56.50,57.06,55.92,56.66,1882400
MJN,20100927,57.10,57.11,56.27,56.50,1027800
MJN,20100924,56.57,58.04,56.54,57.12,2125700
MJN,20100923,56.15,57.17,55.99,56.01,1031000
MJN,20100922,55.74,57.07,55.60,56.67,1288700
MJN,20100921,55.78,56.01,55.23,55.94,1179700
MJN,20100920,55.30,56.36,55.02,55.65,994300
MJN,20100917,56.25,56.25,55.08,55.10,1317400
MJN,20100916,55.75,56.34,55.75,56.15,688200
MJN,20100915,55.49,56.19,55.45,56.08,612100
MJN,20100914,55.93,56.32,55.09,55.62,836300
MJN,20100913,57.02,57.14,55.70,56.15,964300
MJN,20100910,55.89,56.81,55.66,56.70,1408800
MJN,20100909,55.27,56.35,55.26,55.85,1271100
MJN,20100908,54.76,55.22,54.65,54.88,751200
MJN,20100907,55.03,55.30,54.58,54.63,728800
MJN,20100903,55.78,56.00,54.48,55.14,1232500
MJN,20100902,54.31,55.75,54.21,55.37,1501700
MJN,20100901,53.60,55.16,53.37,54.03,1581800
MJN,20100831,51.17,52.39,51.14,52.19,1427700
MJN,20100830,52.49,52.49,51.55,51.55,485600
MJN,20100827,52.47,52.50,51.40,52.46,1360600
MJN,20100826,52.46,52.71,52.04,52.24,873400
MJN,20100825,52.15,52.50,51.70,52.15,1414600
MJN,20100824,52.31,52.64,52.16,52.48,2046800
MJN,20100823,53.55,53.88,52.65,52.68,990400
MJN,20100820,52.47,53.56,52.23,53.41,1311500
MJN,20100819,53.58,53.93,52.53,52.94,1232500
MJN,20100818,53.63,54.30,53.39,53.91,823100
MJN,20100817,52.89,53.91,52.69,53.77,1345900
MJN,20100816,52.34,52.58,52.01,52.45,595700
MJN,20100813,51.31,52.86,51.16,52.58,1302000
MJN,20100812,50.53,51.70,50.51,51.56,842600
MJN,20100811,51.83,52.43,51.20,51.21,1244200
MJN,20100810,52.54,53.33,52.28,53.07,1512600
MJN,20100809,53.46,53.46,52.91,52.93,668400
MJN,20100806,52.66,53.47,52.42,53.33,874900
MJN,20100805,53.80,53.80,52.94,53.10,1131900
MJN,20100804,53.49,54.36,53.27,54.35,1031600
MJN,20100803,54.00,54.03,53.25,53.30,1128200
MJN,20100802,54.26,54.66,53.60,53.99,2155100
MJN,20100730,51.87,53.83,51.56,53.14,1941600
MJN,20100729,52.10,53.43,50.96,52.28,4496700
MJN,20100728,54.36,54.55,52.86,52.99,1322100
MJN,20100727,54.59,54.90,54.22,54.55,1259300
MJN,20100726,54.54,54.72,54.02,54.28,1443200
MJN,20100723,53.92,54.65,53.70,54.55,741900
MJN,20100722,53.73,54.04,53.27,53.92,1285600
MJN,20100721,53.94,53.97,53.06,53.20,1076900
MJN,20100720,52.97,53.89,52.54,53.84,880300
MJN,20100719,53.14,53.66,52.82,53.60,999100
MJN,20100716,54.05,54.11,52.55,53.02,1640300
MJN,20100715,54.02,54.39,53.51,54.38,780600
MJN,20100714,53.94,54.21,53.46,54.07,747100
MJN,20100713,54.27,54.27,53.80,54.12,1100000
MJN,20100712,53.91,54.20,53.59,53.93,1443800
MJN,20100709,53.90,54.01,53.30,53.88,951300
MJN,20100708,54.08,54.20,52.97,53.79,1704700
MJN,20100707,51.92,53.79,51.84,53.73,2828900
MJN,20100706,51.75,52.58,51.20,51.78,2333500
MJN,20100702,50.57,51.50,50.43,51.17,1500100
MJN,20100701,50.33,50.63,49.55,50.53,1607900
MJN,20100630,50.41,51.00,49.84,50.12,2868000
MJN,20100629,51.66,51.75,50.44,50.57,2364200
MJN,20100628,51.44,52.43,51.25,52.23,1548300
MJN,20100625,51.86,51.98,51.12,51.41,3155100
MJN,20100624,52.21,52.87,51.76,51.90,1119100
MJN,20100623,52.81,53.12,52.21,52.55,1548300
MJN,20100622,53.52,54.16,52.83,52.95,1583900
MJN,20100621,54.89,55.24,53.12,53.44,1660800
MJN,20100618,54.19,54.57,53.69,54.39,1599500
MJN,20100617,54.22,54.22,53.55,54.19,1609000
MJN,20100616,52.82,54.18,52.66,53.93,1856100
MJN,20100615,52.98,53.39,52.68,53.34,1476400
MJN,20100614,52.60,53.44,52.39,52.75,2861500
MJN,20100611,51.24,52.02,51.02,51.90,1715000
MJN,20100610,50.28,51.60,50.00,51.57,2428300
MJN,20100609,48.97,50.49,48.51,49.56,2926000
MJN,20100608,48.35,49.39,47.27,48.75,2355500
MJN,20100607,49.54,49.57,48.10,48.22,2175300
MJN,20100604,49.34,50.27,49.06,49.59,2217700
MJN,20100603,49.99,50.13,49.19,50.02,1702500
MJN,20100602,49.30,49.59,48.44,49.28,2074500
MJN,20100601,48.90,49.88,48.60,48.89,1700000
MJN,20100528,50.14,50.14,49.25,49.32,1114200
MJN,20100527,49.43,49.85,48.93,49.84,1526900
MJN,20100526,48.27,48.89,47.46,48.55,2766400
MJN,20100525,46.83,48.08,46.17,47.99,2442700
MJN,20100524,50.61,50.61,47.88,48.13,2615400
MJN,20100521,47.19,49.09,46.45,49.09,4567900
MJN,20100520,50.73,50.73,47.59,47.61,5292200
MJN,20100519,51.13,51.61,50.50,51.50,1884100
MJN,20100518,51.45,52.24,50.85,51.04,1865100
MJN,20100517,50.31,51.62,50.31,51.15,1439300
MJN,20100514,51.53,51.74,49.95,50.32,1589800
MJN,20100513,52.47,52.75,51.72,51.74,1115500
MJN,20100512,51.42,52.42,51.30,52.42,1724900
MJN,20100511,50.44,51.79,50.00,51.25,1588900
MJN,20100510,49.95,51.51,49.95,51.03,2412400
MJN,20100507,48.17,48.50,46.75,48.31,5766800
MJN,20100506,49.75,49.75,47.01,48.20,2549200
MJN,20100505,50.00,50.34,48.74,49.78,2193000
MJN,20100504,50.92,51.09,50.14,50.26,1325000
MJN,20100503,51.60,51.95,50.86,51.27,1262500
MJN,20100430,52.76,53.11,51.59,51.61,1778900
MJN,20100429,51.70,53.64,51.50,53.58,2618100
MJN,20100428,49.72,51.06,49.64,50.42,2606900
MJN,20100427,52.57,52.57,49.46,49.53,3341000
MJN,20100426,54.14,54.35,52.51,52.53,1677800
MJN,20100423,52.93,53.99,52.47,53.94,1494600
MJN,20100422,51.76,52.93,51.36,52.91,1254200
MJN,20100421,51.77,52.45,51.61,51.76,1124300
MJN,20100420,51.51,51.73,51.06,51.64,700200
MJN,20100419,51.49,51.54,51.02,51.44,849000
MJN,20100416,51.65,52.25,50.96,51.40,2063900
MJN,20100415,51.85,52.05,51.52,51.59,1227200
MJN,20100414,52.31,52.75,51.76,52.09,829700
MJN,20100413,52.20,52.87,51.76,52.32,944000
MJN,20100412,51.97,52.74,51.80,52.25,1153000
MJN,20100409,51.98,52.15,51.75,52.09,854100
MJN,20100408,51.80,52.01,51.69,51.96,1467400
MJN,20100407,52.35,52.55,51.81,51.84,749400
MJN,20100406,52.29,52.64,51.59,52.29,1418700
MJN,20100405,52.95,53.00,52.19,52.31,627400
MJN,20100401,52.30,52.91,51.95,52.90,1221500
MJN,20100331,52.24,52.67,51.89,52.03,1069100
MJN,20100330,52.85,52.87,52.19,52.20,1026300
MJN,20100329,51.98,52.44,51.76,52.35,972000
MJN,20100326,51.76,51.91,51.50,51.83,1891500
MJN,20100325,52.18,52.40,51.49,51.52,1641500
MJN,20100324,52.32,52.68,51.74,51.87,1806100
MJN,20100323,51.44,52.48,50.90,52.33,2314700
MJN,20100322,51.08,51.54,51.08,51.47,1373600
MJN,20100319,51.39,52.25,51.08,51.39,1989800
MJN,20100318,51.40,52.07,51.35,51.73,1582400
MJN,20100317,51.54,51.55,50.53,51.41,2075700
MJN,20100316,51.80,51.80,50.93,51.11,2393100
MJN,20100315,52.04,52.16,51.57,51.77,1178900
MJN,20100312,51.96,52.29,51.65,51.99,2053100
MJN,20100311,50.80,51.86,50.75,51.71,2107000
MJN,20100310,50.61,50.97,50.54,50.94,2115100
MJN,20100309,49.86,50.85,49.75,50.68,2872100
MJN,20100308,49.93,50.05,49.30,49.96,2956600
MJN,20100305,48.86,49.94,48.50,49.91,2748400
MJN,20100304,48.42,48.51,48.13,48.50,1744400
MJN,20100303,48.09,48.50,47.79,48.39,1268200
MJN,20100302,47.83,48.40,47.75,48.00,1177400
MJN,20100301,47.43,48.24,47.15,47.83,2360500
MJN,20100226,47.06,47.52,46.66,47.30,1698900
MJN,20100225,45.96,47.12,45.96,46.88,2258200
MJN,20100224,46.45,46.85,45.96,46.30,1499000
MJN,20100223,46.78,46.94,46.00,46.21,1628900
MJN,20100222,46.76,47.00,46.34,46.68,2162900
MJN,20100219,46.39,46.78,46.24,46.78,2864000
MJN,20100218,46.45,46.50,45.78,46.47,2225100
MJN,20100217,45.42,46.47,45.28,46.43,2255500
MJN,20100216,45.40,45.48,44.32,45.40,2090800
MJN,20100212,45.30,45.60,44.92,45.05,2506100
MJN,20100211,46.47,46.47,45.21,45.30,3682100
MJN,20100210,46.53,46.85,45.90,46.56,1379800
MJN,20100209,46.34,47.03,45.92,46.60,1569100
MJN,20100208,46.17,46.53,45.94,46.05,1387800
MJN,20100205,46.26,46.48,45.79,46.29,2568600
MJN,20100204,46.74,46.74,45.89,46.51,3049100
MJN,20100203,45.95,47.10,45.79,47.00,2527600
MJN,20100202,46.33,47.08,45.83,45.89,1990800
MJN,20100201,45.43,46.35,45.25,46.25,2957300
MJN,20100129,45.76,46.06,45.08,45.23,3421400
MJN,20100128,44.22,47.86,44.22,45.17,5412200
MJN,20100127,43.92,44.29,43.50,44.00,2447200
MJN,20100126,43.52,44.33,43.50,44.15,2075200
MJN,20100125,44.89,44.96,43.59,43.62,3243100
MJN,20100122,45.00,45.42,44.30,44.53,2973300
MJN,20100121,46.31,46.44,45.05,45.12,2243600
MJN,20100120,46.50,46.82,45.75,46.10,3592600
MJN,20100119,47.19,47.45,46.61,46.90,1976700
MJN,20100115,46.56,47.01,46.06,46.81,3229800
MJN,20100114,46.40,46.65,46.06,46.31,2008500
MJN,20100113,45.40,46.47,45.27,46.29,2423500
MJN,20100112,45.54,45.86,45.27,45.49,2063400
MJN,20100111,45.57,45.66,45.00,45.59,1390300
MJN,20100108,46.00,46.04,45.02,45.23,2989200
MJN,20100107,45.26,46.16,45.26,45.96,5370300
MJN,20100106,44.58,45.28,44.29,45.26,4554500
MJN,20100105,45.04,45.28,44.15,44.61,5970900
MJN,20100104,43.89,45.50,43.89,44.99,6010500
MJN,20091231,44.34,44.60,43.62,43.70,2354000
MJN,20091230,44.50,44.59,43.69,44.12,2038600
MJN,20091229,44.97,44.97,44.37,44.58,4486400
MJN,20091228,43.97,44.49,43.50,44.43,4458400
MJN,20091224,43.38,43.40,42.72,43.11,1545600
MJN,20091223,43.05,43.50,42.95,43.27,10183100
MJN,20091222,42.67,43.20,42.55,43.09,6203100
MJN,20091221,41.40,43.04,41.40,42.25,7946700
MJN,20091218,41.42,42.36,41.20,41.50,36881700
MJN,20091217,42.50,42.54,41.80,41.96,15732100
MJN,20091216,42.56,42.99,42.37,42.59,9310500
MJN,20091215,43.19,43.22,42.33,42.85,11447300
MJN,20091214,43.50,43.50,42.71,43.23,11127100
MJN,20091211,42.83,42.90,42.35,42.45,3963700
MJN,20091210,41.59,42.54,41.30,42.41,5395200
MJN,20091209,41.31,41.88,41.15,41.59,2681600
MJN,20091208,42.26,42.46,41.31,41.74,5039000
MJN,20091207,43.85,43.85,42.10,42.25,3234000
MJN,20091204,43.93,44.19,43.60,43.90,3049600
MJN,20091203,42.65,44.08,42.45,43.91,3065800
MJN,20091202,42.05,42.93,42.05,42.45,1874700
MJN,20091201,44.00,44.27,42.41,42.52,2001700
MJN,20091130,44.96,44.96,43.74,43.87,2046800
MJN,20091127,44.43,44.86,43.96,44.44,869500
MJN,20091125,44.30,45.27,44.28,44.94,1159700
MJN,20091124,44.34,44.80,44.00,44.55,3007700
MJN,20091123,44.52,45.34,44.28,44.84,2325100
MJN,20091120,44.64,44.64,43.26,44.31,2505400
MJN,20091119,43.66,44.16,43.29,43.75,2914000
MJN,20091118,45.28,45.50,43.35,44.01,2266700
MJN,20091117,43.68,44.59,43.26,44.35,2538800
MJN,20091116,44.00,45.06,43.13,43.21,6274200
MJN,20091113,45.58,45.58,44.86,45.25,526400
MJN,20091112,46.24,46.24,44.79,45.11,845000
MJN,20091111,46.00,46.23,45.31,45.80,572600
MJN,20091110,44.38,45.89,44.26,45.50,1006900
MJN,20091109,44.10,44.10,43.25,43.98,415500
MJN,20091106,42.66,44.13,42.66,44.00,304900
MJN,20091105,42.55,43.06,42.06,43.00,591600
MJN,20091104,41.96,42.66,41.92,42.10,285800
MJN,20091103,42.21,42.24,41.89,42.14,164900
MJN,20091102,42.33,42.67,41.84,42.51,372800
MJN,20091030,42.17,42.86,41.89,42.04,349700
MJN,20091029,42.10,42.75,41.72,42.59,365100
MJN,20091028,41.69,42.02,41.10,41.60,333200
MJN,20091027,41.34,42.38,40.57,42.12,570000
MJN,20091026,41.77,42.08,41.67,41.81,357200
MJN,20091023,42.35,42.58,41.63,42.16,1070800
MJN,20091022,40.60,43.46,39.55,42.68,2683600
MJN,20091021,43.26,45.00,43.11,43.65,1191000
MJN,20091020,43.25,43.33,42.30,43.03,670700
MJN,20091019,42.71,43.38,42.21,42.84,719100
MJN,20091016,43.72,43.97,42.91,42.97,440000
MJN,20091015,43.39,44.35,43.30,44.11,637300
MJN,20091014,42.60,43.84,42.43,42.99,969300
MJN,20091013,43.43,43.45,40.92,41.66,975200
MJN,20091012,44.13,44.46,43.11,43.32,450500
MJN,20091009,45.37,45.43,43.78,44.31,428600
MJN,20091008,45.30,45.47,44.80,45.00,874000
MJN,20091007,45.26,45.48,44.37,45.17,505100
MJN,20091006,46.99,47.49,44.88,45.37,1119100
MJN,20091005,47.02,47.27,46.30,46.85,661300
MJN,20091002,45.67,47.75,45.37,47.24,852300
MJN,20091001,45.49,45.76,44.77,45.45,529700
MJN,20090930,43.25,46.00,43.25,45.11,1647600
MJN,20090929,43.79,50.35,42.90,43.16,9828900
MJN,20090928,42.90,43.64,42.41,43.35,434500
MJN,20090925,42.00,42.72,41.49,42.48,706600
MJN,20090924,42.50,42.50,41.50,41.75,333300
MJN,20090923,41.70,42.95,41.45,42.00,1002800
MJN,20090922,40.55,41.98,40.34,41.70,394100
MJN,20090921,40.12,40.63,39.88,40.45,769000
MJN,20090918,40.25,41.28,39.87,40.08,813000
MJN,20090917,39.14,41.30,39.07,40.04,515400
MJN,20090916,39.51,39.70,39.20,39.56,191000
MJN,20090915,38.53,39.42,38.53,39.25,201200
MJN,20090914,38.76,39.14,38.49,39.05,163900
MJN,20090911,39.74,39.77,38.82,39.05,220800
MJN,20090910,40.26,40.40,39.29,39.45,263300
MJN,20090909,40.06,40.50,39.45,40.04,207000
MJN,20090908,39.90,40.62,39.57,39.75,390300
MJN,20090904,39.91,40.14,39.70,40.00,270600
MJN,20090903,39.45,40.51,39.45,40.37,100900
MJN,20090902,40.17,40.50,39.78,39.88,108500
MJN,20090901,40.00,40.53,39.50,39.79,147800
MJN,20090831,39.75,40.50,39.50,39.66,231900
MJN,20090828,40.22,41.38,39.82,40.06,251300
MJN,20090827,40.05,40.10,39.36,39.82,140300
MJN,20090826,39.00,39.70,38.99,39.70,103000
MJN,20090825,40.22,40.43,38.94,39.25,235100
MJN,20090824,40.37,40.50,39.64,39.81,111900
MJN,20090821,39.57,40.22,39.34,39.96,247600
MJN,20090820,39.26,40.00,39.02,39.53,177700
MJN,20090819,38.54,39.04,37.92,38.92,95400
MJN,20090818,37.81,38.71,37.57,38.50,183000
MJN,20090817,37.43,37.99,37.17,37.43,374600
MJN,20090814,37.62,37.93,37.16,37.41,312200
MJN,20090813,38.92,39.00,37.39,37.68,303800
MJN,20090812,39.54,39.78,38.89,38.90,341900
MJN,20090811,39.65,39.98,39.24,39.91,514400
MJN,20090810,38.42,39.83,38.30,39.36,445700
MJN,20090807,37.78,39.06,37.28,38.90,357400
MJN,20090806,37.53,37.53,36.68,37.36,204500
MJN,20090805,36.74,37.53,36.24,37.11,183400
MJN,20090804,36.49,36.53,36.07,36.45,551200
MJN,20090803,36.35,36.84,36.02,36.45,333700
MJN,20090731,36.05,36.50,35.96,36.41,204800
MJN,20090730,36.20,36.92,36.11,36.21,802900
MJN,20090729,37.21,37.28,36.39,36.57,258400
MJN,20090728,36.91,37.25,36.69,37.03,459800
MJN,20090727,36.89,37.21,36.50,37.09,266700
MJN,20090724,36.32,37.14,36.19,37.00,678200
MJN,20090723,35.07,37.25,34.55,36.51,980100
MJN,20090722,34.50,34.55,33.88,34.02,568900
MJN,20090721,34.47,34.70,33.77,34.62,614100
MJN,20090720,33.98,34.27,33.23,34.03,382000
MJN,20090717,33.44,34.07,33.25,33.71,557600
MJN,20090716,33.36,33.83,32.80,33.47,624300
MJN,20090715,33.34,33.59,32.85,33.14,392500
MJN,20090714,32.72,33.41,32.68,33.14,698200
MJN,20090713,32.88,33.18,32.76,32.95,183600
MJN,20090710,33.10,33.68,32.67,32.95,1221700
MJN,20090709,33.12,33.37,32.71,33.21,264300
MJN,20090708,32.94,33.85,32.85,33.41,1035100
MJN,20090707,32.29,33.41,32.29,33.15,1083800
MJN,20090706,32.14,32.70,31.87,32.53,509800
MJN,20090702,31.97,32.62,31.66,31.66,1117100
MJN,20090701,31.81,32.29,31.51,32.18,593700
MJN,20090630,31.65,32.16,30.66,31.77,639500
MJN,20090629,31.90,32.11,31.01,31.30,240100
MJN,20090626,31.81,32.23,31.25,31.90,474400
MJN,20090625,31.00,31.76,30.37,31.60,500800
MJN,20090624,30.63,31.35,30.43,31.11,249900
MJN,20090623,31.76,32.04,30.44,30.90,403500
MJN,20090622,32.20,32.26,31.55,31.99,225700
MJN,20090619,33.05,33.05,32.01,32.30,282800
MJN,20090618,32.05,32.86,31.43,32.79,895500
MJN,20090617,31.78,33.76,31.52,32.25,547400
MJN,20090616,31.65,31.98,31.33,31.66,381300
MJN,20090615,31.51,31.67,30.75,31.35,474800
MJN,20090612,31.44,31.48,30.86,31.36,220700
MJN,20090611,31.18,31.36,30.83,31.19,150900
MJN,20090610,31.99,31.99,30.30,30.86,397300
MJN,20090609,31.89,32.00,31.52,31.92,191100
MJN,20090608,32.12,32.12,31.46,31.48,112000
MJN,20090605,31.47,32.07,31.01,31.96,184400
MJN,20090604,31.82,32.00,30.82,31.70,263100
MJN,20090603,31.48,32.19,31.48,32.00,466400
MJN,20090602,31.42,32.19,31.28,32.01,359400
MJN,20090601,31.28,32.68,31.16,31.80,488900
MJN,20090529,30.05,31.16,29.78,31.16,921000
MJN,20090528,30.74,31.00,30.23,30.42,500700
MJN,20090527,30.39,31.20,30.00,30.41,269100
MJN,20090526,29.59,31.17,29.56,30.74,399300
MJN,20090522,29.41,29.88,29.29,29.70,97100
MJN,20090521,28.10,29.78,27.70,29.73,311600
MJN,20090520,29.27,29.81,28.50,28.58,317000
MJN,20090519,28.77,29.86,28.52,29.42,342500
MJN,20090518,28.80,29.21,28.70,29.21,162100
MJN,20090515,29.24,29.24,28.80,28.82,498900
MJN,20090514,29.67,29.67,28.74,28.84,392600
MJN,20090513,29.90,29.96,28.02,29.45,593600
MJN,20090512,29.74,30.11,29.35,29.82,189000
MJN,20090511,30.44,30.86,29.74,29.95,277000
MJN,20090508,30.06,30.76,29.48,30.76,490900
MJN,20090507,29.98,30.05,28.82,29.97,395100
MJN,20090506,31.19,31.35,28.79,29.75,906500
MJN,20090505,30.44,31.00,29.05,30.80,496500
MJN,20090504,28.80,30.13,28.70,30.13,384000
MJN,20090501,28.29,28.45,27.75,28.36,242800
MJN,20090430,28.81,29.30,28.00,28.25,571100
MJN,20090429,28.98,29.05,27.75,28.96,951000
MJN,20090428,27.62,29.54,27.10,28.47,1585700
MJN,20090427,26.00,26.86,26.00,26.25,536700
MJN,20090424,26.87,26.87,26.04,26.28,615300
MJN,20090423,26.94,27.06,26.20,26.33,391000
MJN,20090422,26.00,26.86,25.98,26.61,464400
MJN,20090421,26.00,26.91,25.96,26.36,276400
MJN,20090420,26.38,26.38,25.72,26.22,354600
MJN,20090417,27.14,27.14,26.36,26.47,658400
MJN,20090416,26.65,27.32,26.46,27.00,228800
MJN,20090415,26.74,26.84,26.00,26.61,754400
MJN,20090414,26.43,27.36,26.15,26.50,377000
MJN,20090413,26.84,27.00,26.20,26.48,394100
MJN,20090409,27.10,27.21,26.26,26.60,789500
MJN,20090408,27.57,27.57,26.84,26.90,378500
MJN,20090407,27.55,28.33,27.11,27.15,664300
MJN,20090406,27.05,28.08,26.81,28.05,353200
MJN,20090403,27.48,27.58,27.06,27.35,370600
MJN,20090402,28.38,28.43,27.08,27.35,517400
MJN,20090401,28.86,28.86,27.69,27.88,760500
MJN,20090331,27.73,28.98,27.55,28.87,3027700
MJN,20090330,26.91,28.00,26.71,27.28,516600
MJN,20090327,27.25,27.75,27.15,27.53,332000
MJN,20090326,27.26,27.70,26.75,27.55,462300
MJN,20090325,26.99,28.00,26.76,27.28,557200
MJN,20090324,26.96,27.50,26.51,27.10,742300
MJN,20090323,27.77,27.97,26.50,27.37,623400
MJN,20090320,27.57,28.38,27.13,27.67,442200
MJN,20090319,27.40,27.76,27.11,27.42,326700
MJN,20090318,27.15,27.75,27.02,27.58,333700
MJN,20090317,26.30,27.60,26.25,27.54,336800
MJN,20090316,27.70,27.70,26.21,26.32,437400
MJN,20090313,28.25,28.33,27.34,27.42,430200
MJN,20090312,26.36,28.02,26.35,27.98,1003600
MJN,20090311,26.25,26.98,26.16,26.58,812200
MJN,20090310,26.37,27.13,26.30,26.46,251600
MJN,20090309,26.25,27.10,26.12,26.36,166500
MJN,20090306,26.90,27.18,26.25,26.44,526200
MJN,20090305,27.00,27.19,26.61,27.03,910600
MJN,20090304,26.97,27.45,26.72,27.00,544600
MJN,20090303,27.26,27.30,26.00,26.44,750100
MJN,20090302,27.60,27.84,26.86,27.00,585300
MJN,20090227,27.35,27.85,27.02,27.59,457000
MJN,20090226,28.27,28.30,27.00,27.56,601600
MJN,20090225,27.82,28.35,26.85,27.92,985000
MJN,20090224,27.41,28.00,27.06,27.49,911300
MJN,20090223,29.66,29.85,27.27,27.30,1100500
MJN,20090220,28.43,29.63,27.87,29.63,1547800
MJN,20090219,27.91,28.98,27.88,28.56,1156200
MJN,20090218,27.63,28.22,27.20,27.95,1465800
MJN,20090217,26.44,27.63,26.30,27.26,1264600
MJN,20090213,26.77,27.19,26.67,26.81,1064800
MJN,20090212,26.36,27.19,26.00,27.16,3970800
MJN,20090211,26.00,27.07,25.90,26.43,21745900
