SAI,20150309,0.02,0.02,0.02,0.02,000
SAI,20150306,0.02,0.02,0.02,0.02,000
SAI,20150305,0.02,0.02,0.02,0.02,000
SAI,20150304,0.02,0.02,0.02,0.02,000
SAI,20150303,0.02,0.02,0.02,0.02,000
SAI,20150302,0.02,0.02,0.02,0.02,000
SAI,20150227,0.02,0.02,0.02,0.02,000
SAI,20150226,0.02,0.02,0.02,0.02,000
SAI,20150225,0.02,0.02,0.02,0.02,000
SAI,20150224,0.02,0.02,0.02,0.02,130000
SAI,20150223,0.02,0.02,0.02,0.02,000
SAI,20150220,0.02,0.02,0.02,0.02,000
SAI,20150219,0.02,0.02,0.02,0.02,2000
SAI,20150218,0.02,0.02,0.02,0.02,000
SAI,20150217,0.02,0.02,0.02,0.02,40000
SAI,20150216,0.02,0.02,0.02,0.02,000
SAI,20150213,0.02,0.02,0.02,0.02,000
SAI,20150212,0.02,0.02,0.02,0.02,000
SAI,20150211,0.02,0.02,0.02,0.02,000
SAI,20150210,0.02,0.02,0.02,0.02,000
SAI,20150209,0.02,0.02,0.02,0.02,000
SAI,20150206,0.02,0.02,0.02,0.02,000
SAI,20150205,0.02,0.02,0.02,0.02,000
SAI,20150204,0.02,0.02,0.02,0.02,000
SAI,20150203,0.02,0.02,0.02,0.02,8000
SAI,20150202,0.02,0.02,0.02,0.02,000
SAI,20150130,0.02,0.02,0.02,0.02,000
SAI,20150129,0.02,0.02,0.02,0.02,000
SAI,20150128,0.02,0.02,0.02,0.02,000
SAI,20150127,0.02,0.02,0.02,0.02,000
SAI,20150126,0.02,0.02,0.02,0.02,000
SAI,20150123,0.02,0.02,0.02,0.02,000
SAI,20150122,0.02,0.02,0.02,0.02,000
SAI,20150121,0.02,0.02,0.02,0.02,000
SAI,20150120,0.02,0.02,0.02,0.02,000
SAI,20150119,0.02,0.02,0.02,0.02,000
SAI,20150116,0.02,0.02,0.02,0.02,000
SAI,20150115,0.02,0.02,0.02,0.02,1500
SAI,20150114,0.02,0.02,0.02,0.02,000
SAI,20150113,0.02,0.02,0.02,0.02,000
SAI,20150112,0.02,0.02,0.02,0.02,000
SAI,20150109,0.02,0.02,0.02,0.02,000
SAI,20150108,0.02,0.02,0.02,0.02,000
SAI,20150107,0.02,0.02,0.02,0.02,000
SAI,20150106,0.02,0.02,0.02,0.02,000
SAI,20150105,0.02,0.02,0.02,0.02,000
SAI,20150102,0.02,0.02,0.02,0.02,000
SAI,20150101,0.02,0.02,0.02,0.02,000
SAI,20141231,0.02,0.02,0.02,0.02,2200
SAI,20141230,0.03,0.03,0.03,0.03,000
SAI,20141229,0.03,0.03,0.03,0.03,000
SAI,20141226,0.03,0.03,0.03,0.03,000
SAI,20141225,0.03,0.03,0.03,0.03,000
SAI,20141224,0.03,0.03,0.03,0.03,000
SAI,20141223,0.03,0.03,0.03,0.03,000
SAI,20141222,0.03,0.03,0.03,0.03,000
SAI,20141219,0.03,0.03,0.03,0.03,000
SAI,20141218,0.03,0.03,0.03,0.03,000
SAI,20141217,0.03,0.03,0.03,0.03,000
SAI,20141216,0.03,0.03,0.03,0.03,000
SAI,20141215,0.03,0.03,0.03,0.03,2000
SAI,20141212,0.03,0.03,0.03,0.03,12500
SAI,20141211,0.03,0.03,0.03,0.03,000
SAI,20141210,0.03,0.03,0.03,0.03,000
SAI,20141209,0.03,0.03,0.03,0.03,000
SAI,20141208,0.03,0.03,0.03,0.03,15000
SAI,20141205,0.03,0.03,0.03,0.03,000
SAI,20141204,0.03,0.03,0.03,0.03,20000
SAI,20141203,0.03,0.03,0.03,0.03,75000
SAI,20141202,0.03,0.03,0.03,0.03,90000
SAI,20141201,0.03,0.03,0.03,0.03,000
SAI,20141128,0.03,0.03,0.03,0.03,000
SAI,20141127,0.03,0.03,0.03,0.03,41000
SAI,20141126,0.01,0.01,0.01,0.01,000
SAI,20141125,0.01,0.01,0.01,0.01,000
SAI,20141124,0.01,0.01,0.01,0.01,000
SAI,20141121,0.01,0.01,0.01,0.01,000
SAI,20141120,0.01,0.01,0.01,0.01,000
SAI,20141119,0.01,0.01,0.01,0.01,000
SAI,20141118,0.01,0.01,0.01,0.01,60000
SAI,20141117,0.01,0.01,0.01,0.01,50000
SAI,20141114,0.02,0.02,0.01,0.01,235000
SAI,20141113,0.01,0.01,0.01,0.01,000
SAI,20141112,0.01,0.01,0.01,0.01,000
SAI,20141111,0.01,0.01,0.01,0.01,000
SAI,20141110,0.01,0.01,0.01,0.01,000
SAI,20141107,0.01,0.01,0.01,0.01,000
SAI,20141106,0.01,0.01,0.01,0.01,000
SAI,20141105,0.01,0.01,0.01,0.01,000
SAI,20141104,0.01,0.01,0.01,0.01,000
SAI,20141103,0.01,0.01,0.01,0.01,000
SAI,20141031,0.01,0.01,0.01,0.01,000
SAI,20141030,0.01,0.01,0.01,0.01,000
SAI,20141029,0.01,0.01,0.01,0.01,000
SAI,20141028,0.01,0.01,0.01,0.01,000
SAI,20141027,0.01,0.01,0.01,0.01,000
SAI,20141024,0.01,0.01,0.01,0.01,000
SAI,20141023,0.01,0.01,0.01,0.01,000
SAI,20141022,0.01,0.01,0.01,0.01,000
SAI,20141021,0.01,0.01,0.01,0.01,000
SAI,20141020,0.01,0.01,0.01,0.01,50000
SAI,20141017,0.01,0.01,0.01,0.01,000
SAI,20141016,0.01,0.01,0.01,0.01,000
SAI,20141015,0.01,0.01,0.01,0.01,000
SAI,20141014,0.01,0.01,0.01,0.01,000
SAI,20141013,0.01,0.01,0.01,0.01,000
SAI,20141010,0.01,0.01,0.01,0.01,4000
SAI,20141009,0.01,0.01,0.01,0.01,000
SAI,20141008,0.01,0.01,0.01,0.01,000
SAI,20141007,0.01,0.01,0.01,0.01,000
SAI,20141006,0.01,0.01,0.01,0.01,000
SAI,20141003,0.01,0.01,0.01,0.01,000
SAI,20141002,0.01,0.01,0.01,0.01,000
SAI,20141001,0.01,0.01,0.01,0.01,000
SAI,20140930,0.01,0.01,0.01,0.01,4000
SAI,20140929,0.01,0.01,0.01,0.01,000
SAI,20140926,0.01,0.01,0.01,0.01,000
SAI,20140925,0.01,0.01,0.01,0.01,1000
SAI,20140924,0.01,0.01,0.01,0.01,000
SAI,20140923,0.01,0.01,0.01,0.01,000
SAI,20140922,0.01,0.01,0.01,0.01,000
SAI,20140919,0.01,0.01,0.01,0.01,27500
SAI,20140918,0.01,0.01,0.01,0.01,000
SAI,20140917,0.01,0.01,0.01,0.01,5000
SAI,20140916,0.01,0.01,0.01,0.01,000
SAI,20140915,0.01,0.01,0.01,0.01,000
SAI,20140912,0.01,0.01,0.01,0.01,000
SAI,20140911,0.01,0.01,0.01,0.01,000
SAI,20140910,0.01,0.01,0.01,0.01,000
SAI,20140909,0.01,0.01,0.01,0.01,000
SAI,20140908,0.01,0.01,0.01,0.01,000
SAI,20140905,0.01,0.01,0.01,0.01,000
SAI,20140904,0.01,0.01,0.01,0.01,000
SAI,20140903,0.01,0.01,0.01,0.01,000
SAI,20140902,0.01,0.01,0.01,0.01,000
SAI,20140901,0.01,0.01,0.01,0.01,000
SAI,20140829,0.01,0.01,0.01,0.01,7000
SAI,20140828,0.01,0.01,0.01,0.01,000
SAI,20140827,0.01,0.01,0.01,0.01,000
SAI,20140826,0.01,0.01,0.01,0.01,000
SAI,20140825,0.01,0.01,0.01,0.01,000
SAI,20140822,0.01,0.01,0.01,0.01,000
SAI,20140821,0.01,0.01,0.01,0.01,000
SAI,20140820,0.01,0.01,0.01,0.01,000
SAI,20140819,0.01,0.01,0.01,0.01,000
SAI,20140818,0.01,0.01,0.01,0.01,000
SAI,20140815,0.01,0.01,0.01,0.01,000
SAI,20140814,0.01,0.01,0.01,0.01,000
SAI,20140813,0.01,0.01,0.01,0.01,000
SAI,20140812,0.01,0.01,0.01,0.01,000
SAI,20140811,0.01,0.01,0.01,0.01,000
SAI,20140808,0.01,0.01,0.01,0.01,000
SAI,20140807,0.01,0.01,0.01,0.01,000
SAI,20140806,0.01,0.01,0.01,0.01,000
SAI,20140805,0.01,0.01,0.01,0.01,000
SAI,20140804,0.01,0.01,0.01,0.01,000
SAI,20140801,0.01,0.01,0.01,0.01,000
SAI,20140731,0.01,0.01,0.01,0.01,000
SAI,20140730,0.01,0.01,0.01,0.01,000
SAI,20140729,0.01,0.01,0.01,0.01,000
SAI,20140728,0.01,0.01,0.01,0.01,000
SAI,20140725,0.01,0.01,0.01,0.01,000
SAI,20140724,0.01,0.01,0.01,0.01,000
SAI,20140723,0.01,0.01,0.01,0.01,000
SAI,20140722,0.01,0.01,0.01,0.01,000
SAI,20140721,0.01,0.01,0.01,0.01,000
SAI,20140718,0.01,0.01,0.01,0.01,000
SAI,20140717,0.01,0.01,0.01,0.01,10000
SAI,20140716,0.03,0.03,0.03,0.03,000
SAI,20140715,0.03,0.03,0.03,0.03,000
SAI,20140714,0.03,0.03,0.03,0.03,000
SAI,20140711,0.03,0.03,0.03,0.03,000
SAI,20140710,0.03,0.03,0.03,0.03,000
SAI,20140709,0.03,0.03,0.03,0.03,000
SAI,20140708,0.03,0.03,0.03,0.03,000
SAI,20140707,0.03,0.03,0.03,0.03,000
SAI,20140704,0.03,0.03,0.03,0.03,000
SAI,20140703,0.03,0.03,0.03,0.03,000
SAI,20140702,0.03,0.03,0.03,0.03,000
SAI,20140701,0.03,0.03,0.03,0.03,000
SAI,20140630,0.03,0.03,0.03,0.03,000
SAI,20140627,0.03,0.03,0.03,0.03,000
SAI,20140626,0.03,0.03,0.03,0.03,000
SAI,20140625,0.03,0.03,0.03,0.03,000
SAI,20140624,0.03,0.03,0.03,0.03,000
SAI,20140623,0.03,0.03,0.03,0.03,000
SAI,20140620,0.03,0.03,0.03,0.03,000
SAI,20140619,0.03,0.03,0.03,0.03,000
SAI,20140618,0.03,0.03,0.03,0.03,39000
SAI,20140617,0.01,0.01,0.01,0.01,000
SAI,20140616,0.01,0.01,0.01,0.01,50000
SAI,20140613,0.02,0.02,0.02,0.02,000
SAI,20140612,0.02,0.02,0.02,0.02,000
SAI,20140611,0.02,0.02,0.02,0.02,000
SAI,20140610,0.02,0.02,0.02,0.02,25000
SAI,20140609,0.01,0.01,0.01,0.01,123000
SAI,20140606,0.02,0.02,0.02,0.02,000
SAI,20140605,0.02,0.02,0.02,0.02,000
SAI,20140604,0.02,0.02,0.02,0.02,000
SAI,20140603,0.02,0.02,0.02,0.02,000
SAI,20140602,0.02,0.02,0.02,0.02,000
SAI,20140530,0.02,0.02,0.02,0.02,000
SAI,20140529,0.02,0.02,0.02,0.02,51500
SAI,20140528,0.02,0.02,0.02,0.02,000
SAI,20140527,0.02,0.02,0.02,0.02,000
SAI,20140526,0.02,0.02,0.02,0.02,9000
SAI,20140523,0.02,0.02,0.02,0.02,000
SAI,20140522,0.02,0.02,0.02,0.02,17500
SAI,20140521,0.04,0.04,0.04,0.04,000
SAI,20140520,0.04,0.04,0.04,0.04,000
SAI,20140519,0.04,0.04,0.04,0.04,000
SAI,20140516,0.04,0.04,0.04,0.04,000
SAI,20140515,0.04,0.04,0.04,0.04,000
SAI,20140514,0.04,0.04,0.04,0.04,000
SAI,20140513,0.04,0.04,0.04,0.04,000
SAI,20140512,0.04,0.04,0.04,0.04,000
SAI,20140509,0.04,0.04,0.04,0.04,000
SAI,20140508,0.04,0.04,0.04,0.04,000
SAI,20140507,0.04,0.04,0.04,0.04,000
SAI,20140506,0.04,0.04,0.04,0.04,000
SAI,20140505,0.04,0.04,0.04,0.04,000
SAI,20140502,0.04,0.04,0.04,0.04,000
SAI,20140501,0.04,0.04,0.04,0.04,000
SAI,20140430,0.03,0.04,0.03,0.04,77000
SAI,20140429,0.02,0.02,0.02,0.02,000
SAI,20140428,0.02,0.02,0.02,0.02,000
SAI,20140425,0.02,0.02,0.02,0.02,000
SAI,20140424,0.02,0.02,0.02,0.02,000
SAI,20140423,0.02,0.02,0.02,0.02,000
SAI,20140422,0.02,0.02,0.02,0.02,000
SAI,20140421,0.02,0.02,0.02,0.02,000
SAI,20140418,0.02,0.02,0.02,0.02,000
SAI,20140417,0.02,0.02,0.02,0.02,000
SAI,20140416,0.02,0.02,0.02,0.02,000
SAI,20140415,0.02,0.02,0.02,0.02,000
SAI,20140414,0.02,0.02,0.02,0.02,2500
SAI,20140411,0.02,0.02,0.02,0.02,000
SAI,20140410,0.02,0.02,0.02,0.02,000
SAI,20140409,0.02,0.02,0.02,0.02,1000
SAI,20140408,0.03,0.03,0.03,0.03,000
SAI,20140407,0.03,0.03,0.03,0.03,000
SAI,20140404,0.03,0.03,0.03,0.03,000
SAI,20140403,0.03,0.03,0.03,0.03,000
SAI,20140402,0.03,0.03,0.03,0.03,000
SAI,20140401,0.03,0.03,0.03,0.03,000
SAI,20140331,0.03,0.03,0.03,0.03,000
SAI,20140328,0.03,0.03,0.03,0.03,000
SAI,20140327,0.03,0.03,0.03,0.03,000
SAI,20140326,0.03,0.03,0.03,0.03,000
SAI,20140325,0.03,0.03,0.03,0.03,000
SAI,20140324,0.03,0.03,0.03,0.03,000
SAI,20140321,0.03,0.03,0.03,0.03,000
SAI,20140320,0.03,0.03,0.03,0.03,000
SAI,20140319,0.03,0.03,0.03,0.03,000
SAI,20140318,0.03,0.03,0.03,0.03,000
SAI,20140317,0.03,0.03,0.03,0.03,000
SAI,20140314,0.03,0.03,0.03,0.03,000
SAI,20140313,0.03,0.03,0.03,0.03,000
SAI,20140312,0.03,0.03,0.03,0.03,000
SAI,20140311,0.03,0.03,0.03,0.03,000
SAI,20140310,0.03,0.03,0.03,0.03,000
SAI,20140307,0.03,0.03,0.03,0.03,000
SAI,20140306,0.03,0.03,0.03,0.03,000
SAI,20140305,0.03,0.03,0.03,0.03,5000
SAI,20140304,0.03,0.03,0.03,0.03,000
SAI,20140303,0.03,0.03,0.03,0.03,000
SAI,20140228,0.03,0.03,0.03,0.03,000
SAI,20140227,0.03,0.03,0.03,0.03,000
SAI,20140226,0.03,0.03,0.03,0.03,000
SAI,20140225,0.03,0.03,0.03,0.03,000
SAI,20140224,0.03,0.03,0.03,0.03,000
SAI,20140221,0.03,0.03,0.03,0.03,000
SAI,20140220,0.04,0.04,0.03,0.03,25000
SAI,20140219,0.04,0.04,0.04,0.04,000
SAI,20140218,0.04,0.04,0.04,0.04,5000
SAI,20140217,0.04,0.04,0.04,0.04,000
SAI,20140214,0.04,0.04,0.04,0.04,000
SAI,20140213,0.04,0.04,0.04,0.04,5000
SAI,20140212,0.04,0.04,0.04,0.04,000
SAI,20140211,0.04,0.04,0.04,0.04,3500
SAI,20140210,0.04,0.04,0.04,0.04,2000
SAI,20140207,0.04,0.04,0.04,0.04,000
SAI,20140206,0.04,0.04,0.04,0.04,000
SAI,20140205,0.04,0.04,0.04,0.04,000
SAI,20140204,0.04,0.04,0.04,0.04,000
SAI,20140203,0.04,0.04,0.04,0.04,000
SAI,20140131,0.04,0.04,0.04,0.04,000
SAI,20140130,0.04,0.04,0.04,0.04,000
SAI,20140129,0.04,0.04,0.04,0.04,5000
SAI,20140128,0.03,0.03,0.03,0.03,000
SAI,20140127,0.03,0.03,0.03,0.03,000
SAI,20140124,0.04,0.04,0.03,0.03,221000
SAI,20140123,0.04,0.04,0.04,0.04,23000
SAI,20140122,0.04,0.04,0.04,0.04,5000
SAI,20140121,0.04,0.04,0.04,0.04,000
SAI,20140120,0.04,0.04,0.04,0.04,000
SAI,20140117,0.04,0.04,0.04,0.04,000
SAI,20140116,0.04,0.04,0.04,0.04,10000
SAI,20140115,0.03,0.03,0.03,0.03,000
SAI,20140114,0.03,0.03,0.03,0.03,000
SAI,20140113,0.03,0.03,0.03,0.03,31000
SAI,20140110,0.05,0.05,0.05,0.05,000
SAI,20140109,0.05,0.05,0.05,0.05,000
SAI,20140108,0.05,0.05,0.05,0.05,000
SAI,20140107,0.05,0.05,0.05,0.05,25000
SAI,20140106,0.03,0.03,0.03,0.03,000
SAI,20140103,0.03,0.03,0.03,0.03,000
SAI,20140102,0.03,0.03,0.03,0.03,000
SAI,20140101,0.03,0.03,0.03,0.03,000
SAI,20131231,0.03,0.03,0.03,0.03,000
SAI,20131230,0.03,0.03,0.03,0.03,000
SAI,20131227,0.03,0.03,0.03,0.03,000
SAI,20131226,0.03,0.03,0.03,0.03,000
SAI,20131225,0.03,0.03,0.03,0.03,000
SAI,20131224,0.03,0.03,0.03,0.03,000
SAI,20131223,0.03,0.03,0.02,0.03,19000
SAI,20131220,0.02,0.02,0.02,0.02,50000
SAI,20131219,0.01,0.01,0.01,0.01,000
SAI,20131218,0.01,0.01,0.01,0.01,7000
SAI,20131217,0.01,0.01,0.01,0.01,000
SAI,20131216,0.01,0.01,0.01,0.01,000
SAI,20131213,0.01,0.01,0.01,0.01,000
SAI,20131212,0.01,0.01,0.01,0.01,000
SAI,20131211,0.01,0.01,0.01,0.01,000
SAI,20131210,0.01,0.01,0.01,0.01,000
SAI,20131209,0.01,0.01,0.01,0.01,5100
SAI,20131206,0.01,0.01,0.01,0.01,10000
SAI,20131205,0.01,0.01,0.01,0.01,30000
SAI,20131204,0.01,0.01,0.01,0.01,10000
SAI,20131203,0.01,0.01,0.01,0.01,000
SAI,20131202,0.01,0.01,0.01,0.01,000
SAI,20131129,0.01,0.01,0.01,0.01,000
SAI,20131128,0.01,0.01,0.01,0.01,000
SAI,20131127,0.01,0.01,0.01,0.01,000
SAI,20131126,0.01,0.01,0.01,0.01,000
SAI,20131125,0.01,0.01,0.01,0.01,4000
SAI,20131122,0.02,0.02,0.02,0.02,000
SAI,20131121,0.02,0.02,0.02,0.02,000
SAI,20131120,0.02,0.02,0.02,0.02,000
SAI,20131119,0.02,0.02,0.02,0.02,000
SAI,20131118,0.02,0.02,0.02,0.02,000
SAI,20131115,0.02,0.02,0.02,0.02,000
SAI,20131114,0.02,0.02,0.02,0.02,000
SAI,20131113,0.02,0.02,0.02,0.02,5000
SAI,20131112,0.04,0.04,0.04,0.04,000
SAI,20131111,0.04,0.04,0.04,0.04,000
SAI,20131108,0.04,0.04,0.04,0.04,000
SAI,20131107,0.04,0.04,0.04,0.04,000
SAI,20131106,0.04,0.04,0.04,0.04,000
SAI,20131105,0.04,0.04,0.04,0.04,000
SAI,20131104,0.04,0.04,0.04,0.04,000
SAI,20131101,0.04,0.04,0.04,0.04,000
SAI,20131031,0.04,0.04,0.04,0.04,000
SAI,20131030,0.04,0.04,0.04,0.04,000
SAI,20131029,0.04,0.04,0.04,0.04,000
SAI,20131028,0.04,0.04,0.04,0.04,000
SAI,20131025,0.04,0.04,0.04,0.04,1000
SAI,20131024,0.02,0.02,0.02,0.02,000
SAI,20131023,0.02,0.02,0.02,0.02,000
SAI,20131022,0.02,0.02,0.02,0.02,000
SAI,20131021,0.02,0.02,0.02,0.02,000
SAI,20131018,0.02,0.02,0.02,0.02,000
SAI,20131017,0.02,0.02,0.02,0.02,000
SAI,20131016,0.02,0.02,0.02,0.02,000
SAI,20131015,0.02,0.02,0.02,0.02,1000
SAI,20131014,0.04,0.04,0.04,0.04,000
SAI,20131011,0.04,0.04,0.04,0.04,000
SAI,20131010,0.04,0.04,0.04,0.04,000
SAI,20131009,0.04,0.04,0.04,0.04,000
SAI,20131008,0.04,0.04,0.04,0.04,47000
SAI,20131007,0.03,0.03,0.03,0.03,000
SAI,20131004,0.03,0.03,0.03,0.03,000
SAI,20131003,0.03,0.03,0.03,0.03,000
SAI,20131002,0.03,0.03,0.03,0.03,000
SAI,20131001,0.03,0.03,0.03,0.03,000
SAI,20130930,0.03,0.03,0.03,0.03,000
SAI,20130927,0.03,0.03,0.03,0.03,000
SAI,20130926,0.03,0.03,0.03,0.03,000
SAI,20130925,0.03,0.03,0.03,0.03,17000
SAI,20130924,0.03,0.03,0.03,0.03,000
SAI,20130923,0.03,0.03,0.03,0.03,68500
SAI,20130920,0.01,0.01,0.01,0.01,000
SAI,20130919,0.01,0.01,0.01,0.01,000
SAI,20130918,0.01,0.01,0.01,0.01,000
SAI,20130917,0.01,0.01,0.01,0.01,000
SAI,20130916,0.01,0.01,0.01,0.01,000
SAI,20130913,0.01,0.01,0.01,0.01,000
SAI,20130912,0.01,0.01,0.01,0.01,000
SAI,20130911,0.01,0.01,0.01,0.01,20000
SAI,20130910,0.03,0.03,0.03,0.03,000
SAI,20130909,0.03,0.03,0.03,0.03,000
SAI,20130906,0.03,0.03,0.03,0.03,000
SAI,20130905,0.03,0.03,0.03,0.03,000
SAI,20130904,0.03,0.03,0.03,0.03,000
SAI,20130903,0.03,0.03,0.03,0.03,000
SAI,20130902,0.03,0.03,0.03,0.03,000
SAI,20130830,0.03,0.03,0.03,0.03,000
SAI,20130829,0.03,0.03,0.03,0.03,000
SAI,20130828,0.03,0.03,0.03,0.03,000
SAI,20130827,0.03,0.03,0.03,0.03,000
SAI,20130826,0.03,0.03,0.03,0.03,20000
SAI,20130823,0.02,0.02,0.02,0.02,000
SAI,20130822,0.02,0.02,0.02,0.02,000
SAI,20130821,0.02,0.02,0.02,0.02,000
SAI,20130820,0.02,0.02,0.02,0.02,000
SAI,20130819,0.02,0.02,0.02,0.02,000
SAI,20130816,0.02,0.02,0.02,0.02,80000
SAI,20130815,0.01,0.01,0.01,0.01,000
SAI,20130814,0.01,0.01,0.01,0.01,000
SAI,20130813,0.01,0.01,0.01,0.01,000
SAI,20130812,0.01,0.01,0.01,0.01,000
SAI,20130809,0.01,0.01,0.01,0.01,000
SAI,20130808,0.01,0.01,0.01,0.01,000
SAI,20130807,0.01,0.01,0.01,0.01,000
SAI,20130806,0.01,0.01,0.01,0.01,000
SAI,20130805,0.01,0.01,0.01,0.01,000
SAI,20130802,0.01,0.01,0.01,0.01,15000
SAI,20130801,0.03,0.03,0.03,0.03,000
SAI,20130731,0.03,0.03,0.03,0.03,000
SAI,20130730,0.03,0.03,0.03,0.03,000
SAI,20130729,0.03,0.03,0.03,0.03,000
SAI,20130726,0.03,0.03,0.03,0.03,000
SAI,20130725,0.03,0.03,0.03,0.03,000
SAI,20130724,0.03,0.03,0.03,0.03,000
SAI,20130723,0.03,0.03,0.03,0.03,000
SAI,20130722,0.03,0.03,0.03,0.03,000
SAI,20130719,0.03,0.03,0.03,0.03,000
SAI,20130718,0.03,0.03,0.03,0.03,000
SAI,20130717,0.03,0.03,0.03,0.03,000
SAI,20130716,0.03,0.03,0.03,0.03,000
SAI,20130715,0.03,0.03,0.03,0.03,000
SAI,20130712,0.03,0.03,0.03,0.03,000
SAI,20130711,0.03,0.03,0.03,0.03,4000
SAI,20130710,0.02,0.02,0.02,0.02,000
SAI,20130709,0.02,0.02,0.02,0.02,000
SAI,20130708,0.02,0.02,0.02,0.02,5000
SAI,20130705,0.02,0.02,0.02,0.02,000
SAI,20130704,0.02,0.02,0.02,0.02,000
SAI,20130703,0.03,0.03,0.02,0.02,50000
SAI,20130702,0.03,0.03,0.03,0.03,000
SAI,20130701,0.03,0.03,0.03,0.03,000
SAI,20130628,0.03,0.03,0.03,0.03,000
SAI,20130627,0.03,0.03,0.03,0.03,000
SAI,20130626,0.03,0.03,0.03,0.03,000
SAI,20130625,0.03,0.03,0.03,0.03,000
SAI,20130624,0.03,0.03,0.03,0.03,10000
SAI,20130621,0.03,0.03,0.03,0.03,000
SAI,20130620,0.03,0.03,0.03,0.03,000
SAI,20130619,0.03,0.03,0.03,0.03,000
SAI,20130618,0.03,0.03,0.03,0.03,25000
SAI,20130617,0.03,0.03,0.03,0.03,000
SAI,20130614,0.03,0.03,0.03,0.03,000
SAI,20130613,0.03,0.03,0.03,0.03,10000
SAI,20130612,0.04,0.04,0.04,0.04,000
SAI,20130611,0.04,0.04,0.04,0.04,000
SAI,20130610,0.04,0.04,0.04,0.04,31000
SAI,20130607,0.04,0.04,0.04,0.04,15000
SAI,20130606,0.04,0.04,0.04,0.04,000
SAI,20130605,0.04,0.04,0.04,0.04,000
SAI,20130604,0.04,0.04,0.04,0.04,000
SAI,20130603,0.04,0.04,0.04,0.04,000
SAI,20130531,0.04,0.04,0.04,0.04,000
SAI,20130530,0.04,0.04,0.04,0.04,000
SAI,20130529,0.04,0.04,0.04,0.04,000
SAI,20130528,0.04,0.04,0.04,0.04,000
SAI,20130527,0.04,0.04,0.04,0.04,000
SAI,20130524,0.04,0.04,0.04,0.04,000
SAI,20130523,0.04,0.04,0.04,0.04,000
SAI,20130522,0.04,0.04,0.04,0.04,000
SAI,20130521,0.04,0.04,0.04,0.04,000
SAI,20130520,0.04,0.04,0.04,0.04,000
SAI,20130517,0.04,0.04,0.04,0.04,000
SAI,20130516,0.04,0.04,0.04,0.04,000
SAI,20130515,0.04,0.04,0.04,0.04,000
SAI,20130514,0.04,0.04,0.04,0.04,000
SAI,20130513,0.04,0.04,0.04,0.04,000
SAI,20130510,0.04,0.04,0.04,0.04,000
SAI,20130509,0.04,0.04,0.04,0.04,000
SAI,20130508,0.04,0.04,0.04,0.04,000
SAI,20130507,0.04,0.04,0.04,0.04,10000
SAI,20130506,0.04,0.04,0.03,0.03,37500
SAI,20130503,0.05,0.05,0.05,0.05,000
SAI,20130502,0.05,0.05,0.05,0.05,000
SAI,20130501,0.05,0.05,0.05,0.05,000
SAI,20130430,0.05,0.05,0.05,0.05,60000
SAI,20130429,0.03,0.03,0.03,0.03,5000
SAI,20130426,0.03,0.03,0.03,0.03,000
SAI,20130425,0.03,0.03,0.03,0.03,000
SAI,20130424,0.03,0.03,0.03,0.03,000
SAI,20130423,0.03,0.03,0.03,0.03,000
SAI,20130422,0.03,0.03,0.03,0.03,000
SAI,20130419,0.03,0.03,0.03,0.03,000
SAI,20130418,0.03,0.03,0.03,0.03,3000
SAI,20130417,0.04,0.04,0.04,0.04,000
SAI,20130416,0.04,0.04,0.04,0.04,000
SAI,20130415,0.04,0.04,0.04,0.04,000
SAI,20130412,0.04,0.04,0.04,0.04,000
SAI,20130411,0.04,0.04,0.04,0.04,000
SAI,20130410,0.03,0.04,0.03,0.04,31000
SAI,20130409,0.03,0.03,0.03,0.03,000
SAI,20130408,0.03,0.03,0.03,0.03,7000
SAI,20130405,0.03,0.03,0.03,0.03,000
SAI,20130404,0.03,0.03,0.03,0.03,000
SAI,20130403,0.03,0.03,0.03,0.03,000
SAI,20130402,0.03,0.03,0.03,0.03,000
SAI,20130401,0.03,0.03,0.03,0.03,4000
SAI,20130329,0.04,0.04,0.04,0.04,000
SAI,20130328,0.04,0.04,0.04,0.04,000
SAI,20130327,0.04,0.04,0.04,0.04,000
SAI,20130326,0.04,0.04,0.04,0.04,10000
SAI,20130325,0.04,0.04,0.04,0.04,000
SAI,20130322,0.04,0.04,0.04,0.04,25000
SAI,20130321,0.04,0.04,0.04,0.04,000
SAI,20130320,0.04,0.04,0.04,0.04,8000
SAI,20130319,0.04,0.04,0.04,0.04,000
SAI,20130318,0.04,0.04,0.04,0.04,000
SAI,20130315,0.04,0.04,0.04,0.04,000
SAI,20130314,0.04,0.04,0.04,0.04,10000
SAI,20130313,0.04,0.04,0.04,0.04,4000
SAI,20130312,0.04,0.04,0.04,0.04,000
SAI,20130311,0.04,0.04,0.04,0.04,15000
SAI,20130308,0.04,0.04,0.04,0.04,000
SAI,20130307,0.04,0.04,0.04,0.04,000
SAI,20130306,0.04,0.04,0.04,0.04,000
SAI,20130305,0.04,0.04,0.04,0.04,000
SAI,20130304,0.04,0.04,0.04,0.04,000
SAI,20130301,0.04,0.04,0.04,0.04,5000
SAI,20130228,0.04,0.04,0.04,0.04,000
SAI,20130227,0.04,0.04,0.04,0.04,000
SAI,20130226,0.04,0.04,0.04,0.04,18800
SAI,20130225,0.05,0.05,0.05,0.05,9000
SAI,20130222,0.04,0.05,0.04,0.05,62000
SAI,20130221,0.04,0.04,0.04,0.04,000
SAI,20130220,0.04,0.04,0.04,0.04,000
SAI,20130219,0.03,0.04,0.03,0.04,55000
SAI,20130218,0.04,0.04,0.04,0.04,000
SAI,20130215,0.04,0.04,0.04,0.04,000
SAI,20130214,0.04,0.04,0.04,0.04,000
SAI,20130213,0.04,0.04,0.04,0.04,000
SAI,20130212,0.04,0.04,0.04,0.04,000
SAI,20130211,0.04,0.04,0.04,0.04,000
SAI,20130208,0.04,0.04,0.04,0.04,42000
SAI,20130207,0.03,0.03,0.03,0.03,10000
SAI,20130206,0.03,0.03,0.03,0.03,000
SAI,20130205,0.03,0.03,0.03,0.03,15000
SAI,20130204,0.04,0.04,0.04,0.04,000
SAI,20130201,0.04,0.04,0.04,0.04,000
SAI,20130131,0.04,0.04,0.04,0.04,000
SAI,20130130,0.04,0.04,0.04,0.04,24000
SAI,20130129,0.04,0.04,0.04,0.04,000
SAI,20130128,0.04,0.04,0.04,0.04,10000
SAI,20130125,0.04,0.04,0.04,0.04,000
SAI,20130124,0.03,0.04,0.03,0.04,130000
SAI,20130123,0.03,0.03,0.03,0.03,121000
SAI,20130122,0.03,0.03,0.02,0.02,895000
SAI,20130121,0.03,0.03,0.03,0.03,000
SAI,20130118,0.03,0.03,0.03,0.03,12500
SAI,20130117,0.03,0.03,0.03,0.03,34000
SAI,20130116,0.04,0.04,0.04,0.04,20000
SAI,20130115,0.03,0.03,0.03,0.03,000
SAI,20130114,0.03,0.03,0.03,0.03,1000
SAI,20130111,0.04,0.04,0.04,0.04,20000
SAI,20130110,0.03,0.03,0.03,0.03,000
SAI,20130109,0.03,0.03,0.03,0.03,35000
SAI,20130108,0.05,0.05,0.05,0.05,000
SAI,20130107,0.05,0.05,0.05,0.05,000
SAI,20130104,0.05,0.05,0.05,0.05,000
SAI,20130103,0.05,0.05,0.05,0.05,000
SAI,20130102,0.05,0.05,0.05,0.05,5000
SAI,20130101,0.02,0.02,0.02,0.02,000
SAI,20121231,0.02,0.02,0.02,0.02,000
SAI,20121228,0.02,0.02,0.02,0.02,000
SAI,20121227,0.02,0.02,0.02,0.02,000
SAI,20121226,0.02,0.02,0.02,0.02,000
SAI,20121225,0.02,0.02,0.02,0.02,000
SAI,20121224,0.03,0.03,0.02,0.02,50000
SAI,20121221,0.05,0.05,0.05,0.05,000
SAI,20121220,0.05,0.05,0.05,0.05,000
SAI,20121219,0.05,0.05,0.05,0.05,000
SAI,20121218,0.05,0.05,0.05,0.05,000
SAI,20121217,0.05,0.05,0.05,0.05,25000
SAI,20121214,0.03,0.03,0.03,0.03,3000
SAI,20121213,0.03,0.03,0.03,0.03,000
SAI,20121212,0.03,0.03,0.03,0.03,000
SAI,20121211,0.03,0.03,0.03,0.03,17000
SAI,20121210,0.03,0.03,0.03,0.03,8000
SAI,20121207,0.03,0.03,0.03,0.03,80000
SAI,20121206,0.04,0.04,0.04,0.04,000
SAI,20121205,0.04,0.04,0.04,0.04,20000
SAI,20121204,0.03,0.03,0.03,0.03,000
SAI,20121203,0.04,0.04,0.03,0.03,57000
SAI,20121130,0.03,0.03,0.03,0.03,3000
SAI,20121129,0.03,0.03,0.03,0.03,000
SAI,20121128,0.03,0.03,0.03,0.03,13000
SAI,20121127,0.03,0.03,0.03,0.03,187000
SAI,20121126,0.04,0.04,0.04,0.04,000
SAI,20121123,0.04,0.04,0.04,0.04,000
SAI,20121122,0.04,0.04,0.04,0.04,000
SAI,20121121,0.04,0.04,0.04,0.04,10000
SAI,20121120,0.04,0.04,0.04,0.04,000
SAI,20121119,0.04,0.04,0.04,0.04,000
SAI,20121116,0.04,0.04,0.04,0.04,000
SAI,20121115,0.04,0.04,0.04,0.04,5000
SAI,20121114,0.06,0.06,0.06,0.06,000
SAI,20121113,0.06,0.06,0.06,0.06,000
SAI,20121112,0.06,0.06,0.06,0.06,000
SAI,20121109,0.06,0.06,0.06,0.06,000
SAI,20121108,0.06,0.06,0.06,0.06,000
SAI,20121107,0.05,0.06,0.05,0.06,20000
SAI,20121106,0.05,0.05,0.05,0.05,30000
SAI,20121105,0.03,0.03,0.03,0.03,59000
SAI,20121102,0.03,0.03,0.03,0.03,33000
SAI,20121101,0.03,0.03,0.03,0.03,000
SAI,20121031,0.04,0.04,0.03,0.03,50000
SAI,20121030,0.04,0.04,0.04,0.04,10000
SAI,20121029,0.04,0.04,0.04,0.04,000
SAI,20121026,0.04,0.04,0.04,0.04,22000
SAI,20121025,0.04,0.04,0.04,0.04,28000
SAI,20121024,0.04,0.04,0.04,0.04,6000
SAI,20121023,0.04,0.04,0.04,0.04,10000
SAI,20121022,0.04,0.04,0.04,0.04,000
SAI,20121019,0.04,0.04,0.04,0.04,000
SAI,20121018,0.04,0.04,0.04,0.04,000
SAI,20121017,0.04,0.04,0.04,0.04,6000
SAI,20121016,0.04,0.04,0.04,0.04,000
SAI,20121015,0.04,0.04,0.04,0.04,000
SAI,20121012,0.04,0.04,0.04,0.04,000
SAI,20121011,0.04,0.04,0.04,0.04,000
SAI,20121010,0.04,0.04,0.04,0.04,000
SAI,20121009,0.04,0.04,0.04,0.04,25000
SAI,20121008,0.03,0.03,0.03,0.03,000
SAI,20121005,0.03,0.03,0.03,0.03,000
SAI,20121004,0.03,0.03,0.03,0.03,12000
SAI,20121003,0.03,0.03,0.03,0.03,000
SAI,20121002,0.03,0.03,0.03,0.03,000
SAI,20121001,0.03,0.03,0.03,0.03,000
SAI,20120928,0.03,0.03,0.03,0.03,000
SAI,20120927,0.03,0.03,0.03,0.03,1000
SAI,20120926,0.04,0.04,0.04,0.04,000
SAI,20120925,0.04,0.04,0.04,0.04,000
SAI,20120924,0.04,0.04,0.04,0.04,000
SAI,20120921,0.04,0.04,0.04,0.04,000
SAI,20120920,0.04,0.04,0.04,0.04,000
SAI,20120919,0.04,0.04,0.04,0.04,000
SAI,20120918,0.04,0.04,0.04,0.04,000
SAI,20120917,0.04,0.04,0.04,0.04,000
SAI,20120914,0.04,0.04,0.04,0.04,000
SAI,20120913,0.04,0.04,0.04,0.04,000
SAI,20120912,0.04,0.04,0.04,0.04,000
SAI,20120911,0.04,0.04,0.04,0.04,29000
SAI,20120910,0.04,0.04,0.04,0.04,000
SAI,20120907,0.04,0.04,0.04,0.04,000
SAI,20120906,0.04,0.04,0.04,0.04,000
SAI,20120905,0.04,0.04,0.04,0.04,000
SAI,20120904,0.04,0.04,0.04,0.04,000
SAI,20120903,0.04,0.04,0.04,0.04,000
SAI,20120831,0.04,0.04,0.04,0.04,10000
SAI,20120830,0.04,0.04,0.04,0.04,10000
SAI,20120829,0.04,0.04,0.04,0.04,000
SAI,20120828,0.04,0.04,0.04,0.04,000
SAI,20120827,0.04,0.04,0.04,0.04,000
SAI,20120824,0.04,0.04,0.04,0.04,000
SAI,20120823,0.04,0.04,0.04,0.04,000
SAI,20120822,0.04,0.04,0.04,0.04,000
SAI,20120821,0.04,0.04,0.04,0.04,000
SAI,20120820,0.04,0.04,0.04,0.04,000
SAI,20120817,0.04,0.04,0.04,0.04,1000
SAI,20120816,0.04,0.04,0.04,0.04,000
SAI,20120815,0.04,0.04,0.04,0.04,000
SAI,20120814,0.04,0.04,0.04,0.04,000
SAI,20120813,0.04,0.04,0.04,0.04,000
SAI,20120810,0.04,0.04,0.04,0.04,000
SAI,20120809,0.04,0.04,0.04,0.04,000
SAI,20120808,0.04,0.04,0.04,0.04,000
SAI,20120807,0.04,0.04,0.04,0.04,000
SAI,20120806,0.04,0.04,0.04,0.04,000
SAI,20120803,0.04,0.04,0.04,0.04,000
SAI,20120802,0.04,0.04,0.04,0.04,000
SAI,20120801,0.04,0.04,0.04,0.04,000
SAI,20120731,0.04,0.04,0.04,0.04,000
SAI,20120730,0.04,0.04,0.04,0.04,000
SAI,20120727,0.04,0.04,0.04,0.04,50000
SAI,20120726,0.04,0.04,0.04,0.04,000
SAI,20120725,0.04,0.04,0.04,0.04,000
SAI,20120724,0.04,0.04,0.04,0.04,000
SAI,20120723,0.04,0.04,0.04,0.04,000
SAI,20120720,0.04,0.04,0.04,0.04,000
SAI,20120719,0.04,0.04,0.04,0.04,000
SAI,20120718,0.04,0.04,0.04,0.04,000
SAI,20120717,0.04,0.04,0.04,0.04,000
SAI,20120716,0.04,0.04,0.04,0.04,000
SAI,20120713,0.04,0.04,0.04,0.04,2000
SAI,20120712,0.05,0.05,0.05,0.05,000
SAI,20120711,0.05,0.05,0.05,0.05,000
SAI,20120710,0.05,0.05,0.05,0.05,000
SAI,20120709,0.05,0.05,0.05,0.05,000
SAI,20120706,0.05,0.05,0.05,0.05,5000
SAI,20120705,0.07,0.07,0.07,0.07,000
SAI,20120704,0.07,0.07,0.07,0.07,000
SAI,20120703,0.07,0.07,0.07,0.07,000
SAI,20120702,0.07,0.07,0.07,0.07,000
SAI,20120629,0.07,0.07,0.07,0.07,000
SAI,20120628,0.07,0.07,0.07,0.07,5000
SAI,20120627,0.08,0.08,0.08,0.08,000
SAI,20120626,0.08,0.08,0.08,0.08,12000
SAI,20120625,0.07,0.07,0.07,0.07,000
SAI,20120622,0.07,0.07,0.07,0.07,1000
SAI,20120621,0.07,0.08,0.07,0.08,50000
SAI,20120620,0.07,0.07,0.07,0.07,000
SAI,20120619,0.07,0.07,0.07,0.07,000
SAI,20120618,0.06,0.07,0.06,0.07,40000
SAI,20120615,0.06,0.06,0.06,0.06,45000
SAI,20120614,0.05,0.05,0.05,0.05,2000
SAI,20120613,0.07,0.07,0.07,0.07,000
SAI,20120612,0.07,0.07,0.07,0.07,000
SAI,20120611,0.07,0.07,0.07,0.07,75000
SAI,20120608,0.06,0.07,0.06,0.07,102000
SAI,20120607,0.06,0.06,0.06,0.06,14000
SAI,20120606,0.05,0.06,0.05,0.06,56500
SAI,20120605,0.05,0.06,0.05,0.06,125000
SAI,20120604,0.04,0.04,0.04,0.04,000
SAI,20120601,0.04,0.04,0.04,0.04,000
SAI,20120531,0.04,0.04,0.04,0.04,000
SAI,20120530,0.04,0.04,0.04,0.04,000
SAI,20120529,0.04,0.05,0.04,0.04,32000
SAI,20120528,0.05,0.05,0.05,0.05,000
SAI,20120525,0.05,0.05,0.05,0.05,000
SAI,20120524,0.05,0.05,0.05,0.05,000
SAI,20120523,0.05,0.05,0.05,0.05,000
SAI,20120522,0.05,0.05,0.05,0.05,77000
SAI,20120521,0.05,0.05,0.05,0.05,000
SAI,20120518,0.05,0.05,0.05,0.05,000
SAI,20120517,0.05,0.05,0.05,0.05,000
SAI,20120516,0.05,0.05,0.05,0.05,35800
SAI,20120515,0.05,0.05,0.05,0.05,18800
SAI,20120514,0.05,0.05,0.05,0.05,4000
SAI,20120511,0.04,0.04,0.04,0.04,000
SAI,20120510,0.04,0.04,0.04,0.04,95000
SAI,20120509,0.04,0.04,0.04,0.04,100000
SAI,20120508,0.05,0.05,0.05,0.05,000
SAI,20120507,0.05,0.05,0.05,0.05,000
SAI,20120504,0.05,0.05,0.05,0.05,000
SAI,20120503,0.04,0.05,0.04,0.05,89500
SAI,20120502,0.04,0.04,0.04,0.04,000
SAI,20120501,0.04,0.05,0.04,0.05,133000
SAI,20120430,0.04,0.04,0.04,0.04,3500
SAI,20120427,0.04,0.04,0.04,0.04,000
SAI,20120426,0.04,0.04,0.04,0.04,20000
SAI,20120425,0.04,0.04,0.04,0.04,000
SAI,20120424,0.04,0.04,0.04,0.04,000
SAI,20120423,0.04,0.04,0.04,0.04,000
SAI,20120420,0.03,0.04,0.03,0.04,45000
SAI,20120419,0.04,0.04,0.04,0.04,000
SAI,20120418,0.04,0.04,0.04,0.04,000
SAI,20120417,0.04,0.04,0.04,0.04,25000
SAI,20120416,0.03,0.03,0.03,0.03,000
SAI,20120413,0.03,0.03,0.03,0.03,100000
SAI,20120412,0.05,0.05,0.05,0.05,000
SAI,20120411,0.05,0.05,0.05,0.05,000
SAI,20120410,0.05,0.05,0.05,0.05,20000
SAI,20120409,0.05,0.05,0.05,0.05,000
SAI,20120406,0.05,0.05,0.05,0.05,000
SAI,20120405,0.04,0.05,0.04,0.05,60500
SAI,20120404,0.03,0.03,0.03,0.03,000
SAI,20120403,0.03,0.03,0.03,0.03,48000
SAI,20120402,0.05,0.05,0.05,0.05,10000
SAI,20120330,0.04,0.04,0.03,0.03,47000
SAI,20120329,0.04,0.04,0.04,0.04,000
SAI,20120328,0.04,0.04,0.04,0.04,000
SAI,20120327,0.04,0.04,0.04,0.04,000
SAI,20120326,0.04,0.04,0.04,0.04,000
SAI,20120323,0.04,0.04,0.04,0.04,8000
SAI,20120322,0.04,0.04,0.04,0.04,000
SAI,20120321,0.04,0.04,0.04,0.04,000
SAI,20120320,0.05,0.05,0.04,0.04,16500
SAI,20120319,0.05,0.05,0.05,0.05,000
SAI,20120316,0.05,0.05,0.05,0.05,000
SAI,20120315,0.05,0.05,0.05,0.05,000
SAI,20120314,0.05,0.05,0.05,0.05,8000
SAI,20120313,0.05,0.05,0.05,0.05,000
SAI,20120312,0.05,0.05,0.05,0.05,000
SAI,20120309,0.05,0.05,0.05,0.05,000
SAI,20120308,0.05,0.05,0.05,0.05,000
SAI,20120307,0.05,0.05,0.05,0.05,000
SAI,20120306,0.05,0.05,0.05,0.05,000
SAI,20120305,0.05,0.05,0.05,0.05,000
SAI,20120302,0.05,0.05,0.05,0.05,000
SAI,20120301,0.05,0.05,0.05,0.05,11000
SAI,20120229,0.05,0.05,0.05,0.05,000
SAI,20120228,0.05,0.05,0.05,0.05,000
SAI,20120227,0.05,0.05,0.05,0.05,000
SAI,20120224,0.05,0.05,0.05,0.05,000
SAI,20120223,0.05,0.05,0.05,0.05,000
SAI,20120222,0.05,0.05,0.05,0.05,000
SAI,20120221,0.05,0.05,0.05,0.05,000
SAI,20120220,0.05,0.05,0.05,0.05,000
SAI,20120217,0.05,0.05,0.05,0.05,000
SAI,20120216,0.05,0.05,0.05,0.05,000
SAI,20120215,0.05,0.05,0.05,0.05,000
SAI,20120214,0.05,0.05,0.05,0.05,000
SAI,20120213,0.05,0.05,0.05,0.05,000
SAI,20120210,0.05,0.05,0.05,0.05,000
SAI,20120209,0.05,0.05,0.05,0.05,11000
SAI,20120208,0.08,0.08,0.08,0.08,000
SAI,20120207,0.08,0.08,0.08,0.08,000
SAI,20120206,0.08,0.08,0.08,0.08,000
SAI,20120203,0.08,0.08,0.08,0.08,000
SAI,20120202,0.08,0.08,0.08,0.08,000
SAI,20120201,0.08,0.08,0.08,0.08,000
SAI,20120131,0.08,0.08,0.08,0.08,000
SAI,20120130,0.08,0.08,0.08,0.08,000
SAI,20120127,0.08,0.08,0.08,0.08,000
SAI,20120126,0.08,0.08,0.08,0.08,000
SAI,20120125,0.08,0.08,0.08,0.08,000
SAI,20120124,0.08,0.08,0.08,0.08,000
SAI,20120123,0.08,0.08,0.08,0.08,000
SAI,20120120,0.08,0.08,0.08,0.08,000
SAI,20120119,0.08,0.08,0.08,0.08,000
SAI,20120118,0.08,0.08,0.08,0.08,000
SAI,20120117,0.08,0.08,0.08,0.08,000
SAI,20120116,0.08,0.08,0.08,0.08,000
SAI,20120113,0.08,0.08,0.08,0.08,10000
SAI,20120112,0.05,0.05,0.05,0.05,9000
SAI,20120111,0.08,0.08,0.08,0.08,000
SAI,20120110,0.08,0.08,0.08,0.08,000
SAI,20120109,0.08,0.08,0.08,0.08,000
SAI,20120106,0.08,0.08,0.08,0.08,000
SAI,20120105,0.08,0.08,0.08,0.08,000
SAI,20120104,0.08,0.08,0.08,0.08,000
SAI,20120103,0.08,0.08,0.08,0.08,10000
SAI,20120102,0.05,0.05,0.05,0.05,000
SAI,20111230,0.05,0.05,0.05,0.05,000
SAI,20111229,0.05,0.05,0.05,0.05,000
SAI,20111228,0.05,0.05,0.05,0.05,8000
SAI,20111227,0.05,0.05,0.05,0.05,000
SAI,20111226,0.05,0.05,0.05,0.05,000
SAI,20111223,0.08,0.08,0.05,0.05,13500
SAI,20111222,0.05,0.07,0.05,0.07,170000
SAI,20111221,0.07,0.07,0.07,0.07,10000
SAI,20111220,0.05,0.05,0.05,0.05,000
SAI,20111219,0.05,0.05,0.05,0.05,10000
SAI,20111216,0.04,0.04,0.04,0.04,000
SAI,20111215,0.04,0.04,0.04,0.04,000
SAI,20111214,0.04,0.05,0.04,0.04,125000
SAI,20111213,0.05,0.05,0.05,0.05,32000
SAI,20111212,0.06,0.06,0.06,0.06,15000
SAI,20111209,0.05,0.05,0.05,0.05,25000
SAI,20111208,0.08,0.08,0.08,0.08,000
SAI,20111207,0.06,0.08,0.06,0.08,10000
SAI,20111206,0.05,0.05,0.05,0.05,000
SAI,20111205,0.05,0.05,0.05,0.05,27000
SAI,20111202,0.08,0.09,0.08,0.08,100000
SAI,20111201,0.06,0.06,0.06,0.06,15000
SAI,20111130,0.06,0.06,0.04,0.05,60000
SAI,20111129,0.09,0.09,0.09,0.09,000
SAI,20111128,0.05,0.09,0.05,0.09,60000
SAI,20111125,0.05,0.05,0.05,0.05,000
SAI,20111124,0.05,0.05,0.05,0.05,22000
SAI,20111123,0.05,0.05,0.05,0.05,40000
SAI,20111122,0.06,0.06,0.06,0.06,50000
SAI,20111121,0.05,0.05,0.05,0.05,104000
SAI,20111118,0.10,0.10,0.10,0.10,000
SAI,20111117,0.10,0.10,0.10,0.10,000
SAI,20111109,0.10,0.10,0.10,0.10,1000
SAI,20111107,0.09,0.10,0.09,0.10,5000
SAI,20111103,0.09,0.09,0.09,0.09,5000
SAI,20111027,0.10,0.10,0.10,0.10,2000
SAI,20111026,0.10,0.10,0.10,0.10,1000
SAI,20111025,0.10,0.10,0.10,0.10,30000
SAI,20111021,0.04,0.04,0.04,0.04,9000
SAI,20111014,0.08,0.08,0.08,0.08,17500
SAI,20111013,0.07,0.07,0.07,0.07,1000
SAI,20111011,0.07,0.08,0.07,0.08,54000
SAI,20110930,0.05,0.06,0.05,0.06,81000
SAI,20110926,0.04,0.04,0.04,0.04,2500
SAI,20110923,0.04,0.04,0.04,0.04,10000
SAI,20110922,0.04,0.04,0.04,0.04,2000
SAI,20110916,0.04,0.05,0.04,0.05,9000
SAI,20110915,0.05,0.05,0.05,0.05,8000
SAI,20110914,0.05,0.05,0.05,0.05,3000
SAI,20110913,0.07,0.07,0.05,0.05,47000
SAI,20110912,0.06,0.08,0.06,0.08,54200
SAI,20110901,0.06,0.06,0.05,0.05,22500
SAI,20110831,0.05,0.06,0.05,0.06,30000
SAI,20110816,0.05,0.05,0.05,0.05,5000
SAI,20110811,0.07,0.07,0.07,0.07,2000
SAI,20110808,0.07,0.07,0.07,0.07,5000
SAI,20110803,0.07,0.07,0.07,0.07,2000
SAI,20110802,0.07,0.07,0.07,0.07,4000
SAI,20110729,0.08,0.08,0.08,0.08,2000
SAI,20110728,0.08,0.08,0.08,0.08,2500
SAI,20110727,0.08,0.08,0.08,0.08,55500
SAI,20110726,0.08,0.08,0.08,0.08,4000
SAI,20110721,0.08,0.08,0.08,0.08,20000
SAI,20110719,0.08,0.08,0.08,0.08,14000
SAI,20110715,0.08,0.08,0.08,0.08,100500
SAI,20110714,0.08,0.08,0.07,0.07,75600
SAI,20110713,0.08,0.08,0.08,0.08,30000
SAI,20110711,0.09,0.09,0.09,0.09,13500
SAI,20110708,0.11,0.11,0.11,0.11,10000
SAI,20110707,0.12,0.12,0.12,0.12,36500
SAI,20110706,0.13,0.13,0.13,0.13,4000
SAI,20110704,0.15,0.15,0.15,0.15,1000
SAI,20110627,0.13,0.13,0.11,0.11,22000
SAI,20110624,0.13,0.13,0.13,0.13,20000
SAI,20110621,0.16,0.17,0.16,0.17,22000
SAI,20110616,0.13,0.17,0.13,0.17,54000
SAI,20110615,0.17,0.17,0.17,0.17,78800
SAI,20110614,0.17,0.17,0.17,0.17,110000
SAI,20110608,0.16,0.16,0.16,0.16,10000
SAI,20110607,0.14,0.14,0.14,0.14,10000
SAI,20110601,0.16,0.17,0.16,0.17,242500
SAI,20110527,0.16,0.16,0.16,0.16,5000
SAI,20110525,0.12,0.16,0.12,0.16,6200
SAI,20110518,0.15,0.16,0.15,0.16,10000
SAI,20110510,0.16,0.16,0.16,0.16,6000
SAI,20110509,0.11,0.11,0.11,0.11,2000
SAI,20110506,0.15,0.15,0.15,0.15,16500
SAI,20110504,0.15,0.16,0.15,0.16,6000
SAI,20110503,0.17,0.17,0.17,0.17,12500
SAI,20110502,0.18,0.18,0.18,0.18,20600
SAI,20110427,0.17,0.17,0.17,0.17,70000
SAI,20110426,0.18,0.18,0.18,0.18,3000
SAI,20110425,0.17,0.17,0.17,0.17,16000
SAI,20110420,0.18,0.18,0.18,0.18,11000
SAI,20110419,0.17,0.17,0.17,0.17,41000
SAI,20110418,0.18,0.18,0.17,0.17,17000
SAI,20110415,0.16,0.17,0.16,0.17,86500
SAI,20110412,0.14,0.14,0.14,0.14,15400
SAI,20110411,0.14,0.14,0.14,0.14,15500
SAI,20110407,0.13,0.13,0.13,0.13,6500
SAI,20110406,0.14,0.14,0.14,0.14,13000
SAI,20110404,0.13,0.13,0.13,0.13,13000
SAI,20110401,0.12,0.12,0.12,0.12,1700
SAI,20110331,0.12,0.12,0.08,0.12,48000
SAI,20110330,0.14,0.14,0.14,0.14,17000
SAI,20110328,0.14,0.14,0.14,0.14,15000
SAI,20110325,0.14,0.14,0.14,0.14,13500
SAI,20110324,0.14,0.14,0.14,0.14,10000
SAI,20110323,0.14,0.14,0.14,0.14,1500
SAI,20110321,0.14,0.14,0.14,0.14,33000
SAI,20110317,0.14,0.14,0.14,0.14,21900
SAI,20110316,0.14,0.14,0.14,0.14,64000
SAI,20110315,0.15,0.15,0.12,0.14,124500
SAI,20110314,0.15,0.15,0.15,0.15,1000
SAI,20110311,0.14,0.15,0.14,0.15,24500
SAI,20110310,0.15,0.15,0.15,0.15,14000
SAI,20110309,0.16,0.17,0.15,0.17,80500
SAI,20110307,0.17,0.17,0.16,0.16,61800
SAI,20110304,0.16,0.17,0.16,0.17,78400
SAI,20110303,0.17,0.17,0.16,0.17,85300
SAI,20110302,0.17,0.19,0.17,0.19,13000
SAI,20110301,0.17,0.17,0.17,0.17,50000
SAI,20110228,0.20,0.20,0.20,0.20,5000
SAI,20110224,0.20,0.20,0.18,0.20,24000
SAI,20110223,0.18,0.18,0.18,0.18,20000
SAI,20110222,0.18,0.18,0.18,0.18,27000
SAI,20110218,0.20,0.20,0.20,0.20,20000
SAI,20110217,0.18,0.22,0.18,0.22,33500
SAI,20110216,0.19,0.19,0.19,0.19,6700
SAI,20110215,0.18,0.19,0.18,0.19,15000
SAI,20110214,0.22,0.22,0.19,0.19,139000
SAI,20110211,0.20,0.20,0.20,0.20,36300
SAI,20110209,0.20,0.20,0.20,0.20,20500
SAI,20110208,0.21,0.22,0.20,0.22,24000
SAI,20110207,0.20,0.20,0.20,0.20,48000
SAI,20110204,0.21,0.21,0.21,0.21,25000
SAI,20110202,0.20,0.24,0.20,0.21,19000
SAI,20110201,0.21,0.23,0.21,0.23,5000
SAI,20110131,0.21,0.21,0.20,0.20,51000
SAI,20110128,0.23,0.23,0.22,0.22,33100
SAI,20110127,0.22,0.23,0.22,0.22,76000
SAI,20110126,0.23,0.23,0.22,0.22,11000
SAI,20110125,0.23,0.24,0.23,0.23,154500
SAI,20110124,0.22,0.22,0.20,0.20,25200
SAI,20110121,0.22,0.23,0.22,0.23,7000
SAI,20110120,0.22,0.22,0.22,0.22,9000
SAI,20110119,0.23,0.24,0.23,0.23,84400
SAI,20110118,0.23,0.23,0.23,0.23,20000
SAI,20110117,0.24,0.24,0.23,0.23,104000
SAI,20110114,0.22,0.24,0.22,0.23,168000
SAI,20110113,0.23,0.23,0.22,0.23,38900
SAI,20110112,0.23,0.24,0.23,0.23,37000
SAI,20110111,0.23,0.24,0.23,0.23,48700
SAI,20110110,0.24,0.25,0.24,0.25,110000
SAI,20110107,0.24,0.24,0.24,0.24,59500
SAI,20110106,0.25,0.25,0.23,0.24,143000
SAI,20110105,0.24,0.25,0.23,0.24,91500
SAI,20110104,0.23,0.24,0.23,0.24,59500
SAI,20101231,0.23,0.24,0.23,0.24,30000
SAI,20101230,0.23,0.24,0.23,0.23,81700
SAI,20101229,0.26,0.26,0.23,0.23,77200
SAI,20101228,0.24,0.24,0.24,0.24,000
SAI,20101227,0.24,0.24,0.24,0.24,000
SAI,20101224,0.25,0.25,0.24,0.24,23500
SAI,20101223,0.25,0.25,0.24,0.25,95000
SAI,20101222,0.24,0.24,0.24,0.24,24500
SAI,20101221,0.25,0.28,0.24,0.24,80000
SAI,20101220,0.26,0.26,0.26,0.26,2800
SAI,20101217,0.26,0.28,0.26,0.26,133000
SAI,20101216,0.25,0.27,0.25,0.27,44800
SAI,20101215,0.28,0.28,0.28,0.28,000
SAI,20101214,0.28,0.28,0.25,0.28,70800
SAI,20101213,0.28,0.28,0.26,0.28,91000
SAI,20101210,0.27,0.27,0.26,0.26,128000
SAI,20101209,0.27,0.27,0.27,0.27,000
SAI,20101208,0.26,0.28,0.25,0.27,95200
SAI,20101207,0.29,0.29,0.26,0.27,101000
SAI,20101206,0.27,0.30,0.27,0.28,290900
SAI,20101203,0.26,0.27,0.26,0.27,136300
SAI,20101202,0.25,0.27,0.25,0.26,106500
SAI,20101201,0.25,0.26,0.24,0.26,233400
SAI,20101130,0.26,0.27,0.24,0.24,000
SAI,20101129,0.26,0.26,0.23,0.26,182200
SAI,20101126,0.26,0.26,0.25,0.25,38000
SAI,20101125,0.27,0.27,0.26,0.26,29100
SAI,20101124,0.28,0.28,0.27,0.27,137600
SAI,20101123,0.27,0.27,0.27,0.27,104500
SAI,20101122,0.26,0.27,0.26,0.27,22000
SAI,20101119,0.28,0.30,0.28,0.29,33000
SAI,20101118,0.27,0.28,0.27,0.28,9500
SAI,20101117,0.28,0.28,0.26,0.26,26000
SAI,20101116,0.30,0.30,0.28,0.28,46000
SAI,20101115,0.31,0.31,0.30,0.30,49000
SAI,20101112,0.31,0.31,0.30,0.31,22500
SAI,20101111,0.31,0.31,0.28,0.31,92800
SAI,20101110,0.32,0.32,0.30,0.31,161300
SAI,20101109,0.36,0.36,0.30,0.31,150400
SAI,20101108,0.29,0.38,0.28,0.34,1415100
SAI,20101105,0.22,0.22,0.22,0.22,000
SAI,20101104,0.22,0.22,0.22,0.22,000
SAI,20101103,0.22,0.22,0.22,0.22,000
SAI,20101102,0.22,0.22,0.22,0.22,5000
SAI,20101101,0.22,0.22,0.22,0.22,000
SAI,20101029,0.22,0.22,0.22,0.22,5000
SAI,20101028,0.21,0.21,0.21,0.21,000
SAI,20101027,0.21,0.21,0.21,0.21,000
SAI,20101026,0.21,0.21,0.21,0.21,2800
SAI,20101025,0.23,0.23,0.21,0.21,19000
SAI,20101022,0.25,0.25,0.25,0.25,000
SAI,20101021,0.25,0.25,0.25,0.25,000
SAI,20101020,0.25,0.25,0.25,0.25,000
SAI,20101019,0.25,0.25,0.25,0.25,000
SAI,20101018,0.25,0.25,0.25,0.25,000
SAI,20101015,0.25,0.25,0.25,0.25,000
SAI,20101014,0.25,0.25,0.25,0.25,000
SAI,20101013,0.23,0.25,0.23,0.25,75000
SAI,20101012,0.20,0.20,0.20,0.20,000
SAI,20101011,0.20,0.20,0.20,0.20,000
SAI,20101008,0.20,0.20,0.20,0.20,11000
SAI,20101007,0.20,0.20,0.20,0.20,000
SAI,20101006,0.20,0.20,0.20,0.20,000
SAI,20101005,0.20,0.20,0.20,0.20,000
SAI,20101004,0.20,0.20,0.20,0.20,500
SAI,20101001,0.25,0.25,0.25,0.25,000
SAI,20100930,0.25,0.25,0.25,0.25,000
SAI,20100929,0.25,0.25,0.25,0.25,2000
SAI,20100928,0.27,0.27,0.27,0.27,2800
SAI,20100927,0.28,0.28,0.28,0.28,000
SAI,20100924,0.30,0.30,0.28,0.28,15500
SAI,20100923,0.27,0.28,0.27,0.28,37000
SAI,20100922,0.27,0.27,0.27,0.27,000
SAI,20100921,0.27,0.27,0.27,0.27,5000
SAI,20100920,0.25,0.26,0.25,0.26,74000
SAI,20100917,0.25,0.25,0.25,0.25,40000
SAI,20100916,0.25,0.25,0.25,0.25,42000
SAI,20100915,0.23,0.23,0.23,0.23,000
SAI,20100914,0.23,0.23,0.23,0.23,5000
SAI,20100913,0.24,0.24,0.24,0.24,000
SAI,20100910,0.24,0.24,0.24,0.24,40000
SAI,20100909,0.23,0.23,0.23,0.23,000
SAI,20100908,0.23,0.24,0.23,0.23,31000
SAI,20100907,0.23,0.23,0.23,0.23,000
SAI,20100906,0.23,0.23,0.23,0.23,000
SAI,20100903,0.24,0.24,0.23,0.23,25000
SAI,20100902,0.25,0.25,0.25,0.25,000
SAI,20100901,0.25,0.25,0.25,0.25,15000
SAI,20100831,0.25,0.25,0.25,0.25,9000
SAI,20100830,0.25,0.25,0.25,0.25,40000
SAI,20100827,0.23,0.23,0.23,0.23,10000
SAI,20100826,0.24,0.24,0.24,0.24,000
SAI,20100825,0.24,0.24,0.24,0.24,000
SAI,20100824,0.24,0.24,0.24,0.24,000
SAI,20100823,0.24,0.24,0.24,0.24,000
SAI,20100820,0.24,0.24,0.24,0.24,10000
SAI,20100819,0.21,0.21,0.21,0.21,000
SAI,20100818,0.21,0.21,0.21,0.21,45000
SAI,20100817,0.22,0.22,0.21,0.21,43700
SAI,20100816,0.22,0.22,0.22,0.22,20000
SAI,20100813,0.24,0.24,0.24,0.24,000
SAI,20100812,0.24,0.24,0.24,0.24,20000
SAI,20100811,0.24,0.24,0.24,0.24,20000
SAI,20100810,0.25,0.25,0.25,0.25,51500
SAI,20100809,0.22,0.22,0.22,0.22,000
SAI,20100806,0.22,0.22,0.22,0.22,35000
SAI,20100805,0.23,0.23,0.22,0.22,68000
SAI,20100804,0.25,0.25,0.23,0.23,10000
SAI,20100803,0.25,0.25,0.24,0.24,139000
SAI,20100802,0.25,0.25,0.25,0.25,000
SAI,20100730,0.31,0.31,0.25,0.25,168000
SAI,20100729,0.30,0.33,0.30,0.30,99000
SAI,20100728,0.21,0.30,0.21,0.30,1176500
SAI,20100727,0.24,0.24,0.24,0.24,000
SAI,20100726,0.24,0.24,0.24,0.24,000
SAI,20100723,0.24,0.24,0.24,0.24,000
SAI,20100722,0.24,0.24,0.24,0.24,000
SAI,20100721,0.24,0.24,0.24,0.24,000
SAI,20100720,0.24,0.24,0.24,0.24,000
SAI,20100719,0.24,0.24,0.24,0.24,000
SAI,20100716,0.24,0.24,0.24,0.24,000
SAI,20100715,0.24,0.24,0.24,0.24,000
SAI,20100714,0.24,0.24,0.24,0.24,000
SAI,20100713,0.24,0.24,0.24,0.24,000
SAI,20100712,0.24,0.24,0.24,0.24,000
SAI,20100709,0.24,0.24,0.24,0.24,000
SAI,20100708,0.24,0.24,0.24,0.24,000
SAI,20100707,0.24,0.24,0.24,0.24,000
SAI,20100706,0.24,0.24,0.24,0.24,000
SAI,20100705,0.24,0.24,0.24,0.24,000
SAI,20100702,0.24,0.24,0.24,0.24,000
SAI,20100701,0.24,0.24,0.24,0.24,000
SAI,20100630,0.24,0.24,0.24,0.24,000
SAI,20100629,0.24,0.24,0.24,0.24,000
SAI,20100628,0.24,0.24,0.24,0.24,000
SAI,20100625,0.24,0.24,0.24,0.24,000
SAI,20100624,0.24,0.24,0.24,0.24,000
SAI,20100623,0.24,0.24,0.24,0.24,000
SAI,20100622,0.24,0.24,0.24,0.24,000
SAI,20100621,0.24,0.24,0.24,0.24,000
SAI,20100618,0.24,0.24,0.24,0.24,000
SAI,20100617,0.24,0.24,0.24,0.24,000
SAI,20100616,0.24,0.24,0.24,0.24,000
SAI,20100615,0.24,0.24,0.24,0.24,000
SAI,20100614,0.24,0.24,0.24,0.24,000
SAI,20100611,0.24,0.24,0.24,0.24,000
SAI,20100610,0.24,0.24,0.24,0.24,000
SAI,20100609,0.24,0.24,0.24,0.24,000
SAI,20100608,0.24,0.24,0.24,0.24,000
SAI,20100607,0.24,0.24,0.24,0.24,000
SAI,20100604,0.24,0.24,0.24,0.24,000
SAI,20100603,0.24,0.24,0.24,0.24,000
SAI,20100602,0.24,0.24,0.24,0.24,000
SAI,20100601,0.24,0.24,0.24,0.24,000
SAI,20100531,0.24,0.24,0.24,0.24,000
SAI,20100528,0.24,0.24,0.24,0.24,000
SAI,20100527,0.24,0.24,0.24,0.24,000
SAI,20100526,0.24,0.24,0.24,0.24,000
SAI,20100525,0.24,0.24,0.24,0.24,000
SAI,20100524,0.24,0.24,0.24,0.24,000
SAI,20100521,0.24,0.24,0.24,0.24,000
SAI,20100520,0.24,0.24,0.24,0.24,000
SAI,20100519,0.24,0.24,0.24,0.24,000
SAI,20100518,0.24,0.24,0.24,0.24,000
SAI,20100517,0.24,0.24,0.24,0.24,000
SAI,20100514,0.24,0.24,0.24,0.24,000
SAI,20100513,0.24,0.24,0.24,0.24,000
SAI,20100512,0.24,0.24,0.24,0.24,000
SAI,20100511,0.24,0.24,0.24,0.24,000
SAI,20100510,0.24,0.24,0.24,0.24,000
SAI,20100507,0.24,0.24,0.24,0.24,000
SAI,20100506,0.24,0.24,0.24,0.24,000
SAI,20100505,0.24,0.24,0.24,0.24,000
SAI,20100504,0.24,0.24,0.24,0.24,000
SAI,20100503,0.24,0.24,0.24,0.24,000
SAI,20100430,0.24,0.24,0.24,0.24,000
SAI,20100429,0.24,0.24,0.24,0.24,000
SAI,20100428,0.24,0.24,0.24,0.24,000
SAI,20100427,0.24,0.24,0.24,0.24,000
SAI,20100426,0.24,0.24,0.24,0.24,000
SAI,20100423,0.24,0.24,0.24,0.24,000
SAI,20100422,0.24,0.24,0.24,0.24,000
SAI,20100421,0.24,0.24,0.24,0.24,000
SAI,20100420,0.24,0.24,0.24,0.24,000
SAI,20100419,0.24,0.24,0.24,0.24,000
SAI,20100416,0.24,0.24,0.24,0.24,000
SAI,20100415,0.24,0.24,0.24,0.24,000
SAI,20100414,0.24,0.24,0.24,0.24,000
SAI,20100413,0.24,0.24,0.24,0.24,000
SAI,20100412,0.24,0.24,0.24,0.24,000
SAI,20100409,0.24,0.24,0.24,0.24,000
SAI,20100408,0.24,0.24,0.24,0.24,000
SAI,20100407,0.24,0.24,0.24,0.24,000
SAI,20100406,0.24,0.24,0.24,0.24,000
SAI,20100405,0.24,0.24,0.24,0.24,000
SAI,20100402,0.24,0.24,0.24,0.24,000
SAI,20100401,0.24,0.24,0.24,0.24,000
SAI,20100331,0.24,0.24,0.24,0.24,000
SAI,20100330,0.24,0.24,0.24,0.24,000
SAI,20100329,0.24,0.24,0.24,0.24,000
SAI,20100326,0.24,0.24,0.24,0.24,000
SAI,20100325,0.24,0.24,0.24,0.24,000
SAI,20100324,0.24,0.24,0.24,0.24,000
SAI,20100323,0.24,0.24,0.24,0.24,000
SAI,20100322,0.24,0.24,0.24,0.24,000
SAI,20100319,0.24,0.24,0.24,0.24,000
SAI,20100318,0.24,0.24,0.24,0.24,000
SAI,20100317,0.24,0.24,0.24,0.24,000
SAI,20100316,0.24,0.24,0.24,0.24,000
SAI,20100315,0.24,0.24,0.24,0.24,000
SAI,20100312,0.24,0.24,0.24,0.24,000
SAI,20100311,0.24,0.24,0.24,0.24,000
SAI,20100310,0.24,0.24,0.24,0.24,000
SAI,20100309,0.24,0.24,0.24,0.24,000
SAI,20100308,0.24,0.24,0.24,0.24,000
SAI,20100305,0.24,0.24,0.24,0.24,000
SAI,20100304,0.24,0.24,0.24,0.24,15000
SAI,20100303,0.25,0.25,0.25,0.25,60000
SAI,20100302,0.25,0.25,0.25,0.25,3000
SAI,20100301,0.25,0.26,0.25,0.25,83000
SAI,20100226,0.24,0.25,0.24,0.25,57000
SAI,20100225,0.24,0.25,0.24,0.24,55000
SAI,20100224,0.23,0.24,0.23,0.23,51500
SAI,20100223,0.25,0.25,0.23,0.23,10000
SAI,20100222,0.25,0.25,0.25,0.25,12000
SAI,20100219,0.24,0.24,0.24,0.24,3000
SAI,20100218,0.25,0.25,0.25,0.25,50000
SAI,20100217,0.24,0.25,0.23,0.25,30000
SAI,20100216,0.25,0.25,0.25,0.25,10000
SAI,20100215,0.22,0.22,0.22,0.22,000
SAI,20100212,0.22,0.22,0.22,0.22,23000
SAI,20100208,0.22,0.22,0.22,0.22,20000
SAI,20100205,0.21,0.23,0.21,0.22,23500
SAI,20100204,0.20,0.22,0.20,0.22,41500
SAI,20100202,0.22,0.22,0.21,0.21,32500
SAI,20100201,0.22,0.22,0.22,0.22,12000
SAI,20100129,0.21,0.21,0.21,0.21,9000
SAI,20100128,0.20,0.21,0.19,0.21,50000
SAI,20100127,0.22,0.22,0.20,0.21,88000
SAI,20100126,0.25,0.26,0.22,0.22,411700
SAI,20100125,0.20,0.25,0.20,0.22,200500
SAI,20100122,0.20,0.20,0.20,0.20,159000
SAI,20100121,0.17,0.20,0.17,0.19,362700
