SE,20150310,35.09,35.10,34.73,34.81,3164400
SE,20150309,35.25,35.63,35.22,35.33,3411800
SE,20150306,35.39,35.82,35.22,35.32,3952700
SE,20150305,35.28,35.92,35.23,35.68,4208100
SE,20150304,35.26,35.31,34.73,34.99,3867300
SE,20150303,35.25,35.50,35.06,35.32,3523800
SE,20150302,35.46,35.50,35.00,35.19,4091600
SE,20150227,35.48,35.62,35.21,35.49,2519700
SE,20150226,36.01,36.12,35.30,35.41,2831200
SE,20150225,36.11,36.37,35.96,36.12,3104100
SE,20150224,36.19,36.20,35.90,36.13,2743300
SE,20150223,36.06,36.28,35.91,36.13,3458500
SE,20150220,36.01,36.25,35.80,36.25,5710000
SE,20150219,36.15,36.42,35.90,36.00,4085200
SE,20150218,36.33,36.85,36.32,36.67,3903600
SE,20150217,36.73,36.90,36.60,36.78,3114700
SE,20150213,36.41,36.83,36.26,36.81,4805800
SE,20150212,36.08,36.50,35.94,36.20,4404500
SE,20150211,35.70,35.95,35.51,35.81,4793500
SE,20150210,36.12,36.52,35.70,36.50,4703900
SE,20150209,36.29,36.37,35.86,36.01,4394000
SE,20150206,36.52,36.63,36.10,36.21,6967100
SE,20150205,35.64,36.45,35.63,36.21,7873900
SE,20150204,34.62,35.09,34.24,34.67,6994400
SE,20150203,34.35,35.03,34.22,34.94,8964800
SE,20150202,33.92,34.17,33.56,34.17,5521800
SE,20150130,33.21,33.92,32.88,33.44,6985500
SE,20150129,33.07,33.49,32.47,33.40,7444600
SE,20150128,33.39,34.03,32.99,33.00,10753300
SE,20150127,33.52,33.63,33.09,33.39,7051900
SE,20150126,33.69,34.02,33.44,33.63,6601400
SE,20150123,34.18,34.51,33.74,33.77,5680800
SE,20150122,33.94,34.11,33.76,33.95,6061900
SE,20150121,33.35,33.73,33.14,33.62,7657100
SE,20150120,33.39,33.44,32.43,33.22,5988400
SE,20150116,33.06,33.41,32.75,33.37,7647700
SE,20150115,33.54,33.62,32.97,32.99,8141600
SE,20150114,33.27,33.48,32.71,33.13,9938500
SE,20150113,33.91,34.24,33.25,33.55,6345500
SE,20150112,33.50,33.84,32.99,33.70,7926200
SE,20150109,34.11,34.23,33.50,33.67,7292500
SE,20150108,34.22,34.48,34.08,34.14,7400300
SE,20150107,34.35,34.46,33.75,33.94,5283400
SE,20150106,35.24,35.24,33.68,33.93,7508400
SE,20150105,36.26,36.32,34.86,34.92,3901800
SE,20150102,36.44,36.81,36.31,36.70,3153500
SE,20141231,36.65,36.83,36.25,36.30,2732700
SE,20141230,37.01,37.23,36.61,36.72,4101900
SE,20141229,36.88,37.27,36.68,37.05,4029600
SE,20141226,36.78,37.07,36.78,36.90,1572700
SE,20141224,36.61,36.90,36.48,36.67,1587800
SE,20141223,36.99,37.08,36.60,36.76,4338800
SE,20141222,33.77,36.80,33.60,36.70,6349600
SE,20141219,36.35,37.09,36.06,37.07,9978300
SE,20141218,35.89,36.18,34.91,36.18,8217800
SE,20141217,33.38,35.00,33.38,34.77,6788700
SE,20141216,32.84,34.37,32.50,33.37,6646300
SE,20141215,33.89,34.00,32.90,33.09,5188800
SE,20141212,34.19,34.42,33.65,33.66,6324500
SE,20141211,35.24,35.83,34.64,34.75,7856800
SE,20141210,36.11,36.17,34.94,35.14,5743100
SE,20141209,35.62,36.42,35.30,36.38,6415100
SE,20141208,37.00,37.12,35.69,35.71,5561000
SE,20141205,37.00,37.36,37.00,37.13,3862800
SE,20141204,37.25,37.38,36.91,37.10,4345500
SE,20141203,37.27,37.56,37.16,37.25,3495000
SE,20141202,36.89,37.44,36.70,37.25,6223400
SE,20141201,37.68,37.79,36.74,37.04,6230600
SE,20141128,38.29,38.61,37.70,37.88,5032800
SE,20141126,39.06,39.33,38.80,39.27,3047300
SE,20141125,39.41,39.42,38.85,39.06,3099300
SE,20141124,39.30,39.50,38.97,39.21,2094700
SE,20141121,39.57,39.79,39.05,39.23,3542100
SE,20141120,38.77,39.30,38.74,39.23,2187900
SE,20141119,38.61,38.88,38.52,38.77,2295800
SE,20141118,38.48,38.80,38.42,38.56,3358700
SE,20141117,38.00,38.56,37.87,38.48,5250700
SE,20141114,37.94,38.21,37.70,38.12,3868100
SE,20141113,38.53,38.54,37.66,37.86,3375000
SE,20141112,39.12,39.24,38.83,38.96,3419200
SE,20141111,39.29,39.51,39.05,39.33,1865200
SE,20141110,39.75,40.00,39.26,39.32,2628900
SE,20141107,39.00,39.74,38.95,39.66,2408800
SE,20141106,39.18,39.20,38.35,39.08,3335200
SE,20141105,38.65,39.09,38.16,39.07,3356400
SE,20141104,38.89,38.96,37.76,38.15,4532100
SE,20141103,39.04,39.35,38.71,38.92,3173600
SE,20141031,39.14,39.26,38.82,39.13,2462500
SE,20141030,38.90,40.00,38.61,38.83,2120900
SE,20141029,39.45,39.61,38.59,39.08,2529800
SE,20141028,38.96,39.30,38.47,39.26,2328400
SE,20141027,38.54,38.83,38.20,38.71,2117500
SE,20141024,38.70,38.98,38.32,38.90,2102800
SE,20141023,38.72,39.11,38.63,38.80,2776200
SE,20141022,38.85,39.10,38.25,38.28,2831700
SE,20141021,38.13,38.91,37.92,38.72,4580300
SE,20141020,37.68,38.12,37.55,37.84,2483300
SE,20141017,37.42,38.09,37.31,37.84,5836300
SE,20141016,35.65,37.45,35.42,37.12,7021700
SE,20141015,35.40,36.27,34.46,36.08,6326400
SE,20141014,36.36,36.69,35.39,35.52,6990500
SE,20141013,36.99,37.42,36.12,36.15,4456600
SE,20141010,37.11,37.71,36.55,37.05,7010900
SE,20141009,38.57,38.64,36.68,37.10,6998800
SE,20141008,38.64,38.74,37.93,38.65,3680900
SE,20141007,39.03,39.34,38.63,38.63,2931100
SE,20141006,39.33,39.60,38.90,39.19,2251800
SE,20141003,39.03,39.34,38.73,39.26,3117100
SE,20141002,38.90,39.06,38.36,38.79,3974500
SE,20141001,39.21,39.53,38.94,38.98,3125600
SE,20140930,39.16,39.63,39.00,39.26,4219500
SE,20140929,38.90,39.29,38.79,39.23,2163400
SE,20140926,38.73,39.33,38.55,39.18,2248200
SE,20140925,39.35,39.40,38.64,38.80,4300400
SE,20140924,39.65,39.71,39.18,39.32,4824800
SE,20140923,39.96,40.17,39.76,39.76,2705500
SE,20140922,40.26,40.36,39.79,39.99,2734200
SE,20140919,40.44,40.58,40.28,40.44,3580100
SE,20140918,40.62,40.78,40.19,40.28,3267700
SE,20140917,40.87,40.93,40.33,40.53,1953600
SE,20140916,40.00,40.87,40.00,40.70,2952900
SE,20140915,39.80,40.17,39.55,40.10,3309600
SE,20140912,40.48,40.64,39.71,39.84,3114700
SE,20140911,40.68,40.85,40.41,40.65,2499400
SE,20140910,41.28,41.45,40.56,40.90,3300200
SE,20140909,41.86,41.89,41.19,41.43,2219100
SE,20140908,42.06,42.18,41.61,41.73,2128900
SE,20140905,41.67,42.16,41.66,42.16,2095600
SE,20140904,41.85,42.06,41.59,41.75,2298700
SE,20140903,41.90,42.08,41.76,41.79,2346800
SE,20140902,41.59,41.78,41.31,41.72,2620200
SE,20140829,41.69,41.69,41.42,41.66,1671900
SE,20140828,41.01,41.60,40.83,41.48,2053800
SE,20140827,40.99,41.20,40.68,41.14,3573200
SE,20140826,40.86,41.12,40.75,40.99,1312100
SE,20140825,40.93,41.06,40.72,40.83,1422700
SE,20140822,40.75,40.94,40.64,40.71,1342300
SE,20140821,40.90,41.26,40.83,40.94,2247500
SE,20140820,40.78,41.06,40.56,40.80,2752700
SE,20140819,40.25,40.83,40.25,40.79,3106000
SE,20140818,40.72,40.78,40.19,40.25,2679000
SE,20140815,40.05,40.64,40.05,40.64,6845100
SE,20140814,40.11,40.34,39.94,40.02,2436900
SE,20140813,40.22,40.43,39.99,40.03,2577900
SE,20140812,39.73,40.01,39.50,39.97,3471700
SE,20140811,40.12,40.50,39.74,39.75,4157100
SE,20140808,39.45,39.83,39.23,39.81,3585000
SE,20140807,40.15,40.32,39.68,39.76,3025200
SE,20140806,40.00,40.50,39.28,40.03,2777600
SE,20140805,40.85,40.95,40.03,40.22,4247700
SE,20140804,40.65,40.96,40.23,40.87,3682000
SE,20140801,40.80,41.12,40.39,40.55,4221300
SE,20140731,41.99,42.02,40.91,40.92,5789600
SE,20140730,42.69,42.86,42.07,42.17,2616500
SE,20140729,42.66,42.95,42.60,42.65,2319100
SE,20140728,42.59,42.83,42.51,42.71,1515400
SE,20140725,42.75,42.82,42.51,42.58,1461800
SE,20140724,42.89,43.12,42.68,42.85,2020500
SE,20140723,42.91,43.09,42.61,42.75,1719900
SE,20140722,42.66,43.03,42.48,43.00,2274200
SE,20140721,42.61,42.72,42.26,42.44,1818200
SE,20140718,42.50,42.85,42.34,42.81,2074000
SE,20140717,42.62,42.87,42.34,42.40,2653600
SE,20140716,42.64,42.78,42.56,42.69,2117500
SE,20140715,42.65,42.73,42.35,42.51,2491800
SE,20140714,42.82,42.91,42.69,42.76,1612800
SE,20140711,42.59,42.84,42.35,42.70,2862900
SE,20140710,42.10,42.72,42.10,42.66,2519800
SE,20140709,42.27,42.64,42.01,42.56,2243500
SE,20140708,42.05,42.39,42.05,42.27,2503100
SE,20140707,42.30,42.46,42.08,42.21,2414700
SE,20140703,42.18,42.38,41.96,42.37,2109800
SE,20140702,42.30,42.52,42.21,42.31,2675800
SE,20140701,42.61,42.72,42.34,42.45,2499200
SE,20140630,42.30,42.51,42.11,42.48,2427500
SE,20140627,42.22,42.61,42.19,42.50,2156100
SE,20140626,42.25,42.32,41.95,42.29,2670200
SE,20140625,41.94,42.31,41.85,42.28,2934000
SE,20140624,42.16,42.58,41.97,42.10,3349200
SE,20140623,42.01,42.24,41.95,42.16,2710000
SE,20140620,41.92,42.24,41.80,42.00,5949000
SE,20140619,41.50,42.26,41.34,42.02,4685400
SE,20140618,41.26,41.53,40.84,41.50,3439300
SE,20140617,41.62,41.81,41.31,41.33,2696000
SE,20140616,41.32,42.00,41.20,41.80,2829000
SE,20140613,41.17,41.19,40.82,41.17,1950100
SE,20140612,41.28,41.40,40.82,40.97,1914900
SE,20140611,41.31,41.34,40.88,41.12,1646500
SE,20140610,41.49,41.58,41.25,41.29,1410700
SE,20140609,41.52,41.74,41.35,41.49,1513500
SE,20140606,41.44,41.73,41.27,41.70,1567500
SE,20140605,40.90,41.54,40.88,41.43,1680800
SE,20140604,40.81,40.91,40.60,40.89,1711100
SE,20140603,41.22,41.35,40.79,40.85,2415700
SE,20140602,40.75,41.35,40.72,41.29,2526900
SE,20140530,40.71,40.86,40.54,40.58,3920500
SE,20140529,40.90,40.92,40.57,40.72,1325900
SE,20140528,40.64,40.96,40.41,40.80,1991000
SE,20140527,40.91,40.99,40.54,40.59,1937100
SE,20140523,40.51,40.91,40.43,40.89,2499500
SE,20140522,40.22,40.62,40.22,40.55,2203400
SE,20140521,39.88,40.28,39.85,40.19,2160700
SE,20140520,39.59,39.84,39.49,39.69,2041300
SE,20140519,39.66,39.79,39.49,39.61,1958600
SE,20140516,39.60,39.87,39.58,39.66,2367100
SE,20140515,39.66,39.73,39.34,39.66,2568200
SE,20140514,39.86,39.90,39.57,39.81,2545600
SE,20140513,39.61,39.79,39.45,39.75,2579300
SE,20140512,39.53,39.74,39.47,39.61,1916700
SE,20140509,39.58,39.74,39.38,39.42,2225500
SE,20140508,39.27,39.97,39.27,39.53,3259400
SE,20140507,38.79,39.55,38.10,39.17,4238200
SE,20140506,39.55,39.70,39.18,39.26,3551000
SE,20140505,39.35,39.71,39.34,39.60,2014500
SE,20140502,39.67,39.73,39.19,39.41,2158900
SE,20140501,39.58,39.83,39.37,39.62,1712600
SE,20140430,39.53,40.14,39.43,39.71,3346200
SE,20140429,39.38,39.78,39.37,39.57,2367700
SE,20140428,39.20,39.37,38.89,39.21,2729300
SE,20140425,39.09,39.15,38.83,38.97,1575100
SE,20140424,39.25,39.46,39.03,39.09,2330700
SE,20140423,39.02,39.37,38.99,39.24,1626200
SE,20140422,39.50,39.50,38.97,39.03,3095800
SE,20140421,39.40,39.59,39.19,39.42,2062400
SE,20140417,39.05,39.45,39.01,39.34,1961200
SE,20140416,39.08,39.28,38.85,39.20,2152600
SE,20140415,38.33,38.85,38.21,38.80,3230700
SE,20140414,38.31,38.41,38.08,38.33,2613700
SE,20140411,38.05,38.29,37.87,38.04,2698200
SE,20140410,38.06,38.37,37.87,38.08,3274200
SE,20140409,37.90,38.19,37.71,38.12,1928700
SE,20140408,37.47,38.03,37.22,37.90,2957200
SE,20140407,37.98,38.16,37.43,37.45,1882300
SE,20140404,37.93,38.32,37.73,37.92,2385400
SE,20140403,37.77,37.96,37.51,37.73,1796100
SE,20140402,37.68,37.74,37.46,37.68,2632200
SE,20140401,37.25,37.69,37.17,37.69,2450500
SE,20140331,37.12,37.21,36.70,36.94,3091200
SE,20140328,36.95,37.01,36.64,36.82,1770900
SE,20140327,36.57,36.94,36.31,36.86,2059900
SE,20140326,36.43,36.91,36.42,36.51,3170600
SE,20140325,36.46,36.50,36.23,36.38,1970100
SE,20140324,36.66,36.74,36.26,36.38,2319700
SE,20140321,37.49,37.49,36.59,36.63,5197200
SE,20140320,36.41,36.53,36.09,36.50,2832700
SE,20140319,37.10,37.11,36.39,36.50,2784100
SE,20140318,36.76,37.20,36.76,37.01,1858700
SE,20140317,36.69,36.84,36.52,36.77,1801300
SE,20140314,36.24,36.78,36.21,36.58,2208100
SE,20140313,36.72,36.73,36.22,36.42,2434100
SE,20140312,36.50,36.67,36.40,36.65,2098900
SE,20140311,37.06,37.09,36.38,36.74,2866700
SE,20140310,37.44,37.49,37.03,37.06,2353200
SE,20140307,37.39,37.55,37.07,37.41,2440100
SE,20140306,37.31,37.49,37.22,37.32,1915100
SE,20140305,37.72,37.87,37.17,37.31,2748100
SE,20140304,37.41,37.77,37.16,37.66,3553800
SE,20140303,37.14,37.27,36.74,37.00,2789100
SE,20140228,37.21,37.36,37.04,37.28,2586000
SE,20140227,37.15,37.32,36.74,36.93,3188100
SE,20140226,37.32,37.53,37.19,37.24,2298600
SE,20140225,37.50,37.72,37.24,37.35,2889500
SE,20140224,37.73,38.05,37.48,37.52,3621900
SE,20140221,37.67,38.00,37.52,37.64,3082700
SE,20140220,37.16,37.91,37.15,37.73,3010000
SE,20140219,36.94,37.45,36.89,37.12,2830900
SE,20140218,37.05,37.34,37.00,37.04,2433500
SE,20140214,37.06,37.16,36.85,37.05,1962800
SE,20140213,36.80,37.28,36.75,37.07,2579400
SE,20140212,37.39,37.39,36.80,36.88,3673900
SE,20140211,37.00,37.92,36.92,37.73,4900600
SE,20140210,36.59,37.02,36.33,37.02,4256900
SE,20140207,36.78,37.37,36.64,36.79,3248800
SE,20140206,35.74,36.65,35.69,36.55,3762200
SE,20140205,34.90,36.33,34.34,35.81,5654800
SE,20140204,35.70,36.85,35.46,36.60,5655800
SE,20140203,35.93,36.19,35.26,35.34,4206300
SE,20140131,35.85,36.35,35.75,35.95,3986400
SE,20140130,36.00,36.33,35.82,36.21,4211700
SE,20140129,34.84,35.65,34.84,35.22,3001700
SE,20140128,34.60,35.13,34.52,35.12,1889900
SE,20140127,34.69,34.88,34.24,34.52,2547100
SE,20140124,34.84,35.15,34.65,34.65,3393500
SE,20140123,35.10,35.21,34.78,35.10,2624700
SE,20140122,35.50,35.60,35.29,35.30,2592500
SE,20140121,35.23,35.50,35.15,35.36,2892300
SE,20140117,35.20,35.21,34.95,35.09,2912400
SE,20140116,34.66,35.12,34.56,35.08,3346400
SE,20140115,34.70,34.77,34.23,34.52,2812500
SE,20140114,34.61,34.74,34.40,34.67,2607400
SE,20140113,35.19,35.24,34.46,34.56,3094600
SE,20140110,34.97,35.28,34.83,35.19,2742600
SE,20140109,34.92,35.05,34.47,34.76,2803200
SE,20140108,35.13,35.25,34.81,34.90,2906800
SE,20140107,35.43,35.66,35.34,35.49,2471100
SE,20140106,35.21,35.48,35.10,35.35,2571800
SE,20140103,35.22,35.32,35.00,35.18,1754000
SE,20140102,35.49,35.56,34.93,35.16,2580000
SE,20131231,35.32,35.74,35.27,35.62,3303500
SE,20131230,34.97,35.26,34.91,35.15,2149400
SE,20131227,34.71,35.05,34.64,34.92,1411900
SE,20131226,34.44,34.96,34.44,34.83,1551000
SE,20131224,34.46,34.56,34.34,34.47,763100
SE,20131223,34.30,34.76,34.24,34.47,2441900
SE,20131220,33.98,34.30,33.68,34.16,6771300
SE,20131219,33.54,34.05,33.48,33.89,3180600
SE,20131218,33.05,33.63,32.87,33.61,3566900
SE,20131217,33.14,33.25,32.80,33.00,2897600
SE,20131216,33.51,33.51,33.10,33.20,3063300
SE,20131213,33.30,33.51,33.13,33.22,2760800
SE,20131212,33.06,33.44,32.93,33.35,3310900
SE,20131211,33.52,33.53,33.05,33.13,3736300
SE,20131210,33.96,34.16,33.43,33.46,4537400
SE,20131209,34.10,34.42,34.00,34.16,3342600
SE,20131206,33.52,33.99,33.26,33.98,3603600
SE,20131205,33.38,33.41,33.00,33.27,2424500
SE,20131204,33.44,33.61,32.83,33.38,3484800
SE,20131203,33.02,33.83,32.86,33.66,3483100
SE,20131202,33.61,33.65,33.11,33.43,2171400
SE,20131129,33.78,33.82,33.52,33.55,1609000
SE,20131127,33.93,33.93,33.60,33.67,2333800
SE,20131126,34.15,34.15,33.86,33.89,3758500
SE,20131125,34.07,34.15,33.88,34.07,2556200
SE,20131122,33.73,34.26,33.62,34.06,2919700
SE,20131121,33.83,33.83,33.60,33.79,2636200
SE,20131120,34.10,34.12,33.52,33.63,2943600
SE,20131119,34.15,34.27,33.90,33.99,2186100
SE,20131118,34.41,34.44,34.09,34.15,2370500
SE,20131115,34.06,34.35,34.05,34.34,2932000
SE,20131114,34.11,34.56,34.02,34.07,2689100
SE,20131113,34.06,34.14,33.88,34.10,2126900
SE,20131112,34.07,34.35,33.98,34.18,3644800
SE,20131111,34.20,34.22,33.85,34.09,1909800
SE,20131108,33.89,34.12,33.45,34.12,3583500
SE,20131107,34.93,34.99,33.97,34.03,4299500
SE,20131106,34.90,35.24,34.79,34.98,2188900
SE,20131105,35.30,35.51,35.01,35.21,5858800
SE,20131104,35.67,36.01,34.76,35.38,4424900
SE,20131101,35.81,35.81,35.27,35.40,2690800
SE,20131031,35.62,35.82,35.28,35.57,2744600
SE,20131030,35.94,35.95,35.38,35.55,2245400
SE,20131029,35.66,35.95,35.66,35.85,1954800
SE,20131028,35.95,36.16,35.62,35.64,3061300
SE,20131025,35.78,35.99,35.55,35.95,1942700
SE,20131024,35.48,35.79,35.41,35.71,1616500
SE,20131023,35.83,35.95,35.28,35.40,3102800
SE,20131022,35.74,36.14,35.68,36.00,2918400
SE,20131021,35.24,35.60,35.16,35.60,2820000
SE,20131018,35.07,35.35,34.99,35.31,3195600
SE,20131017,34.86,35.05,34.70,35.00,2182000
SE,20131016,34.62,34.99,34.48,34.89,3218500
SE,20131015,34.55,34.65,34.21,34.39,2740800
SE,20131014,34.64,34.71,34.19,34.60,2596900
SE,20131011,34.30,34.93,34.27,34.84,1885800
SE,20131010,34.13,34.45,33.94,34.39,2524800
SE,20131009,34.10,34.17,33.73,33.97,2476500
SE,20131008,34.32,34.57,34.08,34.09,2905600
SE,20131007,34.25,34.39,34.09,34.23,1984700
SE,20131004,34.43,34.69,34.33,34.58,2177100
SE,20131003,34.65,34.74,34.19,34.43,2157400
SE,20131002,34.50,34.98,34.23,34.81,3399400
SE,20131001,34.20,34.69,34.18,34.67,2697000
SE,20130930,34.03,34.33,33.92,34.23,3374600
SE,20130927,34.20,34.25,33.91,34.17,2416500
SE,20130926,34.06,34.46,34.05,34.46,2085500
SE,20130925,34.17,34.27,33.86,34.01,2353300
SE,20130924,34.19,34.33,33.99,34.16,2692600
SE,20130923,33.84,34.30,33.69,34.19,3077800
SE,20130920,34.32,34.32,33.87,34.06,4098400
SE,20130919,34.15,34.47,34.13,34.26,4087200
SE,20130918,33.46,34.33,33.34,34.14,3681100
SE,20130917,33.41,33.48,33.23,33.48,1770400
SE,20130916,34.01,34.01,33.38,33.42,3753900
SE,20130913,33.02,33.70,33.01,33.58,5137800
SE,20130912,33.13,33.27,32.99,33.03,1899800
SE,20130911,33.40,33.41,32.94,33.13,2809400
SE,20130910,33.18,33.42,33.06,33.39,3438700
SE,20130909,32.84,33.17,32.83,33.15,2586800
SE,20130906,32.70,32.95,32.58,32.79,2867400
SE,20130905,32.81,32.87,32.57,32.58,2746200
SE,20130904,32.74,33.07,32.71,32.85,6310500
SE,20130903,33.33,33.36,32.73,32.81,3133100
SE,20130830,33.18,33.30,32.99,33.11,3389400
SE,20130829,33.20,33.38,33.08,33.10,2360000
SE,20130828,33.42,33.61,33.33,33.36,2840900
SE,20130827,33.32,33.59,33.10,33.45,2731900
SE,20130826,33.61,33.84,33.39,33.42,2797000
SE,20130823,33.62,33.77,33.51,33.53,3982300
SE,20130822,33.63,33.70,33.40,33.55,2413700
SE,20130821,33.56,33.70,33.30,33.57,3707600
SE,20130820,33.53,33.75,33.46,33.58,2831900
SE,20130819,33.48,33.68,33.28,33.49,3475900
SE,20130816,33.71,33.71,33.41,33.54,6357400
SE,20130815,34.01,34.01,33.71,33.82,2394300
SE,20130814,34.22,34.38,34.05,34.14,2960600
SE,20130813,34.79,34.80,34.34,34.37,2297800
SE,20130812,34.68,34.94,34.66,34.79,3082900
SE,20130809,35.09,35.26,34.79,34.83,2773300
SE,20130808,35.28,35.41,35.14,35.16,4557200
SE,20130807,35.34,35.34,34.55,35.15,6194000
SE,20130806,36.04,36.40,35.16,35.50,5754000
SE,20130805,35.89,36.13,35.74,36.01,2796600
SE,20130802,36.33,36.35,35.70,35.99,3408500
SE,20130801,36.23,36.48,36.10,36.42,2671400
SE,20130731,36.10,36.24,35.72,35.99,3097300
SE,20130730,36.42,36.53,36.00,36.05,2677600
SE,20130729,36.70,37.11,36.33,36.36,12672300
SE,20130726,36.23,36.82,36.21,36.75,12241400
SE,20130725,35.73,36.48,35.70,36.36,13227200
SE,20130724,36.04,36.17,35.59,35.71,2393200
SE,20130723,36.14,36.47,35.91,35.98,2392200
SE,20130722,36.40,36.41,36.04,36.18,1667800
SE,20130719,36.10,36.37,36.08,36.33,2711000
SE,20130718,35.93,36.18,35.80,36.14,2594700
SE,20130717,35.76,36.04,35.70,35.86,2364400
SE,20130716,35.90,36.00,35.45,35.67,2821700
SE,20130715,35.46,36.00,35.39,35.87,3040400
SE,20130712,35.51,35.62,35.10,35.61,3063300
SE,20130711,35.72,35.82,35.37,35.63,2537400
SE,20130710,35.57,35.63,35.09,35.29,3177600
SE,20130709,35.53,35.79,35.45,35.59,2068300
SE,20130708,35.00,35.52,34.92,35.43,3321500
SE,20130705,34.68,34.96,34.41,34.86,2299000
SE,20130703,34.54,34.60,34.26,34.52,1583200
SE,20130702,34.59,34.75,34.40,34.62,2867400
SE,20130701,34.76,34.94,34.51,34.68,3562400
SE,20130628,34.10,34.69,34.00,34.46,4105200
SE,20130627,34.60,34.79,34.24,34.25,2723900
SE,20130626,34.28,34.54,34.12,34.32,3599900
SE,20130625,33.78,34.15,33.44,34.11,5100300
SE,20130624,33.53,34.01,33.10,33.53,4263100
SE,20130621,33.92,34.03,33.13,33.66,4765000
SE,20130620,34.01,34.01,33.13,33.59,6768500
SE,20130619,34.59,34.75,34.22,34.24,5177500
SE,20130618,34.52,34.75,34.42,34.66,4196800
SE,20130617,34.35,34.83,34.22,34.59,6715400
SE,20130614,33.92,34.43,33.75,34.34,5086800
SE,20130613,33.61,34.15,33.20,34.08,7479200
SE,20130612,33.00,33.96,32.90,33.68,19682100
SE,20130611,30.58,30.71,30.27,30.32,2449100
SE,20130610,30.86,30.87,30.35,30.76,2924300
SE,20130607,30.06,30.65,30.06,30.59,3227600
SE,20130606,29.81,30.04,29.62,29.96,4706200
SE,20130605,30.19,30.25,29.79,29.79,5280000
SE,20130604,30.87,31.06,30.27,30.33,3931100
SE,20130603,30.68,30.94,30.51,30.90,3853800
SE,20130531,30.76,31.06,30.57,30.57,3598800
SE,20130530,30.87,31.14,30.67,30.87,3144600
SE,20130529,31.04,31.04,30.54,30.80,3243500
SE,20130528,31.63,31.67,31.03,31.13,2357600
SE,20130524,31.25,31.40,31.12,31.34,1812400
SE,20130523,31.37,31.49,31.11,31.45,2077600
SE,20130522,31.90,32.02,31.51,31.63,2264500
SE,20130521,31.87,32.05,31.65,31.94,2415400
SE,20130520,31.66,31.84,31.60,31.82,2348400
SE,20130517,31.52,31.83,31.39,31.68,3002500
SE,20130516,31.50,31.59,31.33,31.34,3063700
SE,20130515,31.17,31.56,31.02,31.52,3370400
SE,20130514,31.16,31.35,31.01,31.17,3424900
SE,20130513,30.80,31.15,30.63,31.11,3295100
SE,20130510,30.73,30.85,30.59,30.79,2191400
SE,20130509,30.98,31.00,30.61,30.77,2467900
SE,20130508,30.73,31.08,30.67,30.96,3139800
SE,20130507,31.01,31.17,30.97,31.15,3270300
SE,20130506,30.92,31.13,30.88,30.94,3252900
SE,20130503,31.10,31.25,30.64,30.94,4089200
SE,20130502,30.80,31.00,30.70,30.89,4646700
SE,20130501,31.43,31.52,30.72,30.81,4380800
SE,20130430,31.38,31.53,31.24,31.53,3350300
SE,20130429,31.18,31.43,31.16,31.36,10809800
SE,20130426,31.01,31.30,30.76,31.17,10886100
SE,20130425,31.02,31.43,30.92,30.98,10187400
SE,20130424,30.74,31.19,30.66,30.95,3289500
SE,20130423,30.66,30.79,30.33,30.67,2977800
SE,20130422,30.66,30.73,30.54,30.60,2540800
SE,20130419,30.56,30.70,30.35,30.57,4632800
SE,20130418,30.27,30.53,30.09,30.45,3216000
SE,20130417,30.13,30.15,29.75,29.99,2430700
SE,20130416,29.96,30.36,29.75,30.29,3114100
SE,20130415,30.36,30.48,29.96,29.96,3113200
SE,20130412,30.62,30.65,30.28,30.53,2436800
SE,20130411,30.79,30.83,30.48,30.75,2891100
SE,20130410,30.50,30.89,30.50,30.71,2935400
SE,20130409,30.40,30.65,30.29,30.44,3696600
SE,20130408,29.91,30.32,29.91,30.32,2452400
SE,20130405,29.96,30.08,29.75,29.93,2907700
SE,20130404,30.03,30.40,29.91,30.17,2864500
SE,20130403,30.73,30.75,29.96,30.04,6114500
SE,20130402,30.70,30.94,30.63,30.77,3800100
SE,20130401,30.70,30.75,30.43,30.71,2686900
SE,20130328,30.26,30.94,30.26,30.75,5930800
SE,20130327,29.74,30.39,29.73,30.23,3743200
SE,20130326,29.65,29.99,29.56,29.92,5117200
SE,20130325,29.59,29.82,29.45,29.57,3264100
SE,20130322,29.11,29.50,29.05,29.48,3833500
SE,20130321,28.84,29.22,28.78,29.03,2454000
SE,20130320,28.73,28.92,28.61,28.86,2682300
SE,20130319,28.82,28.87,28.54,28.58,3170300
SE,20130318,28.80,28.88,28.62,28.76,2683800
SE,20130315,28.69,28.97,28.57,28.95,5504500
SE,20130314,28.78,28.91,28.70,28.80,3864100
SE,20130313,28.97,29.02,28.69,28.76,3559000
SE,20130312,29.35,29.46,28.87,28.95,3930900
SE,20130311,29.22,29.36,28.97,29.31,3940300
SE,20130308,28.92,29.28,28.92,29.22,3934700
SE,20130307,28.92,29.13,28.79,28.81,4000700
SE,20130306,29.25,29.30,28.85,28.91,3322700
SE,20130305,29.12,29.28,28.97,29.20,2577800
SE,20130304,28.71,29.03,28.56,29.01,2544100
SE,20130301,28.97,28.98,28.70,28.81,4008300
SE,20130228,29.06,29.18,28.99,29.04,3705100
SE,20130227,28.92,29.15,28.75,28.98,4112700
SE,20130226,29.17,29.25,28.70,29.00,3951000
SE,20130225,29.67,29.89,28.96,28.97,5256700
SE,20130222,29.40,29.60,29.23,29.52,4092300
SE,20130221,29.52,29.52,29.08,29.34,4859400
SE,20130220,29.66,29.85,29.58,29.59,4503300
SE,20130219,29.56,29.82,29.45,29.74,3476900
SE,20130215,29.56,29.69,29.32,29.46,4422800
SE,20130214,29.36,29.60,29.35,29.56,4594900
SE,20130213,29.49,29.62,29.39,29.44,4209600
SE,20130212,29.54,29.94,29.40,29.84,15880800
SE,20130211,29.61,29.70,29.42,29.55,13996200
SE,20130208,29.51,29.65,29.44,29.58,16563600
SE,20130207,29.22,29.62,29.10,29.42,6519300
SE,20130206,28.19,29.34,28.18,29.29,10040400
SE,20130205,28.13,28.34,27.91,28.26,5654100
SE,20130204,28.18,28.27,27.96,27.98,4304500
SE,20130201,27.93,28.32,27.78,28.25,7293100
SE,20130131,27.62,27.83,27.61,27.78,4287400
SE,20130130,27.77,27.96,27.61,27.69,5574600
SE,20130129,27.25,27.73,27.17,27.71,6842300
SE,20130128,27.16,27.26,27.07,27.19,5683000
SE,20130125,27.01,27.18,26.86,27.09,9484100
SE,20130124,27.30,27.52,26.99,27.00,5791600
SE,20130123,27.39,27.47,27.16,27.21,5425400
SE,20130122,27.18,27.55,27.16,27.42,9719900
SE,20130118,27.21,27.30,27.07,27.19,8692700
SE,20130117,27.61,27.62,27.01,27.28,10394600
SE,20130116,27.63,27.98,27.50,27.51,7025100
SE,20130115,27.62,27.72,27.45,27.63,8988400
SE,20130114,27.67,28.00,27.52,27.69,5705300
SE,20130111,27.92,27.96,27.57,27.60,5591000
SE,20130110,27.97,28.00,27.83,27.88,3414400
SE,20130109,27.98,28.06,27.69,27.82,4541300
SE,20130108,28.03,28.18,27.91,27.98,3871700
SE,20130107,28.18,28.25,27.98,28.07,3744300
SE,20130104,28.27,28.40,28.19,28.33,3687700
SE,20130103,28.08,28.35,28.03,28.19,3611600
SE,20130102,27.80,28.06,27.76,28.06,4203100
SE,20121231,26.89,27.40,26.73,27.38,4294200
SE,20121228,26.71,27.22,26.55,26.97,3946600
SE,20121227,27.01,27.14,26.57,26.88,3521400
SE,20121226,27.46,27.50,26.97,27.05,2534100
SE,20121224,27.50,27.59,27.34,27.43,1123300
SE,20121221,27.73,27.81,27.41,27.54,7266900
SE,20121220,27.65,27.85,27.60,27.81,3713300
SE,20121219,27.84,27.84,27.57,27.59,3524400
SE,20121218,27.63,27.88,27.52,27.67,5386700
SE,20121217,27.26,27.68,27.26,27.60,4328000
SE,20121214,27.12,27.43,27.02,27.19,4251600
SE,20121213,27.11,27.24,26.84,27.12,5716900
SE,20121212,26.99,27.25,26.90,27.07,13288700
SE,20121211,26.79,27.34,26.79,27.27,6290000
SE,20121210,27.37,27.64,27.30,27.34,3103000
SE,20121207,27.47,27.56,27.22,27.32,3318800
SE,20121206,27.46,27.62,27.32,27.40,3181600
SE,20121205,27.50,27.60,27.34,27.44,3047100
SE,20121204,27.74,27.80,27.40,27.40,2574800
SE,20121203,28.03,28.08,27.68,27.69,2472600
SE,20121130,27.74,28.04,27.69,27.95,4081900
SE,20121129,28.01,28.09,27.63,27.71,3434600
SE,20121128,27.58,27.98,27.50,27.95,2222100
SE,20121127,27.79,27.92,27.61,27.70,2853200
SE,20121126,27.93,28.05,27.71,27.78,2311900
SE,20121123,27.82,28.13,27.81,28.08,1482200
SE,20121121,27.81,27.90,27.72,27.83,2346100
SE,20121120,27.71,27.81,27.57,27.73,2287800
SE,20121119,27.90,28.07,27.63,27.72,3420800
SE,20121116,26.77,27.69,26.75,27.69,7505800
SE,20121115,27.04,27.19,26.56,26.74,3343600
SE,20121114,27.21,27.30,26.99,27.06,5055600
SE,20121113,27.09,27.45,27.01,27.21,3120200
SE,20121112,27.48,27.49,27.20,27.23,3559100
SE,20121109,27.58,27.70,27.44,27.44,3013100
SE,20121108,27.75,27.90,27.58,27.65,3520900
SE,20121107,28.28,28.28,27.76,27.79,3960800
SE,20121106,28.36,28.71,28.31,28.60,3674400
SE,20121105,28.09,28.35,27.95,28.30,4120800
SE,20121102,28.66,28.66,28.02,28.07,4781600
SE,20121101,28.80,28.87,28.38,28.65,5301200
SE,20121031,29.20,29.21,28.71,28.87,3372700
SE,20121026,29.16,29.20,28.78,29.02,2509200
SE,20121025,29.05,29.24,28.96,29.12,3310500
SE,20121024,29.15,29.39,28.81,28.86,3045800
SE,20121023,29.27,29.32,28.87,29.01,3275700
SE,20121022,29.54,29.71,29.39,29.51,2285900
SE,20121019,29.81,29.97,29.46,29.62,2867300
SE,20121018,30.13,30.17,29.73,29.74,1918600
SE,20121017,29.81,30.17,29.74,30.16,3305200
SE,20121016,29.34,29.76,29.30,29.74,2756700
SE,20121015,29.05,29.24,28.98,29.18,2280100
SE,20121012,29.39,29.48,28.99,29.03,2707500
SE,20121011,29.70,29.79,29.40,29.42,2408800
SE,20121010,29.86,29.91,29.50,29.52,2781400
SE,20121009,29.81,29.96,29.69,29.90,3299900
SE,20121008,29.91,29.98,29.79,29.80,1726200
SE,20121005,30.10,30.22,29.88,29.98,2084600
SE,20121004,29.82,30.11,29.75,29.97,1672100
SE,20121003,29.68,29.74,29.55,29.66,2372900
SE,20121002,29.69,29.84,29.59,29.65,2315700
SE,20121001,29.45,29.80,29.40,29.56,2805400
SE,20120928,29.20,29.40,29.10,29.36,2745600
SE,20120927,29.20,29.31,29.04,29.26,2169600
SE,20120926,29.26,29.41,29.02,29.14,3350900
SE,20120925,29.31,29.54,29.26,29.26,4474600
SE,20120924,28.98,29.33,28.89,29.28,3255100
SE,20120921,29.00,29.12,28.92,29.06,4078300
SE,20120920,28.79,28.95,28.74,28.87,2932300
SE,20120919,28.93,29.05,28.88,28.99,2603700
SE,20120918,28.91,29.05,28.88,28.98,2597800
SE,20120917,28.78,28.99,28.70,28.99,7458600
SE,20120914,28.83,29.10,28.69,28.80,2917100
SE,20120913,28.50,28.86,28.35,28.81,3801600
SE,20120912,28.77,28.80,28.46,28.49,3411300
SE,20120911,28.78,28.97,28.60,28.66,2795300
SE,20120910,29.21,29.21,28.71,28.73,3245500
SE,20120907,28.70,28.98,28.65,28.96,2877700
SE,20120906,28.48,28.68,28.45,28.62,3296600
SE,20120905,28.57,28.63,28.29,28.30,3008800
SE,20120904,28.27,28.49,28.14,28.47,2806500
SE,20120831,28.34,28.41,28.02,28.26,3371400
SE,20120830,28.51,28.62,28.48,28.52,1820900
SE,20120829,28.81,28.82,28.57,28.61,2255300
SE,20120828,28.81,28.92,28.65,28.72,2042500
SE,20120827,28.85,28.97,28.81,28.84,1672400
SE,20120824,28.82,28.90,28.70,28.86,2143200
SE,20120823,29.05,29.05,28.77,28.84,2573800
SE,20120822,29.12,29.18,28.95,29.05,2603100
SE,20120821,29.32,29.39,29.08,29.18,1726900
SE,20120820,29.16,29.32,29.16,29.32,1561500
SE,20120817,29.13,29.18,29.05,29.18,2538100
SE,20120816,29.42,29.58,29.24,29.34,2328200
SE,20120815,29.48,29.60,29.33,29.43,2195700
SE,20120814,29.26,29.53,29.18,29.44,2636400
SE,20120813,29.15,29.29,29.02,29.21,1978300
SE,20120810,28.89,29.34,28.85,29.29,3224100
SE,20120809,28.93,29.20,28.86,28.96,2391100
SE,20120808,29.54,29.54,28.97,29.01,3209000
SE,20120807,29.96,30.02,29.68,29.72,3128900
SE,20120806,29.77,29.97,29.71,29.79,2210100
SE,20120803,29.70,29.88,29.45,29.71,3948500
SE,20120802,28.91,29.92,28.58,29.58,4443400
SE,20120801,30.83,30.98,30.41,30.55,7364500
SE,20120731,30.84,31.00,30.63,30.69,2406700
SE,20120730,30.66,30.98,30.61,30.84,2713800
SE,20120727,30.37,30.70,30.21,30.62,2700000
SE,20120726,30.02,30.27,29.91,30.22,2039200
SE,20120725,29.77,29.83,29.57,29.69,2219700
SE,20120724,30.10,30.26,29.44,29.65,2670500
SE,20120723,30.21,30.23,29.78,30.08,3252400
SE,20120720,30.14,30.42,30.00,30.41,3364300
SE,20120719,30.30,30.42,30.16,30.38,2138300
SE,20120718,29.83,30.36,29.83,30.31,2854700
SE,20120717,29.93,30.00,29.63,29.97,3792600
SE,20120716,29.54,29.96,29.50,29.91,2847200
SE,20120713,29.34,29.69,29.28,29.65,2836200
SE,20120712,28.94,29.34,28.88,29.26,2920300
SE,20120711,28.90,29.23,28.89,29.16,2477200
SE,20120710,29.09,29.24,28.83,28.95,3692000
SE,20120709,29.07,29.10,28.85,29.00,2384100
SE,20120706,28.95,29.17,28.80,29.13,2700400
SE,20120705,29.02,29.30,28.80,29.17,3683400
SE,20120703,29.19,29.34,28.99,29.15,2204200
SE,20120702,29.16,29.34,28.96,29.10,4389700
SE,20120629,29.25,29.40,28.91,29.06,3966800
SE,20120628,28.22,28.85,28.16,28.84,5392900
SE,20120627,27.85,28.24,27.85,28.22,2875700
SE,20120626,27.83,28.00,27.67,27.80,3391900
SE,20120625,27.83,27.87,27.59,27.83,3661200
SE,20120622,27.60,28.12,27.51,27.95,11122700
SE,20120621,27.94,28.05,27.42,27.47,6434200
SE,20120620,28.00,28.05,27.65,27.88,3276500
SE,20120619,27.86,28.10,27.81,28.02,4185700
SE,20120618,27.91,27.99,27.67,27.71,3100300
SE,20120615,28.01,28.02,27.70,28.01,4574400
SE,20120614,27.59,27.84,27.45,27.71,3607600
SE,20120613,27.77,27.84,27.36,27.52,3599100
SE,20120612,27.89,28.05,27.77,27.91,4861700
SE,20120611,28.17,28.18,27.70,27.78,5318600
SE,20120608,28.15,28.25,27.77,27.81,4301100
SE,20120607,28.46,28.54,28.18,28.27,3095300
SE,20120606,28.07,28.29,28.00,28.18,6515900
SE,20120605,27.68,27.96,27.55,27.88,3093600
SE,20120604,27.97,28.06,27.60,27.74,3531600
SE,20120601,28.23,28.39,27.85,27.88,3445800
SE,20120531,28.69,28.87,28.23,28.71,4735300
SE,20120530,29.05,29.22,28.66,28.66,4251500
SE,20120529,29.01,29.29,28.92,29.19,2522000
SE,20120525,28.81,29.10,28.81,28.89,2279100
SE,20120524,28.81,29.12,28.60,28.84,3299700
SE,20120523,28.76,28.80,28.38,28.69,3777300
SE,20120522,29.00,29.28,28.85,28.99,3658700
SE,20120521,28.36,28.84,28.29,28.82,2594200
SE,20120518,28.35,28.92,28.23,28.34,4812100
SE,20120517,28.86,28.93,28.31,28.32,5193200
SE,20120516,29.34,29.44,28.82,28.88,5313500
SE,20120515,29.50,29.69,29.22,29.29,2594900
SE,20120514,29.96,30.00,29.55,29.57,2503200
SE,20120511,30.01,30.41,29.96,30.21,3010600
SE,20120510,30.01,30.35,29.94,30.12,2856100
SE,20120509,29.70,30.05,29.29,29.82,4627700
SE,20120508,30.20,30.40,29.78,30.36,4445000
SE,20120507,30.14,30.54,30.02,30.40,2832700
SE,20120504,30.18,30.71,30.00,30.31,4228500
SE,20120503,31.28,31.38,30.65,30.65,4823800
SE,20120502,31.38,31.45,31.05,31.43,4777500
SE,20120501,30.69,31.57,30.64,31.51,4754700
SE,20120430,30.53,30.77,30.47,30.74,3809700
SE,20120427,30.56,30.63,30.36,30.54,2586800
SE,20120426,30.02,30.58,30.02,30.49,3333200
SE,20120425,30.21,30.25,29.98,30.04,3518000
SE,20120424,29.90,30.09,29.87,30.06,3224900
SE,20120423,30.14,30.18,29.77,29.83,3347600
SE,20120420,30.45,30.58,30.23,30.26,3606200
SE,20120419,30.37,30.51,30.19,30.38,2765600
SE,20120418,30.31,30.53,30.28,30.45,2718000
SE,20120417,30.25,30.48,30.13,30.45,3097400
SE,20120416,30.44,30.50,29.85,30.02,6322800
SE,20120413,30.33,30.63,30.32,30.33,2624100
SE,20120412,30.13,30.51,30.13,30.45,2795500
SE,20120411,30.37,30.43,30.16,30.17,2788600
SE,20120410,31.09,31.20,30.15,30.16,4330000
SE,20120409,31.16,31.28,30.92,31.17,2012600
SE,20120405,31.26,31.56,31.25,31.37,1640000
SE,20120404,31.26,31.52,31.10,31.39,2688600
SE,20120403,31.51,31.59,31.19,31.39,2668600
SE,20120402,31.55,31.79,31.39,31.57,3616800
SE,20120330,31.65,31.75,31.42,31.55,2732100
SE,20120329,31.45,31.63,31.12,31.54,1786900
SE,20120328,31.86,31.90,31.47,31.61,1990100
SE,20120327,31.76,31.97,31.72,31.92,2471300
SE,20120326,31.79,32.22,31.71,31.75,2563900
SE,20120323,31.75,31.86,31.61,31.64,3399400
SE,20120322,31.73,31.87,31.60,31.74,2152000
SE,20120321,31.89,31.94,31.72,31.89,1769600
SE,20120320,31.96,32.00,31.78,31.92,2018600
SE,20120319,32.10,32.27,31.96,32.15,1744800
SE,20120316,32.12,32.26,32.00,32.06,3511500
SE,20120315,32.00,32.10,31.76,32.09,2486400
SE,20120314,31.93,32.10,31.75,31.95,2388300
SE,20120313,32.18,32.18,31.74,31.97,2933900
SE,20120312,31.77,32.15,31.72,32.05,2906700
SE,20120309,31.71,31.83,31.46,31.55,2869300
SE,20120308,31.30,31.72,31.24,31.68,2397300
SE,20120307,31.00,31.28,30.93,30.97,3633500
SE,20120306,31.00,31.12,30.83,31.00,3674800
SE,20120305,31.39,31.46,31.04,31.22,2261300
SE,20120302,31.44,31.64,31.30,31.47,2502400
SE,20120301,31.44,31.62,31.32,31.50,2512700
SE,20120229,31.26,31.57,31.20,31.38,3093500
SE,20120228,31.59,31.67,31.17,31.24,2897000
SE,20120227,31.62,31.72,31.47,31.55,1882000
SE,20120224,31.59,31.87,31.48,31.73,5828300
SE,20120223,31.32,31.76,31.26,31.56,2508600
SE,20120222,31.14,31.38,31.04,31.31,2189800
SE,20120221,31.09,31.33,30.97,31.16,2835600
SE,20120217,30.88,31.06,30.82,30.95,2622700
SE,20120216,30.67,30.94,30.66,30.74,2551600
SE,20120215,30.99,31.09,30.49,30.63,4257100
SE,20120214,31.04,31.10,30.77,30.99,2483200
SE,20120213,31.00,31.06,30.81,30.98,1886100
SE,20120210,30.90,30.94,30.64,30.78,2474800
SE,20120209,31.10,31.24,31.03,31.10,3201500
SE,20120208,31.07,31.14,30.83,31.01,3143300
SE,20120207,30.48,31.39,30.48,31.32,3677300
SE,20120206,30.48,30.83,30.48,30.75,2957800
SE,20120203,30.97,31.01,30.25,30.56,6988400
SE,20120202,31.60,31.77,30.87,30.87,5126400
SE,20120201,31.69,31.91,31.49,31.51,3526600
SE,20120131,31.87,31.89,31.27,31.49,3179100
SE,20120130,31.45,31.74,31.27,31.74,3163100
SE,20120127,31.73,31.82,31.43,31.63,7465900
SE,20120126,31.85,31.98,31.63,31.80,8451900
SE,20120125,31.40,31.72,31.12,31.65,2650800
SE,20120124,31.47,31.70,31.38,31.49,2474200
SE,20120123,31.53,31.89,31.46,31.74,1886800
SE,20120120,31.39,31.55,31.16,31.55,2371500
SE,20120119,31.33,31.47,31.16,31.41,2680800
SE,20120118,31.35,31.40,31.23,31.28,2960300
SE,20120117,31.30,31.61,31.11,31.31,3799000
SE,20120113,30.48,31.10,30.46,31.03,2693000
SE,20120112,30.49,30.86,30.48,30.69,2743700
SE,20120111,30.49,30.71,30.43,30.46,3640600
SE,20120110,30.80,30.91,30.53,30.60,2507100
SE,20120109,30.41,30.52,30.35,30.51,6194800
SE,20120106,30.89,30.89,30.36,30.45,3117300
SE,20120105,30.76,30.91,30.53,30.79,3610300
SE,20120104,30.38,30.87,30.37,30.81,3088800
SE,20120103,30.17,31.11,30.17,30.40,4642800
SE,20111230,30.75,30.90,30.69,30.75,1653100
SE,20111229,30.78,30.87,30.64,30.85,1943300
SE,20111228,31.08,31.33,30.68,30.76,1974900
SE,20111227,30.81,31.09,30.77,30.98,1581900
SE,20111223,30.62,31.00,30.59,30.87,2661200
SE,20111222,30.45,30.60,30.36,30.49,2603700
SE,20111221,30.09,30.53,30.00,30.50,3318000
SE,20111220,29.68,30.11,29.65,30.03,3469400
SE,20111219,29.62,29.62,29.12,29.19,2434500
SE,20111216,29.25,29.50,29.23,29.41,4244000
SE,20111215,29.26,29.30,28.94,29.09,2298200
SE,20111214,29.18,29.34,28.85,28.98,2718900
SE,20111213,29.38,29.83,29.28,29.39,4080700
SE,20111212,29.49,29.49,28.98,29.22,3183400
SE,20111209,29.33,29.61,29.17,29.52,3201100
SE,20111208,29.43,29.49,28.98,29.12,4029000
SE,20111207,29.52,29.74,29.29,29.58,3340900
SE,20111206,29.74,29.87,29.59,29.64,2384400
SE,20111205,30.04,30.04,29.56,29.71,2673300
SE,20111202,29.49,29.96,29.44,29.77,3322200
SE,20111201,29.38,29.47,29.25,29.39,4295600
SE,20111130,29.57,29.83,29.00,29.42,6949600
SE,20111129,28.80,28.99,28.63,28.83,2630000
SE,20111128,28.84,28.89,28.49,28.67,3278500
SE,20111125,28.05,28.43,28.00,28.23,1926800
SE,20111123,28.03,28.29,27.95,28.04,3806900
SE,20111122,28.31,28.53,28.15,28.36,4051900
SE,20111121,28.35,28.42,28.00,28.28,3034400
SE,20111118,28.57,28.97,28.56,28.82,4576100
SE,20111117,28.36,28.70,28.18,28.34,4976100
SE,20111116,28.86,28.89,28.43,28.45,7001900
SE,20111115,28.80,29.15,28.75,29.04,4158100
SE,20111114,29.07,29.20,28.74,28.93,7829300
SE,20111111,29.35,29.46,29.09,29.27,4358900
SE,20111110,29.14,29.34,28.94,29.04,5278000
SE,20111109,28.97,29.47,28.82,28.87,5322100
SE,20111108,29.01,29.73,28.88,29.67,5087600
SE,20111107,29.40,29.73,28.92,29.41,3205500
SE,20111104,28.70,29.40,28.52,29.33,4404800
SE,20111103,29.02,29.13,28.51,28.99,3263500
SE,20111102,28.37,28.80,28.25,28.69,3839000
SE,20111101,27.81,28.23,27.53,27.86,4665600
SE,20111031,28.96,29.07,28.61,28.63,3585400
SE,20111028,29.35,29.43,29.03,29.17,3935500
SE,20111027,29.06,29.75,29.05,29.46,6106900
SE,20111026,28.50,28.86,27.95,28.78,4325700
SE,20111025,28.40,28.50,27.98,28.15,3219200
SE,20111024,28.25,28.58,28.12,28.55,4175400
SE,20111021,27.99,28.26,27.82,28.26,3415400
SE,20111020,27.65,27.84,27.36,27.70,4163300
SE,20111019,27.50,28.12,27.43,27.62,4611900
SE,20111018,26.76,27.84,26.55,27.65,5475700
SE,20111017,26.78,27.15,26.75,26.83,5729200
SE,20111014,26.24,26.64,26.14,26.63,2750200
SE,20111013,25.63,26.16,25.60,26.09,2789800
SE,20111012,26.05,26.16,25.80,25.86,4331400
SE,20111011,25.87,26.09,25.80,25.94,2786100
SE,20111010,25.76,26.10,25.68,26.10,3152200
SE,20111007,25.72,25.73,25.17,25.33,3913000
SE,20111006,24.92,25.51,24.86,25.51,4079300
SE,20111005,24.77,25.09,24.32,24.99,4232200
SE,20111004,23.77,24.68,23.17,24.67,7200000
SE,20111003,24.44,24.96,24.13,24.13,5706300
SE,20110930,24.78,25.06,24.53,24.53,4145100
SE,20110929,25.10,25.16,24.73,25.09,8745900
SE,20110928,25.40,25.40,24.56,24.60,4733700
SE,20110927,25.67,25.97,25.26,25.40,4655800
SE,20110926,24.56,25.07,24.11,25.05,7617000
SE,20110923,24.45,24.79,24.24,24.41,4398100
SE,20110922,24.48,24.69,24.08,24.60,8791900
SE,20110921,25.84,26.09,25.11,25.11,4424900
SE,20110920,26.08,26.29,25.84,25.88,3460800
SE,20110919,25.49,26.07,25.49,25.94,3312100
SE,20110916,26.06,26.30,25.83,26.00,4838400
SE,20110915,25.81,25.98,25.62,25.95,3464400
SE,20110914,25.24,25.77,24.95,25.52,4488100
SE,20110913,25.33,25.35,24.90,25.14,4335600
SE,20110912,24.68,25.23,24.66,25.20,6444700
SE,20110909,24.97,25.03,24.71,24.88,6165300
SE,20110908,25.29,25.63,25.11,25.27,3758400
SE,20110907,25.19,25.52,25.13,25.52,3896700
SE,20110906,24.68,24.93,24.47,24.88,4006100
SE,20110902,25.41,25.66,25.26,25.44,3598700
SE,20110901,26.00,26.17,25.87,25.92,5303100
SE,20110831,26.01,26.11,25.69,25.97,4986900
SE,20110830,25.72,25.93,25.49,25.79,5158800
SE,20110829,25.69,25.93,25.58,25.90,2506700
SE,20110826,24.93,25.54,24.58,25.35,3752800
SE,20110825,25.64,25.91,24.95,25.08,4577200
SE,20110824,24.74,25.55,24.70,25.53,4071100
SE,20110823,24.03,24.86,23.83,24.86,4614000
SE,20110822,24.56,24.62,23.73,23.89,3746400
SE,20110819,23.96,24.51,23.90,24.05,4959200
SE,20110818,24.65,24.75,24.04,24.26,5848800
SE,20110817,25.30,25.67,25.14,25.29,2361800
SE,20110816,25.01,25.27,24.76,25.11,3279300
SE,20110815,24.81,25.35,24.78,25.32,3081300
SE,20110812,24.68,25.14,24.40,24.54,4588800
SE,20110811,23.69,24.80,23.55,24.49,6323500
SE,20110810,23.74,24.36,23.46,23.48,11384500
SE,20110809,23.29,24.35,22.80,24.31,14053500
SE,20110808,24.18,24.51,22.86,23.14,8867200
SE,20110805,25.39,25.56,23.85,24.84,8772100
SE,20110804,25.94,26.04,25.02,25.10,6046200
SE,20110803,26.46,26.79,25.79,26.31,4836500
SE,20110802,26.94,27.10,26.45,26.45,5298400
SE,20110801,27.31,27.39,26.82,27.13,3315200
SE,20110729,26.76,27.27,26.62,27.02,5300800
SE,20110728,27.14,27.47,27.07,27.07,4933000
SE,20110727,27.05,27.28,26.95,27.16,4302500
SE,20110726,27.38,27.45,27.13,27.19,1971300
SE,20110725,27.36,27.65,27.32,27.41,1745500
SE,20110722,27.71,27.80,27.51,27.65,1632000
SE,20110721,27.45,27.74,27.40,27.68,2955200
SE,20110720,27.41,27.41,27.14,27.23,1925800
SE,20110719,27.23,27.49,27.05,27.35,2270800
SE,20110718,27.29,27.31,27.01,27.13,2502100
SE,20110715,27.20,27.45,27.11,27.43,3164700
SE,20110714,26.97,27.24,26.90,26.92,2930300
SE,20110713,27.05,27.32,26.84,26.92,3029300
SE,20110712,27.00,27.31,26.93,26.99,2937500
SE,20110711,27.34,27.51,27.08,27.14,2070800
SE,20110708,27.63,27.75,27.49,27.66,2023900
SE,20110707,27.97,28.00,27.79,27.93,1932800
SE,20110706,27.69,27.83,27.60,27.74,1938300
SE,20110705,27.80,27.97,27.72,27.77,2680700
SE,20110701,27.43,27.82,27.21,27.80,2559400
SE,20110630,27.28,27.42,27.07,27.41,2693500
SE,20110629,26.97,27.33,26.94,27.16,2711800
SE,20110628,26.68,27.00,26.65,26.98,3008400
SE,20110627,26.34,26.78,26.25,26.59,2354000
SE,20110624,26.80,26.82,26.42,26.45,3559900
SE,20110623,26.64,26.78,26.17,26.75,4015400
SE,20110622,27.12,27.28,27.00,27.02,3009000
SE,20110621,26.94,27.37,26.93,27.26,3176800
SE,20110620,26.53,26.88,26.53,26.84,5038300
SE,20110617,26.75,26.88,26.50,26.63,5075700
SE,20110616,26.58,26.78,26.34,26.50,5023500
SE,20110615,27.08,27.08,26.34,26.54,4443000
SE,20110614,27.08,27.32,27.01,27.22,2954500
SE,20110613,27.06,27.16,26.66,26.76,3532700
SE,20110610,27.05,27.10,26.87,26.92,3126300
SE,20110609,26.98,27.28,26.83,27.16,2607600
SE,20110608,26.99,27.04,26.74,26.90,3516700
SE,20110607,26.93,27.28,26.78,26.96,4984900
SE,20110606,27.22,27.36,26.65,26.71,2785000
SE,20110603,26.90,27.35,26.81,27.13,2656500
SE,20110602,27.26,27.40,26.95,27.27,3756200
SE,20110601,27.48,27.58,27.15,27.19,3645000
SE,20110531,27.42,27.63,27.28,27.59,3007000
SE,20110527,27.33,27.59,27.19,27.25,2388100
SE,20110526,27.30,27.40,26.94,27.33,2118400
SE,20110525,26.79,27.42,26.79,27.33,2230100
SE,20110524,27.24,27.36,27.01,27.07,3127200
SE,20110523,27.10,27.23,26.87,27.09,2362000
SE,20110520,27.54,27.63,27.07,27.39,2998400
SE,20110519,27.53,27.69,27.26,27.54,2802900
SE,20110518,27.03,27.50,27.03,27.34,3921900
SE,20110517,26.94,27.12,26.65,26.93,5045800
SE,20110516,27.23,27.47,27.02,27.06,2839400
SE,20110513,27.55,27.82,27.04,27.28,3232100
SE,20110512,27.56,27.67,27.17,27.50,3578200
SE,20110511,28.32,28.34,27.43,27.58,3503800
SE,20110510,28.43,28.79,28.35,28.68,2163500
SE,20110509,28.17,28.44,28.02,28.40,2340600
SE,20110506,27.90,28.41,27.75,28.07,3903000
SE,20110505,27.95,28.02,27.37,27.63,4329400
SE,20110504,28.00,28.30,27.55,28.13,7243700
SE,20110503,28.55,28.63,27.78,28.03,4752400
SE,20110502,29.24,29.24,28.48,28.71,4699800
SE,20110429,28.86,29.15,28.78,29.04,2950100
SE,20110428,28.75,28.97,28.63,28.80,3001300
SE,20110427,28.55,28.92,28.20,28.79,4441600
SE,20110426,28.20,28.55,28.12,28.39,3700000
SE,20110425,28.02,28.09,27.81,28.07,1742300
SE,20110421,27.98,28.03,27.81,28.00,2776900
SE,20110420,27.35,27.93,27.27,27.90,3706700
SE,20110419,27.01,27.15,26.90,27.05,3291100
SE,20110418,27.18,27.18,26.88,27.01,3221100
SE,20110415,27.17,27.52,27.05,27.48,4756700
SE,20110414,26.84,27.20,26.76,27.11,2508500
SE,20110413,27.03,27.18,26.77,26.96,3976000
SE,20110412,27.10,27.11,26.71,26.87,3416200
SE,20110411,27.23,27.45,27.04,27.19,4015800
SE,20110408,27.09,27.24,26.97,27.16,2468800
SE,20110407,27.08,27.18,26.85,27.00,3373200
SE,20110406,27.39,27.42,27.01,27.10,3043900
SE,20110405,27.26,27.45,27.19,27.32,2856800
SE,20110404,27.42,27.49,27.25,27.31,2235700
SE,20110401,27.53,27.58,27.28,27.39,2328500
SE,20110331,27.18,27.50,27.16,27.18,2924700
SE,20110330,27.14,27.34,27.00,27.27,2186700
SE,20110329,26.82,26.97,26.64,26.94,2770600
SE,20110328,27.21,27.33,26.84,26.86,2135500
SE,20110325,26.81,27.13,26.76,27.09,2302600
SE,20110324,26.76,26.76,26.40,26.73,1695100
SE,20110323,26.49,26.61,26.35,26.58,2248500
SE,20110322,26.53,26.58,26.39,26.51,2641900
SE,20110321,26.33,26.64,26.16,26.57,2235300
SE,20110318,26.26,26.29,25.93,26.01,3237800
SE,20110317,25.91,26.08,25.74,26.00,3217400
SE,20110316,25.83,25.97,25.16,25.48,4731400
SE,20110315,25.62,26.02,25.37,25.85,4141500
SE,20110314,26.18,26.38,26.05,26.34,5521100
SE,20110311,25.76,26.34,25.76,26.22,2731500
SE,20110310,26.66,26.68,26.00,26.04,4342800
SE,20110309,26.91,27.24,26.85,26.92,2405900
SE,20110308,26.99,27.12,26.77,27.02,2726300
SE,20110307,26.97,27.24,26.78,26.98,3729300
SE,20110304,26.85,26.99,26.72,26.96,3637700
SE,20110303,26.57,26.92,26.53,26.84,2931100
SE,20110302,26.38,26.52,26.13,26.40,3704700
SE,20110301,26.83,26.87,26.27,26.40,4399700
SE,20110228,26.43,26.75,26.31,26.75,3066800
SE,20110225,26.18,26.36,26.11,26.36,2270900
SE,20110224,26.04,26.20,25.82,26.10,4574700
SE,20110223,25.98,26.26,25.93,26.09,3581500
SE,20110222,26.01,26.30,25.80,25.92,4470800
SE,20110218,26.48,26.54,26.23,26.25,3297300
SE,20110217,26.16,26.57,26.16,26.46,3764800
SE,20110216,25.99,26.33,25.99,26.20,2220800
SE,20110215,25.88,26.03,25.66,25.94,2199800
SE,20110214,25.86,26.05,25.77,25.94,2722000
SE,20110211,25.75,25.95,25.60,25.85,3103300
SE,20110210,25.79,25.92,25.51,25.76,3925900
SE,20110209,26.19,26.19,25.82,25.89,2656100
SE,20110208,26.41,26.51,26.14,26.34,2210500
SE,20110207,26.29,26.56,26.20,26.32,3241800
SE,20110204,26.52,26.52,26.01,26.19,4045400
SE,20110203,26.36,26.53,26.06,26.19,4515300
SE,20110202,26.25,26.48,26.21,26.33,1939300
SE,20110201,26.31,26.47,26.25,26.41,2368100
SE,20110131,25.88,26.25,25.85,26.23,2686100
SE,20110128,26.10,26.19,25.66,25.70,2587800
SE,20110127,25.92,26.30,25.82,26.05,3042100
SE,20110126,25.66,26.00,25.55,25.93,3295500
SE,20110125,25.73,25.87,25.38,25.59,2423300
SE,20110124,25.46,25.84,25.45,25.77,4959600
SE,20110121,25.51,25.60,25.40,25.48,3822200
SE,20110120,25.12,25.39,24.93,25.31,3654000
SE,20110119,25.51,25.61,25.01,25.12,2730800
SE,20110118,25.00,25.25,25.00,25.12,1654300
SE,20110114,24.78,25.07,24.67,25.01,2410500
SE,20110113,25.25,25.37,24.73,24.81,3726000
SE,20110112,25.25,25.38,25.12,25.22,2427000
SE,20110111,24.70,25.14,24.62,25.12,3355000
SE,20110110,24.77,24.77,24.44,24.72,2934500
SE,20110107,24.91,24.99,24.68,24.96,2531600
SE,20110106,25.31,25.34,24.81,24.86,3544100
SE,20110105,25.16,25.29,24.92,25.28,2435100
SE,20110104,25.13,25.21,24.83,25.21,3538900
SE,20110103,25.20,25.25,25.00,25.04,2340600
SE,20101231,24.91,25.12,24.84,24.99,1656100
SE,20101230,25.28,25.45,24.97,24.99,2397800
SE,20101229,25.22,25.34,25.19,25.26,1471400
SE,20101228,25.18,25.24,25.07,25.22,1263300
SE,20101227,25.02,25.19,24.91,25.11,1241100
SE,20101223,25.12,25.17,24.97,25.07,1449900
SE,20101222,25.00,25.17,24.93,25.12,1867300
SE,20101221,24.84,24.99,24.78,24.94,1759000
SE,20101220,24.50,24.82,24.32,24.77,2880000
SE,20101217,24.42,24.50,24.34,24.40,4583700
SE,20101216,24.53,24.60,24.29,24.48,3187300
SE,20101215,24.82,24.87,24.42,24.48,3177800
SE,20101214,25.06,25.11,24.76,24.83,2998200
SE,20101213,24.90,25.13,24.67,24.97,2704500
SE,20101210,24.50,24.64,24.49,24.53,2004800
SE,20101209,24.69,24.76,24.38,24.46,2328600
SE,20101208,24.69,24.69,24.36,24.58,2218700
SE,20101207,24.78,24.88,24.48,24.52,2472900
SE,20101206,24.73,24.83,24.58,24.59,2141600
SE,20101203,24.73,24.80,24.50,24.70,5432800
SE,20101202,24.43,24.81,24.40,24.76,2725100
SE,20101201,24.17,24.62,24.13,24.44,2844000
SE,20101130,23.62,23.94,23.55,23.77,2983000
SE,20101129,23.71,23.91,23.48,23.85,2659400
SE,20101126,23.82,24.06,23.74,23.84,1036800
SE,20101124,23.95,24.07,23.85,24.04,1829000
SE,20101123,23.85,23.87,23.50,23.71,2264500
SE,20101122,23.99,24.12,23.68,24.12,2155400
SE,20101119,23.99,24.05,23.70,24.05,2529700
SE,20101118,23.94,24.17,23.84,23.99,2791000
SE,20101117,23.71,23.92,23.56,23.71,2497800
SE,20101116,24.10,24.11,23.51,23.70,3592500
SE,20101115,24.19,24.48,24.16,24.25,2016200
SE,20101112,24.27,24.36,23.98,24.11,2076500
SE,20101111,24.30,24.48,24.20,24.48,2476100
SE,20101110,24.41,24.49,24.12,24.49,2268900
SE,20101109,24.40,24.75,24.30,24.42,2684900
SE,20101108,24.55,24.69,24.33,24.54,2799700
SE,20101105,24.65,24.77,24.47,24.70,2516900
SE,20101104,24.26,24.66,24.22,24.63,2829200
SE,20101103,23.95,24.02,23.63,23.99,3268400
SE,20101102,24.00,24.19,23.90,24.16,2295200
SE,20101101,23.96,23.99,23.64,23.79,1721000
SE,20101029,23.63,23.83,23.48,23.77,2491500
SE,20101028,23.78,23.80,23.50,23.64,2351100
SE,20101027,23.58,23.76,23.39,23.59,3248300
SE,20101026,23.72,23.83,23.55,23.74,2522000
SE,20101025,23.94,24.00,23.71,23.74,2739100
SE,20101022,23.61,23.79,23.57,23.78,2360000
SE,20101021,23.51,23.83,23.36,23.53,2371600
SE,20101020,23.36,23.67,23.36,23.46,2833500
SE,20101019,23.46,23.70,23.19,23.34,3166800
SE,20101018,23.65,23.86,23.47,23.82,4859200
SE,20101015,23.74,23.78,23.42,23.60,2628000
SE,20101014,23.65,23.70,23.30,23.51,2161100
SE,20101013,23.56,23.86,23.48,23.63,3744200
SE,20101012,23.32,23.44,23.13,23.39,1671800
SE,20101011,23.48,23.63,23.35,23.42,1622100
SE,20101008,23.26,23.50,23.11,23.45,1921800
SE,20101007,23.21,23.30,23.00,23.17,2201700
SE,20101006,23.14,23.23,22.95,23.07,2527600
SE,20101005,22.72,23.15,22.68,23.13,3960300
SE,20101004,22.78,22.79,22.37,22.53,2624500
SE,20101001,22.76,22.86,22.45,22.80,3045400
SE,20100930,22.61,22.81,22.33,22.55,3240200
SE,20100929,22.50,22.63,22.32,22.50,2899800
SE,20100928,22.18,22.55,22.02,22.51,3114900
SE,20100927,22.32,22.32,22.04,22.07,2659300
SE,20100924,21.86,22.41,21.83,22.26,3117100
SE,20100923,21.76,21.91,21.58,21.63,2203200
SE,20100922,22.08,22.24,21.85,21.87,3002700
SE,20100921,22.10,22.18,21.82,22.05,2840700
SE,20100920,21.70,22.10,21.57,22.06,2484800
SE,20100917,21.81,21.94,21.55,21.59,3467300
SE,20100916,21.74,21.77,21.55,21.74,2837800
SE,20100915,21.81,21.95,21.61,21.91,2845900
SE,20100914,21.93,22.00,21.70,21.88,2887500
SE,20100913,21.73,22.04,21.66,21.91,3850400
SE,20100910,21.20,21.57,21.20,21.50,2927800
SE,20100909,21.46,21.50,21.18,21.19,2868600
SE,20100908,21.20,21.42,21.19,21.29,2256700
SE,20100907,21.40,21.47,21.17,21.21,1839300
SE,20100903,21.41,21.61,21.37,21.54,2136800
SE,20100902,21.11,21.33,20.97,21.32,2549400
SE,20100901,20.57,21.12,20.57,21.10,4795400
SE,20100831,20.48,20.63,20.19,20.34,6238300
SE,20100830,20.94,20.97,20.49,20.50,2992700
SE,20100827,20.73,21.00,20.45,20.98,4037200
SE,20100826,20.98,21.11,20.50,20.63,3316600
SE,20100825,20.70,20.97,20.60,20.91,4105000
SE,20100824,20.83,21.03,20.69,20.76,3571100
SE,20100823,21.07,21.21,20.95,21.05,6434800
SE,20100820,20.86,21.05,20.77,20.98,2861300
SE,20100819,21.36,21.37,20.90,21.04,2922100
SE,20100818,21.61,21.61,21.20,21.39,3267500
SE,20100817,21.25,21.68,21.16,21.62,3356300
SE,20100816,21.22,21.22,20.91,21.06,2901900
SE,20100813,20.90,21.34,20.78,21.27,3765500
SE,20100812,20.70,21.04,20.65,20.92,2784400
SE,20100811,21.34,21.34,20.92,20.95,3129300
SE,20100810,21.77,21.89,21.47,21.81,4547500
SE,20100809,22.07,22.11,21.93,21.96,2370800
SE,20100806,21.64,22.00,21.59,21.93,4457800
SE,20100805,21.42,21.83,21.20,21.79,3768900
SE,20100804,21.33,21.58,21.20,21.52,4176700
SE,20100803,21.22,21.40,21.05,21.24,2876800
SE,20100802,21.17,21.31,21.04,21.29,3652300
SE,20100730,20.44,20.84,20.40,20.79,6192900
SE,20100729,21.28,21.36,20.56,20.69,6961000
SE,20100728,21.55,21.59,21.09,21.12,4934100
SE,20100727,21.55,21.65,21.35,21.45,2976500
SE,20100726,21.16,21.53,21.16,21.49,2686700
SE,20100723,21.24,21.30,21.03,21.23,3550300
SE,20100722,21.07,21.36,21.06,21.22,3138800
SE,20100721,21.28,21.34,20.65,20.83,4226600
SE,20100720,20.69,21.25,20.56,21.22,4401700
SE,20100719,20.91,21.09,20.73,20.91,2389900
SE,20100716,21.11,21.15,20.73,20.83,3413900
SE,20100715,21.24,21.30,20.95,21.21,3785900
SE,20100714,21.35,21.44,21.10,21.22,4264300
SE,20100713,21.66,21.76,21.43,21.47,3192500
SE,20100712,21.24,21.76,21.19,21.46,2940600
SE,20100709,21.27,21.36,21.11,21.32,1731300
SE,20100708,21.10,21.31,20.94,21.23,2290000
SE,20100707,20.35,20.92,20.35,20.92,4200500
SE,20100706,20.48,20.60,20.11,20.35,7003400
SE,20100702,20.31,20.59,20.12,20.18,3049600
SE,20100701,20.10,20.30,19.67,20.24,5928300
SE,20100630,20.25,20.51,20.00,20.07,3451600
SE,20100629,20.57,20.68,20.12,20.25,4870000
SE,20100628,20.90,20.94,20.64,20.83,3552400
SE,20100625,20.79,21.04,20.62,20.91,4506700
SE,20100624,20.79,21.11,20.66,20.76,2900300
SE,20100623,21.18,21.24,20.77,21.02,3520800
SE,20100622,21.72,21.75,21.11,21.23,3693600
SE,20100621,21.96,22.12,21.48,21.60,3021300
SE,20100618,21.53,21.77,21.38,21.69,4276900
SE,20100617,21.90,21.90,21.20,21.49,2725300
SE,20100616,21.23,21.45,21.14,21.32,2475000
SE,20100615,20.90,21.38,20.89,21.38,2963900
SE,20100614,20.92,21.09,20.59,20.68,3590400
SE,20100611,20.20,20.63,20.20,20.62,2511400
SE,20100610,20.10,20.57,20.10,20.55,4341200
SE,20100609,19.93,20.24,19.63,19.74,3686700
SE,20100608,19.31,19.79,19.09,19.75,4203700
SE,20100607,19.51,19.69,19.23,19.23,4271200
SE,20100604,19.81,19.94,19.27,19.43,4452700
SE,20100603,19.81,20.16,19.74,20.11,4358800
SE,20100602,19.36,19.85,19.15,19.85,3549600
SE,20100601,19.82,19.96,19.20,19.20,4409300
SE,20100528,20.23,20.32,19.88,20.01,4409600
SE,20100527,19.82,20.25,19.79,20.23,3554700
SE,20100526,19.47,19.80,19.41,19.47,5729900
SE,20100525,18.90,19.31,18.63,19.30,5810800
SE,20100524,19.62,19.69,19.34,19.34,4488300
SE,20100521,18.66,19.73,18.57,19.68,6330000
SE,20100520,19.74,20.02,19.10,19.37,13128300
SE,20100519,21.42,21.52,20.79,21.11,3651300
SE,20100518,21.96,22.10,21.44,21.53,3330700
SE,20100517,22.07,22.29,21.27,21.74,3795100
SE,20100514,22.31,22.40,21.75,22.01,3760900
SE,20100513,22.59,22.82,22.38,22.38,2900000
SE,20100512,22.38,22.73,22.24,22.67,3115400
SE,20100511,22.34,22.95,22.34,22.67,3861800
SE,20100510,22.11,22.55,22.09,22.52,5031500
SE,20100507,21.51,21.84,20.86,21.29,8709900
SE,20100506,22.51,22.81,19.45,21.59,9549200
SE,20100505,23.06,23.14,22.50,22.62,3634800
SE,20100504,23.48,23.50,23.05,23.24,3728500
SE,20100503,23.47,23.85,23.43,23.74,3654800
SE,20100430,23.44,23.67,23.31,23.34,2672200
SE,20100429,23.39,23.57,23.29,23.44,2989300
SE,20100428,22.99,23.24,22.86,23.15,3097700
SE,20100427,23.32,23.41,22.79,22.85,3056500
SE,20100426,23.47,23.53,23.34,23.38,2103700
SE,20100423,23.17,23.47,22.96,23.47,2997400
SE,20100422,23.04,23.17,22.90,23.14,2588700
SE,20100421,23.35,23.37,23.11,23.24,2199800
SE,20100420,23.29,23.43,23.27,23.31,1906700
SE,20100419,22.71,23.16,22.71,23.16,2151800
SE,20100416,23.21,23.21,22.70,22.88,3463500
SE,20100415,23.29,23.35,23.12,23.29,2204200
SE,20100414,23.11,23.35,23.06,23.35,1815000
SE,20100413,23.24,23.24,22.91,23.15,1875400
SE,20100412,23.20,23.38,23.17,23.33,1892900
SE,20100409,23.12,23.32,22.90,23.29,2011400
SE,20100408,23.00,23.19,22.80,23.14,2071900
SE,20100407,23.20,23.28,22.99,23.06,3059700
SE,20100406,23.16,23.39,23.08,23.21,2627000
SE,20100405,22.90,23.29,22.86,23.24,2649100
SE,20100401,22.71,22.88,22.55,22.84,2013900
SE,20100331,22.71,22.71,22.43,22.53,3777400
SE,20100330,22.87,23.00,22.70,22.73,2867200
SE,20100329,22.70,22.96,22.66,22.82,4303400
SE,20100326,22.39,22.75,22.39,22.57,3992900
SE,20100325,22.47,22.59,22.38,22.41,3930600
SE,20100324,22.41,22.47,22.18,22.29,2630500
SE,20100323,22.33,22.51,22.18,22.48,2602900
SE,20100322,22.02,22.32,21.97,22.26,2225200
SE,20100319,22.22,22.65,22.09,22.22,4447600
SE,20100318,22.49,22.55,22.25,22.50,2708100
SE,20100317,22.42,22.62,22.38,22.45,2239800
SE,20100316,22.41,22.48,22.26,22.44,1824100
SE,20100315,22.39,22.44,22.01,22.32,2382400
SE,20100312,22.45,22.49,22.15,22.31,1856000
SE,20100311,22.32,22.37,22.15,22.32,2080000
SE,20100310,22.02,22.38,21.94,22.32,4041900
SE,20100309,21.86,22.09,21.83,22.00,2371500
SE,20100308,22.10,22.24,22.00,22.07,1976900
SE,20100305,21.83,22.13,21.78,22.10,3147100
SE,20100304,21.84,22.00,21.61,21.72,3087600
SE,20100303,21.99,22.11,21.82,21.88,2741000
SE,20100302,22.02,22.12,21.88,21.98,3300400
SE,20100301,21.90,22.11,21.86,21.98,3255100
SE,20100226,21.81,21.90,21.62,21.80,2483900
SE,20100225,21.47,21.79,21.30,21.75,2696200
SE,20100224,21.31,21.75,21.19,21.72,4513100
SE,20100223,21.49,21.57,21.23,21.30,2495100
SE,20100222,21.76,21.82,21.59,21.60,2352800
SE,20100219,21.35,21.82,21.35,21.70,3063500
SE,20100218,21.35,21.50,21.16,21.49,2998300
SE,20100217,21.36,21.47,21.30,21.38,2753500
SE,20100216,20.94,21.38,20.94,21.30,3707300
SE,20100212,20.51,20.82,20.37,20.73,4316200
SE,20100211,20.56,20.76,20.44,20.72,3918700
SE,20100210,20.94,20.94,20.47,20.64,4497400
SE,20100209,21.14,21.41,20.98,21.02,5401400
SE,20100208,21.03,21.16,20.75,20.76,3507500
SE,20100205,20.97,21.15,20.37,20.99,4461800
SE,20100204,21.48,21.70,20.91,20.93,4884200
SE,20100203,21.96,22.05,21.64,21.70,3540400
SE,20100202,21.77,22.02,21.48,21.98,4371300
SE,20100201,21.49,21.73,21.35,21.73,3889600
SE,20100129,21.90,22.05,21.22,21.25,5288500
SE,20100128,22.17,22.50,21.62,21.81,3902900
SE,20100127,22.26,22.37,21.69,22.04,4638500
SE,20100126,22.10,22.52,22.10,22.26,4135700
SE,20100125,22.10,22.45,22.10,22.29,4378100
SE,20100122,22.48,22.50,21.94,21.99,7053600
SE,20100121,22.77,23.06,22.40,22.61,7143200
SE,20100120,22.85,22.94,22.68,22.74,6681000
SE,20100119,22.19,23.06,22.16,23.03,5972000
SE,20100115,22.37,22.37,21.85,22.12,4823000
SE,20100114,22.00,22.28,21.79,22.18,4696700
SE,20100113,21.49,21.76,21.42,21.70,5286600
SE,20100112,20.96,21.39,20.85,21.13,5282700
SE,20100111,21.08,21.23,20.98,21.06,3912400
SE,20100108,20.87,21.00,20.75,20.99,2827000
SE,20100107,20.64,20.81,20.53,20.81,2971700
SE,20100106,20.60,20.81,20.60,20.70,3617700
SE,20100105,20.85,20.89,20.30,20.66,4640600
SE,20100104,20.66,20.81,20.61,20.81,3100900
SE,20091231,20.63,20.75,20.51,20.51,1293300
SE,20091230,20.47,20.78,20.47,20.65,1941800
SE,20091229,20.56,20.69,20.51,20.56,1659100
SE,20091228,20.58,20.66,20.44,20.54,1385000
SE,20091224,20.47,20.67,20.47,20.58,904800
SE,20091223,20.41,20.54,20.41,20.51,1584300
SE,20091222,20.50,20.53,20.29,20.44,2004300
SE,20091221,20.25,20.53,20.25,20.42,2258300
SE,20091218,20.40,20.57,20.19,20.23,4338600
SE,20091217,20.39,20.52,20.31,20.35,2057700
SE,20091216,20.58,20.72,20.28,20.51,2945000
SE,20091215,20.64,20.67,20.38,20.40,4180500
SE,20091214,20.43,20.73,20.40,20.57,2891700
SE,20091211,20.21,20.25,20.02,20.19,2113300
SE,20091210,19.72,20.15,19.72,20.11,2997700
SE,20091209,19.56,19.73,19.50,19.68,2976200
SE,20091208,19.50,19.68,19.34,19.54,2578600
SE,20091207,19.62,19.82,19.59,19.62,2329500
SE,20091204,19.71,19.88,19.48,19.62,3813900
SE,20091203,19.54,19.74,19.41,19.42,2642400
SE,20091202,19.62,19.68,19.43,19.51,2574900
SE,20091201,19.41,19.63,19.41,19.57,2438900
SE,20091130,19.38,19.55,19.19,19.41,2536200
SE,20091127,19.24,19.43,19.10,19.31,1779300
SE,20091125,19.51,19.67,19.42,19.66,1792100
SE,20091124,19.36,19.44,19.15,19.43,2461400
SE,20091123,19.32,19.67,19.32,19.39,3647400
SE,20091120,19.06,19.18,18.90,19.10,2823900
SE,20091119,19.20,19.20,18.83,19.01,3344500
SE,20091118,19.40,19.45,19.14,19.25,1879600
SE,20091117,19.37,19.45,19.14,19.37,2799000
SE,20091116,19.20,19.50,19.02,19.38,3223200
SE,20091113,18.99,19.25,18.91,19.17,3096600
SE,20091112,19.17,19.33,18.93,18.97,3211800
SE,20091111,19.44,19.55,19.15,19.25,2924200
SE,20091110,19.43,19.48,19.21,19.34,3642000
SE,20091109,19.57,19.70,19.34,19.69,3927500
SE,20091106,19.13,19.41,19.09,19.34,2540400
SE,20091105,19.71,19.74,19.15,19.34,4642000
SE,20091104,19.48,19.77,19.33,19.47,3908300
SE,20091103,19.10,19.33,18.91,19.29,3428000
SE,20091102,19.17,19.49,18.91,19.19,3941200
SE,20091030,19.47,19.59,18.92,19.12,6263100
SE,20091029,19.15,19.64,19.06,19.57,3308100
SE,20091028,19.41,19.41,18.98,19.00,4791800
SE,20091027,19.21,19.58,18.60,19.49,6962600
SE,20091026,20.00,20.45,19.69,19.69,4312400
SE,20091023,20.36,20.48,19.85,20.00,4345100
SE,20091022,20.18,20.40,20.05,20.35,3618800
SE,20091021,20.21,20.42,20.03,20.20,4674600
SE,20091020,20.55,20.55,20.08,20.30,3362700
SE,20091019,20.28,20.46,20.16,20.42,2667600
SE,20091016,20.35,20.39,20.05,20.33,3741700
SE,20091015,19.97,20.53,19.91,20.53,3770600
SE,20091014,19.98,20.10,19.82,20.10,3532200
SE,20091013,20.01,20.03,19.65,19.76,3020200
SE,20091012,20.00,20.14,19.82,19.93,2889500
SE,20091009,20.41,20.45,19.74,19.76,5809000
SE,20091008,19.31,19.65,19.16,19.50,3600800
SE,20091007,19.15,19.28,18.95,19.21,2565800
SE,20091006,19.09,19.18,18.95,19.15,4357100
SE,20091005,18.47,18.92,18.36,18.90,3303200
SE,20091002,18.36,18.57,18.26,18.42,4331600
SE,20091001,18.93,19.02,18.58,18.61,4509900
SE,20090930,19.24,19.26,18.75,18.94,5222100
SE,20090929,19.21,19.28,19.04,19.14,2582400
SE,20090928,19.13,19.34,19.03,19.19,2426500
SE,20090925,18.96,19.31,18.89,19.07,3166500
SE,20090924,19.32,19.42,18.96,19.05,3404600
SE,20090923,19.67,19.71,19.29,19.29,3143400
SE,20090922,19.72,19.72,19.42,19.67,3079600
SE,20090921,19.17,19.50,19.16,19.43,2470200
SE,20090918,19.53,19.59,19.30,19.50,4458700
SE,20090917,19.65,19.73,19.36,19.39,3927000
SE,20090916,19.41,19.72,19.35,19.71,3545300
SE,20090915,19.18,19.45,19.00,19.44,3933600
SE,20090914,19.18,19.26,18.89,19.18,3156600
SE,20090911,19.16,19.28,19.03,19.09,2790200
SE,20090910,18.90,19.16,18.73,19.08,2748900
SE,20090909,18.77,19.06,18.69,18.82,3637000
SE,20090908,18.66,18.86,18.47,18.80,3231100
SE,20090904,18.23,18.47,18.16,18.39,2680700
SE,20090903,18.46,18.47,18.05,18.23,3110400
SE,20090902,18.32,18.42,18.20,18.28,2222400
SE,20090901,18.76,18.86,18.33,18.36,3584400
SE,20090831,18.79,18.88,18.59,18.82,3465500
SE,20090828,19.29,19.29,18.84,18.99,2001300
SE,20090827,19.15,19.24,18.79,19.12,2362300
SE,20090826,18.97,19.28,18.82,19.26,2518400
SE,20090825,19.28,19.40,19.02,19.08,3173400
SE,20090824,19.20,19.30,19.06,19.27,2577100
SE,20090821,18.84,19.12,18.76,19.10,3058700
SE,20090820,18.60,18.78,18.54,18.73,2078400
SE,20090819,18.18,18.77,18.15,18.63,3238500
SE,20090818,18.25,18.42,18.18,18.37,2009300
SE,20090817,18.22,18.31,18.00,18.26,2972800
SE,20090814,18.84,18.85,18.35,18.48,3187200
SE,20090813,19.06,19.12,18.67,18.79,4635000
SE,20090812,18.88,19.06,18.84,18.92,3179600
SE,20090811,19.29,19.45,19.01,19.04,3813700
SE,20090810,18.73,19.32,18.70,19.32,4211300
SE,20090807,18.69,18.92,18.46,18.82,2271500
SE,20090806,18.61,18.71,18.43,18.52,3058400
SE,20090805,18.72,18.72,18.32,18.53,2785000
SE,20090804,18.72,18.88,18.49,18.72,2593500
SE,20090803,18.61,18.97,18.45,18.77,3866200
SE,20090731,18.10,18.47,18.03,18.36,2824600
SE,20090730,18.01,18.50,17.99,18.21,3311900
SE,20090729,17.94,18.06,17.71,17.85,2672300
SE,20090728,18.10,18.25,17.87,18.12,3718400
SE,20090727,18.09,18.31,17.88,18.22,2444100
SE,20090724,17.76,18.02,17.68,18.02,1954700
SE,20090723,17.44,18.00,17.40,17.87,4652300
SE,20090722,17.32,17.53,17.24,17.42,2212200
SE,20090721,17.58,17.66,17.19,17.52,3367700
SE,20090720,17.17,17.45,16.93,17.45,4277600
SE,20090717,16.93,17.09,16.79,16.98,3395700
SE,20090716,16.97,17.13,16.70,17.07,3692600
SE,20090715,16.95,17.17,16.81,17.10,3953100
SE,20090714,16.53,16.65,16.31,16.65,3393400
SE,20090713,16.13,16.41,15.86,16.39,3808400
SE,20090710,16.16,16.17,15.90,16.14,2835300
SE,20090709,16.14,16.46,15.95,16.25,3167900
SE,20090708,16.07,16.28,15.81,16.04,4187600
SE,20090707,16.42,16.43,16.03,16.09,3428200
SE,20090706,16.20,16.49,16.10,16.45,4614300
SE,20090702,16.92,16.92,16.45,16.46,3263900
SE,20090701,17.03,17.29,16.93,17.17,3761800
SE,20090630,16.88,17.12,16.61,16.92,4758800
SE,20090629,16.84,17.05,16.68,16.92,3072200
SE,20090626,16.80,16.97,16.66,16.71,4514600
SE,20090625,16.38,16.90,16.33,16.84,3984700
SE,20090624,16.44,16.69,16.32,16.46,4012700
SE,20090623,16.50,16.65,16.20,16.33,4085800
SE,20090622,16.50,16.77,16.31,16.43,3632200
SE,20090619,17.07,17.09,16.61,16.70,5001700
SE,20090618,16.72,17.01,16.60,16.86,2575100
SE,20090617,16.62,16.86,16.48,16.73,4183600
SE,20090616,17.30,17.38,16.75,16.79,3288400
SE,20090615,17.30,17.39,16.98,17.16,2792200
SE,20090612,17.42,17.61,17.30,17.50,3409700
SE,20090611,17.09,17.76,17.02,17.54,3881600
SE,20090610,17.01,17.12,16.82,17.09,3938200
SE,20090609,16.80,17.02,16.49,16.81,4659800
SE,20090608,16.46,16.76,16.27,16.64,2598700
SE,20090605,16.59,16.69,16.17,16.50,3222200
SE,20090604,16.47,16.53,16.30,16.49,3256000
SE,20090603,16.47,16.56,15.99,16.31,3405300
SE,20090602,16.68,16.83,16.52,16.75,3342000
SE,20090601,16.27,16.83,16.13,16.74,5580100
SE,20090529,15.93,16.16,15.74,16.05,4305200
SE,20090528,15.32,15.94,15.21,15.83,3826900
SE,20090527,15.51,15.59,15.11,15.16,2984000
SE,20090526,14.91,15.56,14.88,15.44,2797700
SE,20090522,15.00,15.30,14.95,15.05,2385900
SE,20090521,15.11,15.27,14.81,14.95,3016300
SE,20090520,15.55,15.65,15.26,15.30,4256300
SE,20090519,15.36,15.84,15.34,15.60,2801800
SE,20090518,14.99,15.50,14.99,15.48,3257400
SE,20090515,15.01,15.29,14.75,14.83,3036800
SE,20090514,15.11,15.26,14.94,15.11,3999100
SE,20090513,15.39,15.50,14.98,15.19,4452200
SE,20090512,15.84,15.91,15.49,15.75,3048400
SE,20090511,15.90,16.05,15.60,15.71,3929100
SE,20090508,15.90,16.50,15.88,16.14,4515100
SE,20090507,15.81,16.00,15.39,15.57,3456400
SE,20090506,15.73,15.73,15.33,15.56,3264600
SE,20090505,15.80,16.00,15.26,15.49,3294100
SE,20090504,15.01,15.47,14.75,15.46,3494100
SE,20090501,14.50,14.96,14.38,14.93,2693600
SE,20090430,14.88,14.98,14.40,14.50,3856400
SE,20090429,14.56,14.93,14.50,14.76,2488500
SE,20090428,14.27,14.66,14.16,14.44,2918800
SE,20090427,14.27,14.56,14.16,14.39,3767500
SE,20090424,14.61,14.80,14.37,14.50,3903400
SE,20090423,14.76,14.76,14.11,14.44,5463300
SE,20090422,14.70,14.89,14.51,14.64,3437300
SE,20090421,14.42,14.98,14.40,14.80,3725700
SE,20090420,14.95,15.08,14.50,14.52,2935500
SE,20090417,15.04,15.31,14.96,15.20,3627400
SE,20090416,14.85,15.15,14.58,15.04,2531600
SE,20090415,14.74,14.94,14.53,14.77,2686800
SE,20090414,14.81,14.91,14.56,14.79,3002800
SE,20090413,14.85,15.03,14.41,14.91,2684300
SE,20090409,15.02,15.19,14.68,14.91,2621100
SE,20090408,14.19,14.68,14.05,14.63,3279800
SE,20090407,14.38,14.60,14.26,14.40,2147300
SE,20090406,14.68,14.88,14.46,14.70,2357500
SE,20090403,14.68,15.00,14.60,14.87,2595100
SE,20090402,14.79,14.98,14.62,14.70,4537000
SE,20090401,13.89,14.55,13.75,14.47,3272900
SE,20090331,14.19,14.43,14.00,14.14,4130400
SE,20090330,14.19,14.39,13.85,14.03,3552300
SE,20090327,14.76,14.82,14.32,14.52,3170700
SE,20090326,14.70,15.20,14.50,14.97,5546300
SE,20090325,14.50,14.83,14.18,14.55,3726400
SE,20090324,14.47,14.66,14.25,14.34,3277500
SE,20090323,14.39,14.70,13.44,14.70,5552800
SE,20090320,14.25,14.48,13.92,14.03,14377900
SE,20090319,14.00,14.20,13.66,14.10,5002400
SE,20090318,13.25,13.83,13.03,13.65,5712300
SE,20090317,12.99,13.53,12.64,13.41,5255700
SE,20090316,12.68,13.32,12.68,12.88,4746100
SE,20090313,12.49,12.63,12.21,12.58,4354600
SE,20090312,11.98,12.31,11.88,12.30,3833000
SE,20090311,12.29,12.29,11.84,12.02,4239500
SE,20090310,11.77,12.25,11.65,12.02,4732700
SE,20090309,11.42,11.92,11.30,11.50,4766200
SE,20090306,11.67,12.10,11.21,11.59,5931600
SE,20090305,11.95,11.95,11.40,11.51,4133200
SE,20090304,12.15,12.41,12.02,12.13,5672600
SE,20090303,12.19,12.23,11.68,11.84,4974200
SE,20090302,12.70,12.85,11.92,12.02,5891600
SE,20090227,12.92,13.52,12.81,13.00,4889000
SE,20090226,13.29,13.72,13.23,13.25,4431200
SE,20090225,13.14,13.57,12.90,13.23,5435200
SE,20090224,12.90,13.32,12.67,13.20,6305900
SE,20090223,13.26,13.39,12.37,12.47,4316300
SE,20090220,13.13,13.37,12.64,13.09,7338700
SE,20090219,13.46,13.69,13.22,13.35,3920900
SE,20090218,13.62,13.79,13.14,13.34,3827400
SE,20090217,13.89,13.89,13.50,13.53,4569300
SE,20090213,14.18,14.49,14.11,14.37,4791400
SE,20090212,14.15,14.29,13.90,14.24,6103300
SE,20090211,14.34,14.65,14.17,14.40,16320300
SE,20090210,14.75,14.99,14.50,14.65,9555000
SE,20090209,15.00,15.22,14.75,14.86,6414700
SE,20090206,15.22,16.28,14.83,15.72,5254500
SE,20090205,14.40,15.14,13.80,14.95,6661300
SE,20090204,14.43,14.90,14.24,14.69,4001500
SE,20090203,14.42,14.80,14.20,14.66,3911700
SE,20090202,14.34,14.51,14.11,14.39,3155900
SE,20090130,15.04,15.27,14.42,14.51,4340300
SE,20090129,15.19,15.38,14.82,14.87,2745100
SE,20090128,15.16,15.58,15.05,15.42,2767800
SE,20090127,14.66,15.13,14.62,15.02,3020700
SE,20090126,14.86,15.29,14.54,14.83,3887500
SE,20090123,14.47,15.06,14.23,14.80,3538600
SE,20090122,14.56,14.89,14.31,14.63,3571900
SE,20090121,14.37,14.80,14.10,14.77,3558800
SE,20090120,14.58,14.84,14.15,14.20,4864700
SE,20090116,15.22,15.35,14.57,14.78,5596900
SE,20090115,15.09,15.15,14.54,15.02,5191500
SE,20090114,14.87,15.15,14.64,14.88,6034100
SE,20090113,15.53,15.79,15.18,15.35,4322600
SE,20090112,15.77,16.03,15.40,15.52,3613000
SE,20090109,17.00,17.21,16.16,16.26,3502300
SE,20090108,16.44,16.95,16.43,16.87,2877100
SE,20090107,16.99,17.09,16.42,16.57,2661500
SE,20090106,17.08,17.47,17.04,17.17,3649400
SE,20090105,16.53,17.19,16.49,16.85,3134600
SE,20090102,15.79,16.71,15.48,16.56,2819200
SE,20081231,15.59,15.92,15.01,15.74,2934200
SE,20081230,15.13,15.64,15.02,15.61,4269000
SE,20081229,15.26,15.50,14.98,15.15,2185300
SE,20081226,15.24,15.25,14.99,15.17,1441500
SE,20081224,14.91,15.21,14.90,15.14,1165200
SE,20081223,15.23,15.41,14.97,15.03,3001200
SE,20081222,15.44,15.54,14.95,15.17,3727300
SE,20081219,15.84,15.91,15.10,15.36,5249200
SE,20081218,15.64,15.90,15.07,15.25,4796300
SE,20081217,15.97,16.34,15.53,15.64,4445900
SE,20081216,15.40,16.17,15.39,16.10,4159300
SE,20081215,16.01,16.33,14.94,15.29,3547600
SE,20081212,15.56,15.92,15.30,15.81,3527500
SE,20081211,16.26,16.73,15.69,15.94,3592000
SE,20081210,15.49,16.75,15.35,16.19,5667900
SE,20081209,14.50,15.62,14.50,15.32,5781900
SE,20081208,15.43,16.11,14.84,15.21,4731600
SE,20081205,13.96,15.05,13.44,15.00,4995600
SE,20081204,14.90,15.06,13.85,14.13,4366700
SE,20081203,15.07,15.29,14.58,15.12,5150100
SE,20081202,15.56,15.70,14.66,15.32,5131900
SE,20081201,15.85,16.00,14.95,14.96,5190500
SE,20081128,16.25,16.49,15.64,16.26,1953300
SE,20081126,15.50,16.43,15.18,16.41,2786200
SE,20081125,15.81,16.15,15.15,15.56,4164300
SE,20081124,15.08,16.18,14.93,15.71,4580800
SE,20081121,13.74,14.99,13.47,14.91,6239100
SE,20081120,14.63,14.94,13.36,13.48,5844300
SE,20081119,16.27,16.44,14.89,14.95,4067800
SE,20081118,16.19,16.40,15.50,16.22,4873400
SE,20081117,16.34,16.82,15.84,16.05,4525100
SE,20081114,17.50,17.83,16.15,16.73,3833100
SE,20081113,15.75,17.63,15.40,17.63,5811800
SE,20081112,16.30,16.37,15.38,15.45,3809000
SE,20081111,16.93,17.28,16.37,16.69,3897000
SE,20081110,18.01,18.33,16.86,17.20,2996900
SE,20081107,17.41,17.99,17.11,17.66,3630200
SE,20081106,18.28,18.49,17.00,17.24,4305300
SE,20081105,18.94,19.49,18.07,18.17,3860000
SE,20081104,18.96,19.35,18.79,19.24,4376500
SE,20081103,19.18,19.40,18.28,18.59,2576500
SE,20081031,18.99,19.78,18.48,19.33,3138700
SE,20081030,17.79,19.45,17.50,19.29,4661200
SE,20081029,17.82,18.58,17.53,17.58,5270100
SE,20081028,16.59,17.78,15.63,17.69,5956100
SE,20081027,16.99,17.25,16.08,16.21,3910000
SE,20081024,17.34,17.56,16.11,17.16,4562600
SE,20081023,17.50,18.50,16.50,17.79,5713400
SE,20081022,18.25,18.96,16.52,17.14,4864900
SE,20081021,19.43,19.99,18.61,18.65,4471000
SE,20081020,18.54,19.82,18.13,19.80,3492900
SE,20081017,18.07,19.42,17.46,18.18,5354700
SE,20081016,17.51,18.27,16.85,18.14,6416200
SE,20081015,19.88,19.88,17.50,17.70,4706800
SE,20081014,20.40,21.26,18.83,19.88,5407000
SE,20081013,17.27,19.65,16.84,19.63,5702400
SE,20081010,15.65,17.63,15.24,16.60,9375500
SE,20081009,19.54,19.94,17.64,17.64,6011200
SE,20081008,18.95,19.89,18.17,19.21,7527000
SE,20081007,20.53,20.97,19.25,19.31,6657900
SE,20081006,22.09,22.28,19.67,20.33,7382700
SE,20081003,22.60,23.77,22.47,22.49,4849700
SE,20081002,23.01,23.06,22.18,22.55,3670800
SE,20081001,23.51,23.77,22.64,23.25,4226400
SE,20080930,24.01,24.24,23.55,23.80,4856200
SE,20080929,25.20,25.33,23.07,23.62,5281300
SE,20080926,25.24,25.69,24.98,25.64,3033400
SE,20080925,24.22,25.73,24.22,25.71,4672500
SE,20080924,24.48,24.56,23.78,24.10,2934800
SE,20080923,24.83,25.20,24.27,24.39,3094700
SE,20080922,25.43,25.70,24.00,24.83,3591900
SE,20080919,24.55,27.91,23.25,25.71,7122200
SE,20080918,23.72,25.31,23.72,24.59,6490500
SE,20080917,24.51,25.01,23.40,23.51,5176200
SE,20080916,22.00,25.02,22.00,24.77,6100200
SE,20080915,24.40,25.00,24.01,24.09,4175800
SE,20080912,24.52,25.18,24.33,24.95,3023700
SE,20080911,24.47,24.76,24.01,24.57,2966100
SE,20080910,24.47,24.93,24.33,24.53,2908900
SE,20080909,25.72,26.00,24.34,24.34,4551300
SE,20080908,25.31,25.64,25.11,25.61,3325100
SE,20080905,25.66,25.77,24.77,25.01,4651900
SE,20080904,25.53,25.89,25.18,25.66,3586900
SE,20080903,25.07,25.62,25.01,25.57,3111700
SE,20080902,26.52,26.77,25.37,25.42,3085700
SE,20080829,26.88,26.93,26.45,26.46,2296900
SE,20080828,26.80,26.93,26.31,26.81,1726900
SE,20080827,26.50,26.77,26.34,26.61,2026500
SE,20080826,25.79,26.37,25.72,26.34,2521200
SE,20080825,25.56,26.02,25.56,25.85,2351300
SE,20080822,26.04,26.27,25.51,25.62,2731900
SE,20080821,26.07,26.41,25.83,25.98,2221100
SE,20080820,26.30,26.49,25.79,26.08,2575900
SE,20080819,25.90,26.36,25.88,26.19,2026300
SE,20080818,26.08,26.40,25.87,25.96,2192200
SE,20080815,25.87,26.18,25.68,26.06,2639300
SE,20080814,26.00,26.19,25.64,25.97,2188600
SE,20080813,25.45,26.24,25.40,26.10,4304500
SE,20080812,26.53,26.53,25.57,25.58,3734500
SE,20080811,26.55,26.81,26.22,26.43,7737800
SE,20080808,26.21,26.60,25.93,26.60,4829400
SE,20080807,27.20,27.36,26.05,26.24,4058700
SE,20080806,27.70,27.72,26.52,26.91,4802800
SE,20080805,26.99,27.43,26.53,27.41,4317600
SE,20080804,27.57,27.74,26.74,26.78,4199000
SE,20080801,27.30,27.54,27.03,27.13,2521500
SE,20080731,27.24,27.35,26.95,27.17,3074700
SE,20080730,26.54,27.35,26.46,27.35,4495000
SE,20080729,26.12,26.46,26.06,26.45,3527000
SE,20080728,26.27,26.60,26.14,26.29,2980100
SE,20080725,26.18,26.66,26.15,26.28,3319400
SE,20080724,26.43,26.82,26.06,26.14,4083500
SE,20080723,26.91,27.06,26.28,26.48,3374400
SE,20080722,26.73,27.09,26.53,26.93,3272000
SE,20080721,26.18,27.15,26.18,26.87,2978700
SE,20080718,26.15,26.44,25.89,26.13,4430900
SE,20080717,26.43,26.43,25.72,26.08,6032400
SE,20080716,26.88,26.94,25.99,26.28,4861400
SE,20080715,27.40,27.62,26.64,26.80,5033200
SE,20080714,27.67,27.71,27.20,27.50,3503400
SE,20080711,27.99,27.99,27.11,27.30,4090600
SE,20080710,26.94,27.51,26.63,27.41,4858200
SE,20080709,27.73,27.88,26.89,26.89,4578600
SE,20080708,27.96,28.00,27.05,27.64,5571900
SE,20080707,28.00,28.21,27.70,27.96,5304700
SE,20080703,28.43,28.70,27.60,28.02,3294400
SE,20080702,28.85,28.96,27.88,27.95,4964400
SE,20080701,29.00,29.13,28.61,29.02,4154900
SE,20080630,28.45,28.93,28.16,28.74,3431700
SE,20080627,28.27,28.71,28.27,28.48,6186200
SE,20080626,28.36,28.61,28.00,28.19,3923400
SE,20080625,28.49,29.18,28.32,28.62,5927700
SE,20080624,27.86,28.51,27.64,28.30,4648200
SE,20080623,27.45,28.00,27.39,27.91,2823600
SE,20080620,27.20,27.67,26.98,27.42,3888100
SE,20080619,27.00,27.46,26.51,27.33,3704600
SE,20080618,27.64,27.70,26.90,27.02,3477100
SE,20080617,27.46,27.92,27.00,27.76,3113700
SE,20080616,27.13,27.54,27.06,27.38,2480600
SE,20080613,27.09,27.26,26.62,27.23,3865700
SE,20080612,27.61,27.61,26.82,27.00,4621800
SE,20080611,26.81,27.73,26.77,27.51,3505300
SE,20080610,27.11,27.30,26.52,26.87,3394700
SE,20080609,26.61,27.31,26.41,27.25,2791000
SE,20080606,26.92,27.73,26.40,26.40,4638200
SE,20080605,26.65,26.87,26.44,26.87,3080000
SE,20080604,26.28,26.82,26.24,26.61,3526400
SE,20080603,26.70,26.80,26.21,26.40,3527200
SE,20080602,26.87,26.90,26.61,26.73,2992500
SE,20080530,26.89,27.10,26.76,27.02,4143300
SE,20080529,26.75,27.12,26.46,26.82,2777900
SE,20080528,26.95,26.97,26.70,26.80,4544500
SE,20080527,26.94,27.13,26.81,26.86,2691300
SE,20080523,27.40,27.49,26.86,26.88,2568700
SE,20080522,27.11,27.51,26.85,27.42,3823700
SE,20080521,27.36,28.19,26.96,27.01,5457400
SE,20080520,27.32,27.67,27.29,27.36,2862400
SE,20080519,27.26,27.58,27.17,27.40,2799300
SE,20080516,27.15,27.44,27.02,27.30,3549100
SE,20080515,26.80,27.09,26.60,27.05,2705400
SE,20080514,27.19,27.34,26.69,26.73,2977800
SE,20080513,27.10,27.20,26.70,27.18,2414200
SE,20080512,27.18,27.27,26.76,26.97,3445600
SE,20080509,26.61,27.29,26.39,27.14,3017100
SE,20080508,26.17,26.86,26.08,26.57,3783500
SE,20080507,26.99,27.00,25.98,26.03,3610200
SE,20080506,26.74,27.00,25.97,26.70,6127000
SE,20080505,25.35,25.89,25.32,25.85,2838000
SE,20080502,25.23,25.39,25.10,25.39,2201000
SE,20080501,24.71,25.21,24.56,25.18,3239400
SE,20080430,24.72,24.99,24.57,24.70,3321400
SE,20080429,25.12,25.12,24.55,24.63,2028300
SE,20080428,24.94,25.38,24.82,25.10,1933500
SE,20080425,25.17,25.31,24.73,24.94,1714200
SE,20080424,25.28,25.36,24.87,25.19,2659800
SE,20080423,25.08,25.39,24.87,25.30,2392200
SE,20080422,24.66,25.10,24.57,25.03,2977800
SE,20080421,24.97,25.36,24.68,24.72,1954400
SE,20080418,24.83,25.06,24.40,25.06,2369600
SE,20080417,24.48,24.68,24.35,24.56,2695000
SE,20080416,23.69,24.54,23.56,24.51,2963400
SE,20080415,23.68,23.85,23.43,23.59,2012700
SE,20080414,23.25,23.65,23.16,23.54,1265300
SE,20080411,23.20,23.50,23.20,23.30,1981200
SE,20080410,23.83,23.89,23.37,23.46,2051900
SE,20080409,23.61,24.05,23.61,23.87,1558400
SE,20080408,23.50,23.88,23.27,23.74,1316900
SE,20080407,23.69,23.95,23.54,23.58,1714000
SE,20080404,23.26,23.87,23.26,23.64,2508200
SE,20080403,23.11,23.36,22.98,23.27,2940300
SE,20080402,22.94,23.32,22.76,23.12,5941700
SE,20080401,22.93,23.05,22.67,22.96,3697800
SE,20080331,22.64,24.91,22.52,22.75,3389300
SE,20080328,22.90,23.17,22.54,22.65,2363100
SE,20080327,23.07,23.50,22.74,22.75,3122000
SE,20080326,22.62,23.07,22.53,22.97,1910000
SE,20080325,22.90,22.94,22.55,22.69,2949500
SE,20080324,22.98,23.06,22.75,22.85,3309300
SE,20080320,23.24,23.24,22.50,22.92,4428700
SE,20080319,23.91,24.24,23.15,23.21,3202300
SE,20080318,23.73,23.95,23.26,23.91,3879100
SE,20080317,23.10,23.51,22.80,23.33,4384200
SE,20080314,24.14,24.23,23.09,23.41,3340500
SE,20080313,23.66,24.18,23.66,24.07,2475300
SE,20080312,24.34,24.62,23.94,24.01,3014600
SE,20080311,23.75,24.34,23.52,24.33,4506400
SE,20080310,23.29,23.68,22.99,23.28,2502300
SE,20080307,23.29,23.59,23.06,23.32,2545400
SE,20080306,23.44,23.78,23.38,23.51,3131000
SE,20080305,23.01,23.66,23.00,23.60,2930400
SE,20080304,23.33,23.48,22.78,23.19,3920800
SE,20080303,23.04,23.59,23.02,23.50,2762800
SE,20080229,23.94,23.98,23.00,23.11,3180700
SE,20080228,23.90,24.19,23.80,24.10,1576900
SE,20080227,24.20,24.40,23.77,24.03,2119700
SE,20080226,24.04,24.47,23.93,24.33,2929600
SE,20080225,23.81,24.34,23.72,24.20,2218500
SE,20080222,24.14,24.18,23.48,23.84,3595200
SE,20080221,23.94,24.27,23.91,24.05,4656500
SE,20080220,23.39,24.04,22.97,23.89,4081000
SE,20080219,23.20,23.65,23.13,23.56,2588800
SE,20080215,23.35,23.38,22.86,23.13,2479400
SE,20080214,23.26,23.76,23.21,23.38,2140800
SE,20080213,23.49,23.90,23.15,23.25,2437900
SE,20080212,23.46,23.86,23.11,23.36,2338200
SE,20080211,23.09,23.42,23.03,23.35,2340100
SE,20080208,22.92,23.26,22.91,23.14,2206000
SE,20080207,22.86,23.49,22.86,23.05,3108400
SE,20080206,23.39,23.41,22.71,23.25,3182600
SE,20080205,23.25,23.25,22.62,22.67,2727600
SE,20080204,22.96,23.46,22.87,23.32,1866700
SE,20080201,22.74,22.97,22.57,22.95,4679100
SE,20080131,22.23,23.00,22.21,22.84,6469700
SE,20080130,22.56,23.00,22.43,22.51,6252800
SE,20080129,22.74,23.00,22.45,22.54,2113200
SE,20080128,22.41,22.70,21.91,22.64,3030600
SE,20080125,22.76,23.03,22.28,22.42,4440100
SE,20080124,23.09,23.27,22.32,22.51,5176000
SE,20080123,22.23,23.15,21.41,22.99,4313100
SE,20080122,22.53,23.03,21.84,22.79,6720500
SE,20080118,24.64,25.04,23.79,24.13,4409200
SE,20080117,25.30,25.50,24.37,24.43,3542400
SE,20080116,25.29,25.84,25.25,25.28,3249300
SE,20080115,25.51,25.79,25.30,25.45,2987500
SE,20080114,25.39,25.87,25.37,25.71,2386700
SE,20080111,25.69,25.76,25.08,25.24,4672100
SE,20080110,25.27,26.05,25.19,25.97,2537600
SE,20080109,25.26,25.60,25.05,25.50,2406200
SE,20080108,25.55,25.92,25.12,25.25,3608700
SE,20080107,25.67,25.68,25.15,25.47,1950300
SE,20080104,25.78,26.08,25.32,25.48,2727100
SE,20080103,25.60,26.26,25.60,25.95,3242300
SE,20080102,25.76,26.08,25.39,25.57,2079100
SE,20071231,25.86,26.10,25.77,25.82,1581200
SE,20071228,25.72,26.18,25.72,25.98,2648200
SE,20071227,25.86,25.93,25.65,25.69,1991700
SE,20071226,25.80,25.85,25.58,25.76,1047000
SE,20071224,25.74,25.82,25.58,25.74,594700
SE,20071221,25.49,25.94,25.46,25.74,4313300
SE,20071220,25.19,25.26,24.88,25.25,2444300
SE,20071219,24.85,25.29,24.77,25.06,2796300
SE,20071218,24.57,24.98,24.50,24.90,2185000
SE,20071217,24.56,24.82,24.54,24.62,3253300
SE,20071214,24.89,25.04,24.63,24.65,2928000
SE,20071213,24.92,25.00,24.53,24.93,2406000
SE,20071212,24.85,25.23,24.58,24.99,3265200
SE,20071211,24.52,24.91,24.26,24.35,2941900
SE,20071210,24.69,24.73,24.34,24.53,1865700
SE,20071207,24.95,24.95,24.50,24.67,2544800
SE,20071206,25.43,25.54,24.81,24.85,3471900
SE,20071205,25.38,25.67,25.30,25.54,3633900
SE,20071204,25.00,25.33,24.83,25.20,2575300
SE,20071203,24.52,25.30,24.52,25.20,2982700
SE,20071130,24.88,25.10,24.48,24.64,2815100
SE,20071129,24.72,24.80,24.48,24.63,3118500
SE,20071128,24.62,24.88,24.12,24.80,2768700
SE,20071127,24.30,24.55,23.98,24.49,3044800
SE,20071126,24.43,24.97,24.20,24.24,2650900
SE,20071123,24.61,24.65,24.27,24.48,993300
SE,20071121,24.92,25.10,24.44,24.50,2098900
SE,20071120,24.72,25.20,24.67,25.08,1947900
SE,20071119,24.86,24.90,24.49,24.73,2385400
SE,20071116,24.74,25.06,24.62,24.97,2171000
SE,20071115,24.31,24.77,24.28,24.62,1847900
SE,20071114,24.76,24.97,24.30,24.36,2312300
SE,20071113,24.38,24.69,24.05,24.66,2702800
SE,20071112,24.68,24.95,24.14,24.16,2360700
SE,20071109,24.98,25.22,24.71,24.77,1844100
SE,20071108,25.00,25.67,24.48,25.26,2686700
SE,20071107,25.03,25.51,24.84,24.85,2247400
SE,20071106,25.85,26.34,25.18,25.39,1860700
SE,20071105,24.97,26.11,24.91,25.88,2323000
SE,20071102,25.44,25.45,24.77,25.29,3654600
SE,20071101,25.81,25.86,24.92,24.99,3008300
SE,20071031,25.14,26.15,25.07,25.98,2589900
SE,20071030,25.75,25.76,25.01,25.01,2105300
SE,20071029,25.99,26.05,25.75,25.83,1177100
SE,20071026,26.00,26.22,25.75,25.94,1575200
SE,20071025,25.51,25.96,25.44,25.91,1654600
SE,20071024,25.21,25.60,24.99,25.51,1635600
SE,20071023,25.18,25.52,24.74,25.21,1145800
SE,20071022,24.79,25.27,24.58,25.21,1723500
SE,20071019,25.65,25.85,24.93,24.97,2792400
SE,20071018,25.64,25.90,25.57,25.84,1343300
SE,20071017,25.90,26.15,25.79,25.92,2087500
SE,20071016,25.73,25.91,25.59,25.77,2132200
SE,20071015,26.00,26.04,25.57,25.76,1999800
SE,20071012,25.59,26.10,25.59,25.89,2027200
SE,20071011,25.62,25.95,25.41,25.57,2374700
SE,20071010,25.17,25.60,25.10,25.44,1495700
SE,20071009,24.70,25.34,24.70,25.31,1377500
SE,20071008,24.61,24.90,24.55,24.64,1057900
SE,20071005,25.32,25.32,24.78,24.90,1604900
SE,20071004,24.72,25.19,24.56,25.07,1940400
SE,20071003,24.62,24.93,24.60,24.72,1490700
SE,20071002,25.03,25.15,24.58,24.79,1561900
SE,20071001,24.80,25.18,24.55,25.07,1840600
SE,20070928,24.25,24.86,24.25,24.48,1909600
SE,20070927,25.32,25.32,24.82,24.93,1495100
SE,20070926,25.30,25.39,24.51,24.97,2695100
SE,20070925,25.39,25.60,25.13,25.15,2530800
SE,20070924,25.60,25.75,25.43,25.54,2651300
SE,20070921,25.80,26.39,25.47,25.72,3876100
SE,20070920,25.12,25.77,25.12,25.64,2899600
SE,20070919,24.90,25.29,24.78,25.24,3315600
SE,20070918,24.22,24.94,24.10,24.84,2629000
SE,20070917,24.04,24.35,23.88,24.00,2446000
SE,20070914,24.06,24.20,23.94,24.05,1732700
SE,20070913,24.20,24.28,24.04,24.16,1298400
SE,20070912,24.21,24.25,23.93,24.10,2149600
SE,20070911,23.93,24.45,23.78,24.15,2816000
SE,20070910,23.51,23.87,23.33,23.73,1720200
SE,20070907,23.35,23.76,23.31,23.59,2565500
SE,20070906,23.16,23.72,23.01,23.71,2406700
SE,20070905,23.35,23.49,23.03,23.31,1906400
SE,20070904,23.28,23.74,23.15,23.57,2153800
SE,20070831,23.27,23.68,23.11,23.25,1963600
SE,20070830,23.18,23.32,22.82,23.03,2239100
SE,20070829,22.45,23.26,22.40,23.18,2942300
SE,20070828,22.47,22.67,22.19,22.32,2441200
SE,20070827,23.15,23.15,22.61,22.63,1865500
SE,20070824,22.94,23.25,22.84,23.18,2131200
SE,20070823,22.57,23.21,22.57,23.03,2533900
SE,20070822,21.93,22.62,21.88,22.59,2988300
SE,20070821,22.05,22.33,21.81,21.92,3033800
SE,20070820,22.50,22.65,22.11,22.18,3313000
SE,20070817,22.52,23.06,21.99,22.37,4249100
SE,20070816,22.02,22.48,21.24,22.12,5674000
SE,20070815,23.21,23.58,22.59,22.70,2764600
SE,20070814,24.01,24.06,23.15,23.24,2090700
SE,20070813,24.20,24.36,23.77,24.03,2266000
SE,20070810,23.47,24.07,22.68,23.88,3347500
SE,20070809,24.49,25.00,23.84,23.88,3253800
SE,20070808,24.33,24.84,23.94,24.45,2391800
SE,20070807,24.10,24.39,23.92,24.18,5071100
SE,20070806,24.66,24.75,22.05,24.44,5686200
SE,20070803,25.36,25.49,24.78,24.78,2647000
SE,20070802,25.61,25.78,25.25,25.36,2413500
SE,20070801,25.45,25.72,24.99,25.61,3021500
SE,20070731,25.63,26.00,25.38,25.47,2492000
SE,20070730,25.07,25.64,24.68,25.48,2488100
SE,20070727,25.68,26.24,25.02,25.14,2783100
SE,20070726,26.00,26.82,25.32,25.83,2942500
SE,20070725,26.80,26.96,26.25,26.67,2177000
SE,20070724,27.18,27.48,26.49,26.64,3857400
SE,20070723,27.10,27.47,26.61,27.42,2326200
SE,20070720,26.59,27.73,26.59,27.03,3231100
SE,20070719,26.45,27.46,26.40,27.37,3966000
SE,20070718,26.08,26.42,26.07,26.37,2064800
SE,20070717,26.27,26.49,26.08,26.23,1791500
SE,20070716,26.60,26.68,26.12,26.23,2155500
SE,20070713,26.40,26.92,26.26,26.72,1900200
SE,20070712,26.50,26.50,26.00,26.38,1987000
SE,20070711,25.98,26.38,25.95,26.31,2014100
SE,20070710,26.36,26.41,25.90,26.03,2547200
SE,20070709,26.59,26.73,26.25,26.41,1948400
SE,20070706,26.35,26.64,26.20,26.53,1503500
SE,20070705,25.69,26.60,25.68,26.41,2827000
SE,20070703,26.76,26.77,26.34,26.44,1085300
SE,20070702,26.20,26.42,26.15,26.33,2052100
SE,20070629,25.82,26.03,25.65,25.96,2014700
SE,20070628,25.97,26.25,25.78,25.81,2174400
SE,20070627,25.65,26.17,25.60,26.03,3360000
SE,20070626,26.20,26.43,25.87,25.90,3318500
SE,20070625,26.25,26.53,25.75,26.16,3468400
SE,20070622,26.21,26.41,25.81,26.41,4697600
SE,20070621,25.85,26.34,25.57,26.32,1894700
SE,20070620,26.69,27.06,25.95,25.96,2612500
SE,20070619,26.50,26.74,26.41,26.63,1406200
SE,20070618,26.12,26.74,26.12,26.49,1667900
SE,20070615,26.42,26.58,26.09,26.53,3784500
SE,20070614,26.50,26.50,26.23,26.28,1731900
SE,20070613,25.69,26.35,25.68,26.32,2830000
SE,20070612,25.84,26.01,25.54,25.70,5504900
SE,20070611,25.55,26.13,25.51,25.86,2821100
SE,20070608,25.06,25.54,24.89,25.53,3555300
SE,20070607,25.20,25.52,25.05,25.45,6031900
SE,20070606,25.87,25.90,25.29,25.37,3780500
SE,20070605,26.05,26.34,25.81,26.10,3061300
SE,20070604,26.48,26.70,26.01,26.16,2460800
SE,20070601,26.87,26.88,26.31,26.70,1673700
SE,20070531,26.62,26.83,26.52,26.63,3044100
SE,20070530,26.31,26.79,26.15,26.76,2188600
SE,20070529,26.01,26.81,26.00,26.40,2172600
SE,20070525,26.08,26.44,25.95,26.08,1622100
SE,20070524,26.11,26.37,26.00,26.01,2514400
SE,20070523,26.75,26.80,26.20,26.25,2512600
SE,20070522,26.79,26.96,26.35,26.51,2476000
SE,20070521,26.60,27.07,26.50,26.84,2389000
SE,20070518,26.59,27.00,26.39,26.80,3229100
SE,20070517,26.25,26.50,26.21,26.40,1459100
SE,20070516,26.05,26.35,25.96,26.32,1836400
SE,20070515,26.02,26.34,25.85,25.88,1841500
SE,20070514,26.13,26.49,25.94,26.02,1281900
SE,20070511,25.91,26.17,25.76,26.17,1552700
SE,20070510,26.10,26.29,25.90,25.91,1960500
SE,20070509,26.05,26.25,25.52,26.13,2233300
SE,20070508,26.30,26.72,25.38,26.14,3056100
SE,20070507,26.50,26.77,26.34,26.53,1232400
SE,20070504,26.50,26.99,26.32,26.64,1437300
SE,20070503,26.73,26.91,26.36,26.47,1538300
SE,20070502,26.37,26.75,26.00,26.63,1417900
SE,20070501,26.07,26.42,25.86,26.42,1743600
SE,20070430,26.40,26.65,26.02,26.10,1428000
SE,20070427,26.45,26.83,26.13,26.42,1283900
SE,20070426,26.90,27.00,26.39,26.60,1645100
SE,20070425,26.70,27.16,26.66,27.12,1511200
SE,20070424,26.68,27.05,26.59,26.62,2307400
SE,20070423,27.34,27.34,26.54,26.71,1746600
SE,20070420,27.00,27.01,26.36,27.01,3798700
SE,20070419,26.03,26.21,25.87,26.14,2284200
SE,20070418,26.50,26.75,25.91,25.97,1884900
SE,20070417,26.08,26.61,26.06,26.50,1814800
SE,20070416,26.52,26.52,25.90,26.13,1875100
SE,20070413,26.59,26.85,25.49,25.72,2704100
SE,20070412,26.06,26.18,25.71,25.79,2374000
SE,20070411,26.26,26.61,26.00,26.04,2111800
SE,20070410,26.12,26.50,26.06,26.25,1597100
SE,20070409,25.86,26.28,25.77,26.03,1489000
SE,20070405,25.98,26.13,25.55,25.86,1314300
SE,20070404,26.22,26.36,25.93,25.97,1302800
SE,20070403,26.50,26.60,26.06,26.20,1570400
SE,20070402,26.27,26.40,26.00,26.32,1531800
SE,20070330,26.15,26.62,25.79,26.27,2827200
SE,20070329,26.10,26.20,25.70,25.96,2183200
SE,20070328,25.56,26.00,25.49,25.76,2449200
SE,20070327,25.53,25.73,25.39,25.56,1889500
SE,20070326,25.05,25.55,25.01,25.52,1930700
SE,20070323,25.45,25.78,25.35,25.58,2417200
SE,20070322,25.00,25.42,24.95,25.21,2131000
SE,20070321,24.07,25.25,24.02,24.90,4999300
SE,20070320,23.88,24.14,23.70,24.10,2057300
SE,20070319,23.99,24.51,23.55,23.83,3536900
SE,20070316,24.17,24.32,23.90,23.98,3654300
SE,20070315,24.42,24.42,24.09,24.17,2251400
SE,20070314,24.25,24.34,24.00,24.32,1930000
SE,20070313,24.40,24.77,23.93,24.02,3473000
SE,20070312,24.83,24.95,24.39,24.59,3809400
SE,20070309,24.87,25.16,24.72,24.98,1840200
SE,20070308,25.08,25.15,24.61,24.77,2915100
SE,20070307,25.01,25.40,25.00,25.02,2893900
SE,20070306,24.78,25.19,24.75,25.14,1629500
SE,20070305,25.00,25.27,24.56,24.68,2567200
SE,20070302,25.55,25.74,25.27,25.31,2372700
SE,20070301,25.43,26.13,25.30,25.99,2340500
SE,20070228,25.30,25.85,25.27,25.73,2833700
SE,20070227,26.08,26.36,25.42,25.64,3429900
SE,20070226,25.35,26.10,25.32,26.06,3002000
SE,20070223,25.30,25.50,25.16,25.32,1395100
SE,20070222,25.40,25.68,25.30,25.38,2399500
SE,20070221,25.50,25.75,25.05,25.52,1882500
SE,20070220,25.78,25.90,25.54,25.65,1998700
SE,20070216,25.97,26.08,25.81,25.93,2262700
SE,20070215,26.16,26.35,25.85,26.12,1868100
SE,20070214,25.76,26.26,25.75,26.16,2036300
SE,20070213,25.77,26.20,25.65,25.88,2353800
SE,20070212,25.80,26.01,25.56,25.77,2636200
SE,20070209,26.80,27.13,25.94,25.95,2816000
SE,20070208,26.78,26.89,26.39,26.82,1676400
SE,20070207,26.88,27.11,26.80,26.90,1748400
SE,20070206,26.70,26.97,26.60,26.82,2774300
SE,20070205,25.95,26.77,25.95,26.50,2672300
SE,20070202,25.86,26.40,25.80,25.99,2512300
SE,20070201,26.13,26.18,25.74,25.95,2418700
SE,20070131,25.75,26.35,25.60,26.12,2450200
SE,20070130,26.00,26.59,25.92,26.14,2099100
SE,20070129,25.90,26.04,25.68,25.82,2768900
SE,20070126,26.18,26.20,25.50,25.75,4014900
SE,20070125,26.69,26.84,26.07,26.21,2263500
SE,20070124,26.80,26.95,26.71,26.85,3021100
SE,20070123,26.55,27.09,26.50,26.92,3080500
SE,20070122,26.35,26.90,26.30,26.69,2277000
SE,20070119,27.20,27.35,26.68,26.80,3000600
SE,20070118,26.75,27.00,26.19,26.85,2667000
SE,20070117,25.95,27.02,25.50,26.80,4508900
SE,20070116,25.41,26.05,25.25,25.85,3851300
SE,20070112,25.85,26.35,25.11,26.05,4642000
SE,20070111,26.60,27.07,26.27,26.42,3416000
SE,20070110,27.76,27.76,26.55,26.72,3981300
SE,20070109,27.34,28.24,27.34,27.76,3590900
SE,20070108,28.40,28.68,27.55,27.78,4953300
SE,20070105,29.35,29.39,28.31,28.86,3876800
SE,20070104,28.80,29.60,28.75,29.05,6470700
SE,20070103,28.25,30.00,28.00,28.62,5806500
