SUN,20150310,50.91,51.70,49.53,50.72,190400
SUN,20150309,51.14,51.37,50.95,51.04,106000
SUN,20150306,51.00,51.41,50.65,50.95,86400
SUN,20150305,51.50,51.90,51.23,51.26,92200
SUN,20150304,51.43,51.82,51.00,51.50,109200
SUN,20150303,51.75,52.10,51.27,51.27,75300
SUN,20150302,51.97,52.34,51.37,51.54,115800
SUN,20150227,52.00,52.11,51.03,51.58,165900
SUN,20150226,52.20,52.53,51.70,52.00,171700
SUN,20150225,52.23,53.52,51.68,52.11,248400
SUN,20150224,52.00,52.75,51.91,52.08,106000
SUN,20150223,52.50,52.52,50.95,52.24,168300
SUN,20150220,51.10,52.18,50.88,51.51,157400
SUN,20150219,50.43,51.70,50.02,51.11,273200
SUN,20150218,49.50,49.93,48.97,49.61,319900
SUN,20150217,50.40,50.96,49.45,49.50,216700
SUN,20150213,49.80,50.86,49.58,50.34,143500
SUN,20150212,49.99,50.36,49.46,50.12,128300
SUN,20150211,50.81,50.93,50.06,50.37,85400
SUN,20150210,51.24,51.24,50.07,50.68,106700
SUN,20150209,51.52,52.16,51.02,51.24,193600
SUN,20150206,52.33,52.33,50.95,51.52,174700
SUN,20150205,51.94,51.94,50.40,51.44,175400
SUN,20150204,51.42,51.80,50.36,51.57,382700
SUN,20150203,51.05,52.44,50.97,51.62,459000
SUN,20150202,50.14,50.97,49.79,50.87,169700
SUN,20150130,49.81,50.84,49.62,50.14,259000
SUN,20150129,50.86,52.16,49.46,50.16,183900
SUN,20150128,52.01,52.75,50.63,50.93,410000
SUN,20150127,52.52,52.73,50.49,51.64,305400
SUN,20150126,50.86,52.45,50.30,51.90,323000
SUN,20150123,50.24,52.25,49.39,51.30,323300
SUN,20150122,49.50,50.30,49.00,50.24,331700
SUN,20150121,49.43,49.99,48.56,49.50,243200
SUN,20150120,48.61,49.45,47.94,49.31,181500
SUN,20150116,48.94,50.00,48.57,48.63,219200
SUN,20150115,47.33,48.61,47.20,48.30,146900
SUN,20150114,46.81,47.99,45.00,47.13,161000
SUN,20150113,47.94,48.32,46.58,47.41,145700
SUN,20150112,48.53,49.44,45.77,47.75,190400
SUN,20150109,48.76,50.09,47.57,48.73,186300
SUN,20150108,48.68,49.99,47.49,48.50,173600
SUN,20150107,48.27,50.16,47.11,48.03,138700
SUN,20150106,48.60,49.11,46.01,48.26,240600
SUN,20150105,49.21,49.65,47.91,48.26,165700
SUN,20150102,49.74,50.07,48.70,49.14,187300
SUN,20141231,49.81,50.25,49.21,49.77,196800
SUN,20141230,48.56,50.39,47.94,49.75,190000
SUN,20141229,47.52,49.85,47.52,49.06,188400
SUN,20141226,47.44,48.02,47.04,47.84,102600
SUN,20141224,46.84,47.72,46.61,47.24,40300
SUN,20141223,46.50,48.15,46.20,46.96,98700
SUN,20141222,45.89,46.66,45.67,46.11,97100
SUN,20141219,44.73,46.18,44.73,46.07,324300
SUN,20141218,46.35,46.59,44.12,44.99,117300
SUN,20141217,43.35,45.27,43.35,44.49,217600
SUN,20141216,43.65,45.00,43.19,43.92,186600
SUN,20141215,45.76,45.77,43.20,44.10,209800
SUN,20141212,45.07,45.67,44.42,45.47,119600
SUN,20141211,43.26,45.57,43.26,45.50,209300
SUN,20141210,44.55,44.70,43.33,43.74,164600
SUN,20141209,45.05,45.40,44.86,45.02,276200
SUN,20141208,46.70,47.00,44.80,45.61,241700
SUN,20141205,46.16,47.34,46.01,47.16,220500
SUN,20141204,46.07,47.37,46.00,46.48,190100
SUN,20141203,45.47,46.92,45.29,46.41,209000
SUN,20141202,43.55,45.07,43.10,45.04,163900
SUN,20141201,46.50,46.50,43.61,44.00,330100
SUN,20141128,46.66,47.00,45.25,46.96,130600
SUN,20141126,46.06,47.80,45.71,46.86,194800
SUN,20141125,45.83,46.54,45.53,45.89,117300
SUN,20141124,46.16,46.75,45.70,45.81,83700
SUN,20141121,46.38,46.38,45.54,46.20,574700
SUN,20141120,45.47,47.62,45.47,46.21,1469400
SUN,20141119,45.81,46.15,45.47,45.53,170500
SUN,20141118,45.69,46.23,45.65,45.95,217600
SUN,20141117,45.36,46.01,44.82,45.69,93500
SUN,20141114,44.01,46.00,43.95,45.67,273200
SUN,20141113,45.50,46.25,44.56,45.48,351200
SUN,20141112,45.00,46.23,44.66,45.27,221900
SUN,20141111,45.27,46.08,44.52,45.05,186300
SUN,20141110,45.55,45.77,44.55,45.50,215200
SUN,20141107,44.12,46.25,43.74,45.61,314300
SUN,20141106,44.62,45.54,44.24,44.40,144400
SUN,20141105,44.83,45.10,43.58,45.00,272700
SUN,20141104,44.22,45.83,44.00,44.97,387400
SUN,20141103,46.25,46.25,45.00,45.41,193300
SUN,20141031,45.70,46.50,45.70,46.07,236600
SUN,20141030,46.14,46.25,45.70,45.79,276300
SUN,20141029,46.26,46.44,45.91,46.20,439000
SUN,20141028,46.01,46.38,45.69,46.38,337000
SUN,20141027,46.16,46.24,45.10,46.20,168600
SUN,20141024,45.20,46.19,45.11,46.00,551600
SUN,20141023,45.90,45.99,45.26,45.31,1081900
SUN,20141022,45.41,45.65,45.00,45.42,5824000
SUN,20141021,47.39,47.39,44.13,46.43,1231700
SUN,20141020,50.49,50.49,49.29,49.80,32800
SUN,20141017,50.59,51.11,49.52,50.21,147500
SUN,20141016,44.14,49.79,44.14,49.58,120800
SUN,20141015,44.00,46.00,42.28,45.47,157900
SUN,20141014,43.96,45.66,42.52,44.00,131800
SUN,20141013,44.42,45.76,43.06,44.25,156300
SUN,20141010,48.00,48.21,44.00,45.05,168000
SUN,20141009,50.45,50.57,45.85,48.40,238400
SUN,20141008,51.98,51.98,49.25,50.40,154400
SUN,20141007,55.00,55.00,52.11,52.21,195100
SUN,20141006,55.42,55.99,54.78,54.95,144400
SUN,20141003,55.03,55.42,54.73,55.00,35600
SUN,20141002,54.53,55.86,53.58,55.29,97100
SUN,20141001,54.69,55.84,54.61,54.78,54900
SUN,20140930,54.78,55.41,54.52,55.00,21100
SUN,20140929,54.79,55.26,53.51,54.87,28800
SUN,20140926,52.50,54.79,52.46,54.50,62700
SUN,20140925,53.00,53.00,51.27,52.24,39900
SUN,20140924,53.55,53.92,51.86,53.22,43700
SUN,20140923,53.71,54.41,52.40,53.84,24400
SUN,20140922,54.05,54.97,53.45,53.87,27900
SUN,20140919,53.31,54.40,52.67,53.87,26100
SUN,20140918,52.80,53.28,52.51,53.10,16000
SUN,20140917,52.44,53.15,52.01,52.73,41600
SUN,20140916,52.13,52.71,51.74,52.67,33800
SUN,20140915,52.35,53.48,51.68,52.41,76800
SUN,20140912,50.66,52.96,50.39,52.60,90900
SUN,20140911,50.84,51.25,49.34,50.89,137900
SUN,20140910,52.10,52.13,50.43,50.66,78800
SUN,20140909,51.10,52.51,51.10,51.98,36800
SUN,20140908,52.62,53.84,50.40,51.11,113200
SUN,20140905,53.50,54.50,51.55,52.97,65800
SUN,20140904,55.75,55.77,53.44,53.52,105600
SUN,20140903,56.89,56.96,55.50,55.97,41100
SUN,20140902,57.00,57.00,56.50,56.98,35900
SUN,20140829,57.43,57.43,56.66,57.08,68000
SUN,20140828,56.92,57.54,56.55,57.21,49000
SUN,20140827,58.50,58.50,55.56,57.15,183000
SUN,20140826,59.70,59.72,58.38,58.97,29600
SUN,20140825,59.05,59.99,58.76,59.24,31000
SUN,20140822,58.50,59.28,58.03,59.27,28700
SUN,20140821,58.34,59.81,57.96,58.25,66100
SUN,20140820,57.17,59.74,56.25,58.00,39100
SUN,20140819,57.53,59.00,56.95,57.49,40200
SUN,20140818,56.26,57.95,55.54,57.80,38300
SUN,20140815,55.65,56.45,55.36,56.01,52800
SUN,20140814,56.90,56.90,53.62,55.88,85700
SUN,20140813,54.58,57.55,53.29,56.02,80200
SUN,20140812,52.99,54.65,52.77,54.50,62200
SUN,20140811,51.59,52.75,50.59,52.68,50100
SUN,20140808,51.00,51.86,50.30,51.75,42100
SUN,20140807,50.97,51.83,50.56,51.38,67400
SUN,20140806,50.62,51.10,50.25,50.84,37200
SUN,20140805,50.61,51.28,50.06,50.84,105200
SUN,20140804,50.28,51.42,49.40,51.22,168100
SUN,20140801,50.77,50.98,49.04,50.38,178300
SUN,20140731,50.32,51.18,50.32,51.10,55300
SUN,20140730,50.92,51.49,50.63,51.16,39600
SUN,20140729,50.74,51.49,50.74,51.20,50400
SUN,20140728,51.01,51.50,50.44,51.14,30800
SUN,20140725,50.70,51.28,50.51,51.01,46200
SUN,20140724,51.00,51.50,50.72,50.90,25800
SUN,20140723,50.27,51.15,50.27,50.72,26000
SUN,20140722,51.08,51.66,50.33,50.33,54200
SUN,20140721,50.58,51.93,50.03,51.19,69800
SUN,20140718,51.29,51.90,50.76,51.39,48300
SUN,20140717,50.35,51.55,50.14,51.49,75100
SUN,20140716,50.01,50.72,48.43,50.05,59700
SUN,20140715,50.22,51.73,49.83,49.98,73900
SUN,20140714,49.87,50.67,49.45,50.25,81900
SUN,20140711,49.56,49.87,49.04,49.50,217300
SUN,20140710,48.82,49.78,48.35,49.35,121500
SUN,20140709,48.74,50.36,48.64,48.86,124800
SUN,20140708,48.24,48.38,47.49,48.00,79600
SUN,20140707,47.50,48.46,47.19,47.90,77400
SUN,20140703,47.42,47.84,46.94,47.69,17900
SUN,20140702,47.06,48.19,46.61,47.25,100400
SUN,20140701,46.92,47.25,46.49,46.94,75500
SUN,20140630,46.87,47.14,46.50,46.93,78000
SUN,20140627,46.45,46.91,46.03,46.90,54800
SUN,20140626,46.38,46.60,45.78,46.40,47500
SUN,20140625,45.73,46.35,45.73,46.23,62200
SUN,20140624,46.05,46.93,45.47,46.40,48500
SUN,20140623,45.39,46.39,45.23,45.75,47700
SUN,20140620,45.15,45.83,44.30,45.56,28500
SUN,20140619,45.25,45.37,44.63,44.97,31800
SUN,20140618,45.00,45.50,44.73,45.21,41100
SUN,20140617,45.50,45.83,44.74,45.03,15100
SUN,20140616,45.89,46.78,45.47,45.50,75200
SUN,20140613,46.12,46.12,45.32,45.73,50800
SUN,20140612,45.36,46.15,45.27,46.00,39800
SUN,20140611,45.04,45.88,44.64,45.85,38800
SUN,20140610,45.12,45.56,44.59,44.96,38400
SUN,20140609,46.09,46.50,44.88,45.18,90700
SUN,20140606,45.94,46.56,45.10,46.31,92600
SUN,20140605,46.71,46.92,45.86,46.11,191000
SUN,20140604,46.33,47.47,46.05,46.94,140700
SUN,20140603,47.00,47.50,47.00,47.32,71600
SUN,20140602,47.70,47.72,46.77,47.18,71300
SUN,20140530,46.56,47.79,46.11,47.20,133200
SUN,20140529,46.39,46.74,45.88,46.40,134700
SUN,20140528,46.00,46.59,45.83,46.31,90600
SUN,20140527,46.40,46.40,45.32,46.05,61900
SUN,20140523,46.10,46.50,46.10,46.49,63700
SUN,20140522,45.94,46.54,45.68,46.08,66200
SUN,20140521,45.41,45.95,45.41,45.62,62100
SUN,20140520,44.83,45.49,44.68,45.27,72000
SUN,20140519,43.68,45.20,43.68,44.90,60100
SUN,20140516,43.88,44.80,43.11,43.86,124500
SUN,20140515,44.61,44.61,43.02,44.23,77700
SUN,20140514,44.31,44.80,43.99,44.50,162800
SUN,20140513,44.74,45.46,44.00,44.45,161900
SUN,20140512,42.67,44.00,42.67,43.89,217500
SUN,20140509,42.30,44.00,42.30,42.50,106100
SUN,20140508,43.00,43.36,42.12,42.38,110400
SUN,20140507,41.50,43.08,41.50,42.99,200700
SUN,20140506,42.44,42.95,42.24,42.24,118500
SUN,20140505,42.53,43.47,42.15,42.79,103600
SUN,20140502,42.94,45.00,42.03,42.44,112900
SUN,20140501,41.89,43.75,41.50,42.95,387900
SUN,20140430,42.70,42.70,40.51,41.70,487900
SUN,20140429,44.64,44.95,42.30,42.70,449100
SUN,20140428,43.02,47.93,43.02,44.97,1137500
SUN,20140425,36.99,36.99,36.63,36.87,28200
SUN,20140424,37.00,37.00,36.61,36.94,16900
SUN,20140423,36.72,36.89,36.42,36.88,11400
SUN,20140422,36.66,36.90,36.54,36.89,18300
SUN,20140421,36.34,36.60,36.27,36.60,17000
SUN,20140417,36.46,36.60,36.32,36.46,15800
SUN,20140416,36.39,36.46,36.15,36.46,9500
SUN,20140415,36.31,36.40,36.00,36.40,6800
SUN,20140414,36.29,36.46,36.14,36.31,4700
SUN,20140411,35.98,36.39,35.60,36.07,9700
SUN,20140410,36.40,36.72,35.51,36.04,42600
SUN,20140409,36.60,36.60,36.38,36.38,17800
SUN,20140408,36.49,36.64,36.17,36.64,24700
SUN,20140407,36.15,36.51,35.92,36.49,27700
SUN,20140404,36.29,36.51,35.87,36.37,50500
SUN,20140403,36.00,36.78,35.74,36.12,51800
SUN,20140402,35.60,36.16,35.31,35.96,22600
SUN,20140401,35.08,35.74,35.08,35.60,114200
SUN,20140331,35.10,35.43,34.73,35.15,68800
SUN,20140328,34.55,35.25,34.05,35.08,12800
SUN,20140327,34.40,34.82,33.97,34.67,20600
SUN,20140326,33.66,34.68,33.58,34.60,18200
SUN,20140325,35.16,35.59,34.61,34.72,16200
SUN,20140324,35.00,35.55,34.65,35.15,98900
SUN,20140321,32.73,35.27,32.73,34.95,197300
SUN,20140320,33.26,33.73,32.61,32.73,272900
SUN,20140319,34.12,34.25,32.67,32.96,95200
SUN,20140318,35.34,35.54,34.24,34.32,73800
SUN,20140317,35.45,36.08,35.27,35.47,15000
SUN,20140314,35.97,36.59,35.14,35.41,21400
SUN,20140313,36.54,36.54,35.80,35.85,23600
SUN,20140312,36.77,37.40,36.16,36.47,20300
SUN,20140311,37.32,37.41,36.77,36.83,25600
SUN,20140310,37.21,37.29,37.06,37.13,16000
SUN,20140307,36.74,37.25,36.64,36.90,30500
SUN,20140306,37.35,37.44,36.45,36.63,74800
SUN,20140305,37.00,37.38,36.76,37.06,93100
SUN,20140304,36.35,37.36,36.28,37.22,101200
SUN,20140303,35.50,36.21,35.50,36.04,46200
SUN,20140228,35.66,36.00,34.30,35.41,37900
SUN,20140227,36.05,36.20,35.51,35.85,26200
SUN,20140226,36.31,36.88,36.05,36.07,19700
SUN,20140225,36.89,37.25,36.24,36.57,16100
SUN,20140224,36.36,36.89,36.25,36.83,16600
SUN,20140221,35.51,36.15,35.51,36.15,43900
SUN,20140220,35.30,35.47,35.07,35.44,29200
SUN,20140219,35.08,35.50,35.08,35.31,12800
SUN,20140218,35.23,35.45,35.03,35.28,15200
SUN,20140214,35.10,35.23,34.92,35.23,13200
SUN,20140213,34.58,35.23,34.58,35.10,16000
SUN,20140212,35.23,35.36,35.00,35.12,33200
SUN,20140211,35.05,35.33,34.89,35.05,17000
SUN,20140210,35.00,35.25,34.64,35.10,17000
SUN,20140207,34.95,35.44,34.95,35.00,13100
SUN,20140206,34.49,34.95,34.12,34.39,21900
SUN,20140205,33.97,34.54,33.80,34.38,11900
SUN,20140204,33.92,34.46,33.89,34.16,19000
SUN,20140203,34.82,34.83,33.76,33.80,8900
SUN,20140131,34.30,34.80,33.90,34.63,18000
SUN,20140130,33.68,34.41,33.68,34.40,16600
SUN,20140129,33.88,34.09,33.56,33.56,7300
SUN,20140128,33.90,34.36,33.85,33.90,8800
SUN,20140127,34.80,34.80,33.81,34.41,38800
SUN,20140124,34.07,35.20,34.07,34.37,52100
SUN,20140123,33.95,34.65,33.95,34.62,19300
SUN,20140122,34.81,34.81,33.53,34.17,30800
SUN,20140121,33.85,34.00,33.49,33.50,15000
SUN,20140117,34.42,34.73,33.62,33.84,19500
SUN,20140116,35.18,35.34,34.25,34.26,38900
SUN,20140115,33.75,35.69,33.75,34.74,30500
SUN,20140114,34.75,35.21,33.52,34.06,22700
SUN,20140113,34.00,34.92,33.54,34.41,112700
SUN,20140110,33.22,33.85,33.00,33.85,16000
SUN,20140109,32.98,33.22,32.89,33.14,7200
SUN,20140108,33.17,33.24,32.91,33.05,5400
SUN,20140107,32.83,33.36,32.47,33.12,9100
SUN,20140106,33.21,33.66,32.36,32.36,14000
SUN,20140103,32.67,33.09,32.13,33.02,20200
SUN,20140102,33.00,33.00,32.00,32.83,30600
SUN,20131231,33.38,33.95,32.20,33.10,46200
SUN,20131230,34.10,34.10,33.16,33.20,86700
SUN,20131227,33.96,34.10,33.53,34.00,11200
SUN,20131226,33.64,34.01,33.41,33.95,4900
SUN,20131224,33.59,33.88,33.55,33.86,5000
SUN,20131223,33.55,34.25,33.40,34.00,8100
SUN,20131220,32.95,33.60,32.45,33.39,20300
SUN,20131219,32.68,33.23,32.14,32.22,7500
SUN,20131218,32.30,32.75,32.03,32.54,15900
SUN,20131217,32.35,32.72,32.04,32.41,6900
SUN,20131216,32.32,32.67,32.16,32.23,12700
SUN,20131213,32.88,33.25,32.40,32.56,11400
SUN,20131212,32.31,32.77,32.31,32.68,11300
SUN,20131211,32.20,32.45,32.20,32.30,11400
SUN,20131210,32.21,32.54,32.14,32.26,13700
SUN,20131209,32.20,32.71,32.20,32.24,14100
SUN,20131206,32.01,32.50,31.93,32.19,25700
SUN,20131205,32.00,32.42,31.71,32.11,38200
SUN,20131204,31.83,32.36,31.56,31.92,58700
SUN,20131203,32.11,32.50,32.00,32.15,56300
SUN,20131202,36.66,36.66,31.66,32.46,155400
SUN,20131129,33.40,33.97,33.33,33.65,20400
SUN,20131127,33.14,33.40,32.61,33.39,9000
SUN,20131126,33.15,33.40,32.82,32.82,10100
SUN,20131125,33.40,33.40,33.00,33.28,10900
SUN,20131122,33.39,33.44,33.12,33.40,46400
SUN,20131121,33.44,33.44,33.20,33.30,11200
SUN,20131120,33.21,33.53,33.16,33.45,31700
SUN,20131119,33.18,33.83,33.13,33.50,28000
SUN,20131118,33.00,33.96,32.69,33.16,25600
SUN,20131115,32.70,33.14,32.32,32.32,20400
SUN,20131114,33.03,33.93,32.62,32.79,30400
SUN,20131113,33.82,34.00,33.01,33.39,42700
SUN,20131112,32.71,33.86,32.71,33.02,58100
SUN,20131111,33.52,34.00,32.01,32.71,28600
SUN,20131108,32.90,33.44,32.15,33.27,35500
SUN,20131107,33.01,33.40,32.10,32.70,57300
SUN,20131106,31.08,32.99,30.99,32.70,123200
SUN,20131105,31.16,31.49,31.00,31.00,42300
SUN,20131104,31.33,31.45,31.10,31.10,18700
SUN,20131101,31.38,31.64,31.00,31.10,21600
SUN,20131031,31.20,31.60,30.99,31.07,11300
SUN,20131030,31.56,31.65,31.44,31.44,4800
SUN,20131029,31.35,31.70,31.35,31.56,7600
SUN,20131028,31.37,31.37,31.07,31.24,7400
SUN,20131025,31.81,31.81,31.14,31.14,13300
SUN,20131024,32.00,32.11,31.45,31.45,10600
SUN,20131023,31.55,32.47,31.22,31.60,45400
SUN,20131022,31.30,31.67,31.15,31.48,43500
SUN,20131021,31.03,32.57,31.03,31.34,30100
SUN,20131018,31.61,31.61,31.00,31.43,12500
SUN,20131017,31.13,31.81,30.88,31.50,26600
SUN,20131016,31.36,31.50,30.82,31.00,15400
SUN,20131015,30.90,31.55,30.76,30.89,60800
SUN,20131014,30.87,31.68,30.05,30.70,31200
SUN,20131011,30.23,31.96,30.17,30.95,21300
SUN,20131010,31.25,31.38,31.20,31.26,28300
SUN,20131009,30.50,31.92,30.50,31.38,48400
SUN,20131008,30.65,31.07,30.15,30.22,28100
SUN,20131007,31.05,31.55,30.52,30.61,32200
SUN,20131004,31.82,32.30,31.20,31.45,26300
SUN,20131003,31.80,32.58,31.26,31.26,50100
SUN,20131002,32.29,32.30,31.60,31.72,70200
SUN,20131001,30.72,32.59,30.67,31.78,163500
SUN,20130930,30.28,30.99,30.09,30.12,5700
SUN,20130927,30.88,30.99,30.25,30.59,5400
SUN,20130926,30.80,30.86,30.05,30.22,12100
SUN,20130925,30.30,31.65,29.93,30.33,10600
SUN,20130924,29.61,30.18,29.61,30.12,11000
SUN,20130923,30.20,30.31,29.27,30.00,16800
SUN,20130920,31.15,31.39,30.12,30.25,16500
SUN,20130919,31.00,31.90,31.00,31.17,28100
SUN,20130918,31.10,31.77,30.51,31.03,26600
SUN,20130917,31.12,31.52,30.74,31.20,28200
SUN,20130916,31.00,31.74,30.89,30.95,10300
SUN,20130913,30.92,32.37,30.70,30.90,24600
SUN,20130912,31.88,32.61,30.51,30.61,25200
SUN,20130911,31.68,32.14,31.12,31.30,18500
SUN,20130910,31.51,32.05,31.33,31.40,10900
SUN,20130909,31.15,31.73,31.11,31.21,16900
SUN,20130906,31.06,32.84,30.52,31.11,44900
SUN,20130905,31.52,31.85,30.47,30.83,10400
SUN,20130904,31.70,31.84,31.50,31.52,13900
SUN,20130903,30.75,31.70,30.75,31.69,21100
SUN,20130830,30.50,31.40,30.50,30.89,19600
SUN,20130829,30.23,30.69,29.60,30.49,12900
SUN,20130828,29.60,30.40,29.60,29.95,64300
SUN,20130827,29.68,29.72,28.83,29.65,11700
SUN,20130826,29.89,30.17,28.80,28.85,34400
SUN,20130823,29.00,29.50,28.64,28.69,29700
SUN,20130822,29.12,29.12,28.91,28.91,32000
SUN,20130821,29.30,29.52,28.87,29.00,28300
SUN,20130820,29.47,29.63,28.83,29.30,10000
SUN,20130819,29.64,29.64,29.02,29.30,8400
SUN,20130816,30.34,30.34,29.24,29.62,37100
SUN,20130815,30.48,30.74,30.15,30.39,21100
SUN,20130814,30.35,30.97,30.35,30.87,60300
SUN,20130813,30.45,30.56,30.00,30.39,23400
SUN,20130812,29.88,30.44,29.88,30.34,13300
SUN,20130809,30.52,30.63,30.06,30.30,22800
SUN,20130808,30.14,30.71,30.06,30.44,21200
SUN,20130807,29.95,30.07,29.77,29.91,5500
SUN,20130806,29.45,30.47,29.42,30.02,17500
SUN,20130805,29.75,29.75,29.47,29.62,10100
SUN,20130802,29.51,30.13,29.50,29.57,25700
SUN,20130801,29.83,30.00,29.25,29.25,24200
SUN,20130731,29.54,29.75,29.33,29.56,11600
SUN,20130730,29.28,29.79,28.98,29.18,46500
SUN,20130729,29.18,29.45,29.02,29.25,12200
SUN,20130726,29.10,29.29,28.90,29.03,20300
SUN,20130725,29.00,29.14,28.91,29.10,25500
SUN,20130724,29.19,29.32,29.07,29.13,18300
SUN,20130723,29.28,29.28,29.03,29.11,18300
SUN,20130722,29.50,29.50,29.16,29.29,19400
SUN,20130719,29.30,29.73,29.30,29.43,17600
SUN,20130718,29.50,29.50,29.32,29.35,25600
SUN,20130717,29.32,29.56,29.17,29.43,27000
SUN,20130716,29.35,29.35,29.10,29.27,15900
SUN,20130715,29.56,29.56,29.12,29.38,12900
SUN,20130712,29.39,29.87,29.33,29.66,15700
SUN,20130711,29.66,29.66,29.09,29.38,11000
SUN,20130710,29.46,29.60,29.46,29.59,6400
SUN,20130709,29.38,29.93,29.38,29.58,5400
SUN,20130708,29.58,29.65,29.04,29.08,9300
SUN,20130705,29.33,29.36,29.15,29.34,4300
SUN,20130703,29.12,29.44,29.12,29.43,4300
SUN,20130702,29.36,29.50,29.18,29.40,15900
SUN,20130701,29.60,29.85,29.23,29.50,13800
SUN,20130628,30.05,30.05,29.30,29.30,48700
SUN,20130627,29.00,30.15,29.00,30.07,12500
SUN,20130626,28.79,29.02,27.75,28.99,24900
SUN,20130625,27.64,27.97,27.16,27.81,15900
SUN,20130624,28.28,28.34,26.80,27.64,122400
SUN,20130621,28.13,28.81,28.06,28.55,16500
SUN,20130620,28.23,28.50,28.06,28.12,15700
SUN,20130619,28.29,28.43,28.21,28.41,8900
SUN,20130618,28.25,28.68,28.06,28.32,56700
SUN,20130617,28.29,28.71,28.01,28.21,53700
SUN,20130614,28.35,28.47,28.01,28.47,40700
SUN,20130613,28.02,28.43,27.72,28.24,35100
SUN,20130612,28.50,28.54,28.15,28.15,157900
SUN,20130611,28.42,28.71,28.40,28.42,43200
SUN,20130610,28.88,29.09,28.41,28.41,20600
SUN,20130607,29.01,29.01,28.50,28.65,111200
SUN,20130606,28.38,29.26,28.32,29.13,42100
SUN,20130605,28.86,29.25,28.07,28.38,42200
SUN,20130604,27.86,29.70,27.86,29.04,257900
SUN,20130603,28.53,28.57,26.81,27.72,136600
SUN,20130531,28.73,29.47,28.46,28.84,117000
SUN,20130530,29.14,29.34,28.33,28.54,49400
SUN,20130529,29.24,29.52,28.14,28.77,108200
SUN,20130528,30.28,30.28,29.11,29.39,72500
SUN,20130524,30.14,30.30,30.00,30.01,22200
SUN,20130523,30.96,30.96,29.96,30.05,122600
SUN,20130522,31.00,31.33,30.77,31.00,26700
SUN,20130521,31.79,31.79,31.00,31.00,13600
SUN,20130520,31.13,31.56,30.76,31.56,2800
SUN,20130517,30.62,31.79,30.62,30.95,25600
SUN,20130516,30.77,30.86,30.74,30.75,1000
SUN,20130515,31.72,31.89,31.47,31.47,46400
SUN,20130514,31.75,31.96,31.68,31.72,12000
SUN,20130513,31.83,31.92,31.52,31.75,12300
SUN,20130510,29.88,31.93,29.70,31.56,37900
SUN,20130509,30.05,30.30,29.51,29.64,43800
SUN,20130508,30.03,30.32,29.74,30.05,96300
SUN,20130507,30.27,30.53,30.06,30.35,51600
SUN,20130506,30.54,30.73,30.27,30.36,26000
SUN,20130503,30.91,30.91,30.26,30.50,88100
SUN,20130502,30.87,31.26,30.39,30.72,53500
SUN,20130501,30.97,30.97,30.50,30.72,48200
SUN,20130430,31.60,31.60,30.54,30.91,87800
SUN,20130429,31.54,31.60,31.30,31.58,11900
SUN,20130426,31.63,31.84,31.27,31.30,4400
SUN,20130425,31.68,31.94,31.17,31.49,10300
SUN,20130424,31.60,31.74,31.10,31.46,14800
SUN,20130423,31.69,31.75,31.11,31.60,19800
SUN,20130422,31.60,32.12,31.00,31.89,17900
SUN,20130419,31.98,32.05,31.43,31.77,24200
SUN,20130418,32.18,32.18,31.81,32.00,37400
SUN,20130417,31.71,32.18,31.53,32.00,35000
SUN,20130416,31.15,31.90,31.15,31.90,5500
SUN,20130415,31.02,31.23,30.52,31.21,25600
SUN,20130412,31.71,31.96,31.04,31.37,34100
SUN,20130411,31.93,32.18,31.70,31.96,11200
SUN,20130410,31.83,32.35,31.80,31.84,27800
SUN,20130409,31.44,31.74,31.44,31.55,10100
SUN,20130408,31.17,31.51,31.10,31.40,19000
SUN,20130405,30.73,31.15,30.50,30.98,26800
SUN,20130404,31.09,31.19,30.51,31.03,14300
SUN,20130403,32.05,32.13,30.55,31.13,51700
SUN,20130402,32.24,32.43,31.88,31.96,29800
SUN,20130401,32.60,32.78,32.01,32.15,41500
SUN,20130328,32.70,32.89,32.16,32.50,22500
SUN,20130327,32.65,32.96,32.03,32.60,78000
SUN,20130326,32.61,33.04,32.06,32.84,17600
SUN,20130325,32.46,32.78,31.99,32.43,36800
SUN,20130322,32.40,33.41,32.21,32.39,34900
SUN,20130321,32.00,32.45,31.82,32.42,51500
SUN,20130320,31.77,32.48,31.77,32.04,46800
SUN,20130319,31.40,31.83,31.40,31.65,52500
SUN,20130318,31.44,31.65,31.11,31.30,46200
SUN,20130315,31.66,31.93,31.66,31.80,23400
SUN,20130314,31.32,31.75,31.25,31.66,18100
SUN,20130313,31.30,31.50,30.81,31.42,49800
SUN,20130312,30.95,31.26,30.64,31.26,27800
SUN,20130311,30.96,30.98,30.51,30.98,37100
SUN,20130308,30.89,30.96,30.59,30.82,34300
SUN,20130307,30.86,30.86,30.14,30.79,39600
SUN,20130306,30.42,30.96,30.42,30.86,43100
SUN,20130305,29.60,30.14,29.54,30.10,67300
SUN,20130304,29.55,29.83,29.22,29.63,111100
SUN,20130301,29.08,29.44,28.92,29.39,36300
SUN,20130228,28.77,29.23,28.77,29.14,74900
SUN,20130227,29.05,29.59,28.29,28.69,129200
SUN,20130226,28.40,29.25,28.12,29.25,181100
SUN,20130225,28.18,29.02,27.89,28.31,84500
SUN,20130222,27.42,27.99,27.42,27.95,55100
SUN,20130221,27.37,27.63,26.84,27.45,104800
SUN,20130220,28.37,28.73,27.56,27.71,69400
SUN,20130219,26.78,28.48,25.85,28.37,417900
SUN,20130215,27.98,28.01,26.52,26.71,180900
SUN,20130214,27.67,28.75,27.61,27.75,71200
SUN,20130213,28.68,29.29,28.00,28.30,81500
SUN,20130212,29.29,29.29,28.39,28.43,45100
SUN,20130211,29.13,29.13,28.84,29.00,33000
SUN,20130208,28.50,29.20,28.50,29.13,19900
SUN,20130207,28.56,28.95,28.44,28.66,22700
SUN,20130206,28.41,28.91,28.31,28.81,21900
SUN,20130205,27.97,28.47,27.97,28.41,30900
SUN,20130204,28.00,28.13,27.90,27.93,24400
SUN,20130201,28.99,29.12,27.52,27.98,359100
SUN,20130131,28.65,29.12,28.65,29.00,60800
SUN,20130130,28.83,29.12,28.75,28.75,36100
SUN,20130129,29.06,29.11,28.86,28.88,26300
SUN,20130128,29.05,29.05,28.81,28.93,16100
SUN,20130125,29.06,29.14,28.75,28.95,38300
SUN,20130124,29.01,29.14,28.84,28.93,17000
SUN,20130123,28.93,29.13,28.83,28.88,13400
SUN,20130122,28.96,29.37,28.94,28.99,30300
SUN,20130118,28.62,29.41,28.62,28.97,38500
SUN,20130117,29.25,30.12,28.53,28.72,90700
SUN,20130116,28.81,29.25,28.74,29.11,98200
SUN,20130115,28.46,28.92,28.43,28.68,31300
SUN,20130114,28.77,28.95,28.05,28.79,79200
SUN,20130111,28.64,28.99,28.28,28.71,93700
SUN,20130110,28.27,28.89,27.91,28.64,74100
SUN,20130109,27.47,28.40,27.18,28.30,123100
SUN,20130108,26.90,27.47,26.81,27.22,73100
SUN,20130107,26.78,26.97,26.27,26.81,36800
SUN,20130104,26.47,26.85,25.98,26.76,60700
SUN,20130103,25.95,27.00,25.66,26.86,43900
SUN,20130102,25.42,26.00,25.42,25.99,82800
SUN,20121231,24.99,25.24,24.87,25.16,39500
SUN,20121228,24.93,25.10,24.71,24.87,150400
SUN,20121227,24.91,25.21,24.77,24.91,79200
SUN,20121226,25.06,25.26,24.85,24.93,32900
SUN,20121224,25.27,25.29,24.76,25.17,18300
SUN,20121221,25.03,25.36,24.77,24.90,96100
SUN,20121220,24.84,25.53,24.84,24.97,40800
SUN,20121219,25.06,25.32,24.82,25.10,35600
SUN,20121218,24.95,25.44,24.74,24.91,43800
SUN,20121217,24.80,25.19,24.72,24.90,49500
SUN,20121214,24.68,25.00,24.52,24.58,43700
SUN,20121213,24.44,24.88,24.32,24.49,47300
SUN,20121212,24.88,25.30,24.38,24.48,60500
SUN,20121211,25.00,25.05,24.88,24.88,44000
SUN,20121210,25.15,25.18,24.85,24.85,34400
SUN,20121207,24.73,25.17,24.73,24.98,42200
SUN,20121206,25.18,25.25,24.71,24.75,50100
SUN,20121205,25.22,25.40,24.98,25.23,68700
SUN,20121204,25.15,25.25,24.78,24.85,205700
SUN,20121203,25.29,25.50,25.02,25.25,84400
SUN,20121130,24.38,25.28,24.38,24.97,107000
SUN,20121129,24.75,24.90,24.32,24.49,32100
SUN,20121128,24.30,24.75,24.13,24.55,37500
SUN,20121127,24.27,24.44,24.15,24.20,34500
SUN,20121126,24.19,24.29,23.95,24.23,23300
SUN,20121123,24.30,24.43,24.06,24.32,27400
SUN,20121121,24.26,24.44,24.10,24.33,36600
SUN,20121120,24.50,24.66,24.09,24.11,84600
SUN,20121119,24.70,25.09,24.18,24.41,128300
SUN,20121116,24.15,25.07,23.79,24.46,74700
SUN,20121115,24.60,24.98,23.79,24.15,108900
SUN,20121114,25.44,25.44,24.43,24.66,114800
SUN,20121113,25.70,25.99,25.11,25.31,118400
SUN,20121112,24.97,25.96,24.91,25.96,159500
SUN,20121109,24.21,24.84,24.10,24.76,80100
SUN,20121108,24.36,24.64,24.04,24.34,95100
SUN,20121107,24.13,24.43,23.65,24.22,80600
SUN,20121106,23.91,24.28,23.80,23.92,118100
SUN,20121105,24.25,24.50,23.76,23.91,181000
SUN,20121102,24.79,24.98,23.90,24.08,183400
SUN,20121101,24.93,25.25,24.41,24.61,153100
SUN,20121031,25.24,25.70,24.35,24.58,188100
SUN,20121026,24.48,24.79,24.21,24.40,159900
SUN,20121025,24.61,24.95,24.32,24.35,109300
SUN,20121024,24.90,25.25,24.50,24.50,242000
SUN,20121023,24.85,25.35,24.81,24.90,131400
SUN,20121022,25.20,25.51,25.02,25.10,263700
SUN,20121019,25.35,25.54,25.02,25.11,337600
SUN,20121018,24.91,25.56,24.81,25.21,282500
SUN,20121017,25.40,25.46,24.96,25.01,176900
SUN,20121016,25.57,26.34,24.91,25.26,272700
SUN,20121015,25.73,26.00,25.20,25.28,209700
SUN,20121012,24.49,25.44,24.48,24.94,498300
SUN,20121011,24.34,24.38,24.17,24.32,81000
SUN,20121010,24.00,24.19,23.84,24.10,105900
SUN,20121009,23.95,24.17,23.53,23.81,75000
SUN,20121008,24.36,24.49,23.70,23.81,109500
SUN,20121005,23.86,25.22,23.73,24.32,173500
SUN,20121004,23.79,23.97,23.40,23.84,63600
SUN,20121003,23.99,23.99,23.09,23.45,157900
SUN,20121002,23.90,24.03,23.65,23.77,77800
SUN,20121001,24.24,24.43,23.62,23.90,253200
SUN,20120928,23.39,24.10,23.39,24.00,90500
SUN,20120927,23.30,23.50,23.10,23.40,200300
SUN,20120926,23.16,23.38,22.89,23.31,87400
SUN,20120925,23.00,23.15,22.89,23.09,252800
SUN,20120924,23.25,23.36,22.89,23.03,291500
SUN,20120921,23.33,23.40,22.80,23.08,630800
SUN,20120920,23.40,23.81,22.52,22.91,4901200
