WAG,20150227,5.00,5.00,5.00,5.00,000
WAG,20150226,5.42,5.42,5.42,5.42,000
WAG,20150225,5.42,5.42,5.42,5.42,000
WAG,20150224,4.90,4.90,4.90,4.90,200
WAG,20150223,5.20,5.28,4.90,4.90,1000
WAG,20150220,5.41,5.41,5.20,5.20,800
WAG,20150219,5.43,5.50,5.43,5.50,000
WAG,20150218,5.50,5.50,5.50,5.50,000
WAG,20150217,5.52,5.52,5.50,5.50,900
WAG,20150216,5.50,5.50,5.50,5.50,000
WAG,20150213,5.51,5.51,5.50,5.50,000
WAG,20150212,5.56,5.56,5.56,5.56,000
WAG,20150211,5.56,5.60,5.42,5.60,1100
WAG,20150210,5.58,5.58,5.58,5.58,000
WAG,20150209,5.30,5.30,5.30,5.30,000
WAG,20150206,5.44,5.44,5.44,5.44,000
WAG,20150205,5.90,5.90,5.90,5.90,1000
WAG,20150204,5.30,5.30,5.30,5.30,000
WAG,20150203,5.30,5.30,5.30,5.30,000
WAG,20150202,5.56,5.56,5.30,5.30,300
WAG,20150130,5.86,5.86,5.60,5.60,000
WAG,20150129,5.72,5.72,5.72,5.72,000
WAG,20150128,5.72,5.80,5.72,5.80,000
WAG,20150127,5.61,5.61,5.61,5.61,000
WAG,20150126,5.73,5.73,5.73,5.73,000
WAG,20150123,6.05,6.05,6.05,6.05,000
WAG,20150122,5.41,5.41,5.41,5.41,000
WAG,20150121,5.73,5.73,5.73,5.73,000
WAG,20150120,5.70,5.70,5.70,5.70,000
WAG,20150119,5.93,5.93,5.93,5.93,000
WAG,20150116,5.84,5.84,5.84,5.84,000
WAG,20150115,5.30,5.90,5.30,5.90,1000
WAG,20150114,5.25,5.25,5.25,5.25,000
WAG,20150113,5.15,5.20,5.15,5.20,1100
WAG,20150112,5.00,5.50,5.00,5.50,1000
WAG,20150109,4.40,4.40,4.40,4.40,000
WAG,20150108,4.40,4.40,4.40,4.40,000
WAG,20150107,4.50,4.50,4.50,4.50,000
WAG,20150106,4.50,4.50,4.50,4.50,000
WAG,20150105,4.75,4.75,4.75,4.75,000
WAG,20150102,4.50,4.50,4.50,4.50,000
WAG,20150101,4.50,4.50,4.50,4.50,000
WAG,20141231,4.50,4.50,4.50,4.50,000
WAG,20141230,4.90,4.90,4.50,4.50,000
WAG,20141229,4.90,4.90,4.90,4.90,000
WAG,20141226,4.90,4.90,4.90,4.90,000
WAG,20141225,4.90,4.90,4.90,4.90,000
WAG,20141224,4.90,4.90,4.90,4.90,000
WAG,20141223,4.90,4.90,4.90,4.90,000
WAG,20141222,4.90,4.90,4.90,4.90,000
WAG,20141219,4.46,4.46,4.46,4.46,000
WAG,20141218,4.89,4.89,4.89,4.89,000
WAG,20141217,4.99,4.99,4.99,4.99,000
WAG,20141216,4.52,4.99,4.52,4.99,100
WAG,20141215,4.75,4.75,4.75,4.75,000
WAG,20141212,4.85,4.85,4.75,4.75,000
WAG,20141211,4.85,4.85,4.85,4.85,100
WAG,20141210,4.80,5.00,4.80,4.80,100
WAG,20141209,4.69,4.69,4.69,4.69,100
WAG,20141208,4.69,4.69,4.69,4.69,100
WAG,20141205,4.69,4.69,4.69,4.69,000
WAG,20141204,4.90,4.90,4.90,4.90,000
WAG,20141203,4.90,4.90,4.90,4.90,000
WAG,20141202,4.86,4.86,4.86,4.86,000
WAG,20141201,5.75,5.75,5.75,5.75,000
WAG,20141128,5.75,5.75,5.75,5.75,000
WAG,20141127,5.65,5.85,5.65,5.85,200
WAG,20141126,5.65,5.65,5.65,5.65,000
WAG,20141125,5.56,5.65,5.56,5.65,000
WAG,20141124,5.70,5.70,5.70,5.70,000
WAG,20141121,5.70,5.70,5.70,5.70,000
WAG,20141120,5.70,5.70,5.70,5.70,000
WAG,20141119,5.70,5.70,5.70,5.70,000
WAG,20141118,5.70,5.70,5.70,5.70,000
WAG,20141117,5.70,5.70,5.70,5.70,000
WAG,20141114,5.75,5.75,5.75,5.75,000
WAG,20141113,5.75,5.75,5.75,5.75,000
WAG,20141112,5.80,5.82,5.80,5.82,000
WAG,20141111,5.89,5.89,5.85,5.87,000
WAG,20141110,5.77,6.15,5.77,5.95,100
WAG,20141107,5.28,5.82,5.28,5.82,100
WAG,20141106,4.96,5.45,4.96,5.45,200
WAG,20141105,5.26,5.45,5.26,5.45,000
WAG,20141104,5.19,5.19,5.19,5.19,000
WAG,20141103,5.06,5.35,5.06,5.35,000
WAG,20141031,5.36,5.36,5.06,5.23,200
WAG,20141030,5.36,5.47,5.36,5.36,400
WAG,20141029,5.43,5.48,5.36,5.36,400
WAG,20141028,5.43,5.56,5.43,5.56,100
WAG,20141027,5.57,5.57,5.57,5.57,000
WAG,20141024,5.31,5.31,5.31,5.31,000
WAG,20141023,5.23,5.23,5.23,5.23,000
WAG,20141022,5.34,5.34,5.34,5.34,000
WAG,20141021,5.35,5.35,5.35,5.35,000
WAG,20141020,5.38,5.39,5.31,5.31,000
WAG,20141017,5.38,5.46,5.30,5.38,000
WAG,20141016,5.39,5.39,5.39,5.39,000
WAG,20141015,5.39,5.39,5.39,5.39,000
WAG,20141014,5.40,5.55,5.40,5.55,000
WAG,20141013,5.40,5.77,5.38,5.77,000
WAG,20141010,5.40,5.79,5.40,5.50,200
WAG,20141009,5.18,5.85,5.18,5.40,1100
WAG,20141008,5.18,5.18,5.18,5.18,000
WAG,20141007,5.19,5.42,5.19,5.42,000
WAG,20141006,5.31,5.45,5.31,5.45,000
WAG,20141003,5.33,5.33,5.33,5.33,000
WAG,20141002,5.33,5.33,5.33,5.33,000
WAG,20141001,5.33,5.57,5.33,5.57,000
WAG,20140930,5.33,5.56,5.33,5.56,100
WAG,20140929,5.33,5.54,5.33,5.54,000
WAG,20140926,5.22,5.56,5.22,5.56,000
WAG,20140925,5.12,5.22,5.12,5.22,000
WAG,20140924,5.00,5.35,5.00,5.35,000
WAG,20140923,5.30,5.30,5.14,5.30,000
WAG,20140922,5.10,5.30,5.10,5.30,000
WAG,20140919,5.26,5.74,5.26,5.74,000
WAG,20140918,5.26,5.56,5.26,5.56,100
WAG,20140917,5.24,5.55,5.24,5.55,000
WAG,20140916,5.60,5.60,5.60,5.60,000
WAG,20140915,5.37,5.37,5.37,5.37,000
WAG,20140912,5.52,5.52,5.52,5.52,000
WAG,20140911,5.46,5.46,5.46,5.46,000
WAG,20140910,5.61,5.61,5.61,5.61,000
WAG,20140909,5.62,5.62,5.62,5.62,000
WAG,20140908,5.62,5.62,5.62,5.62,000
WAG,20140905,5.62,5.62,5.62,5.62,000
WAG,20140904,5.76,5.76,5.76,5.76,000
WAG,20140903,5.76,5.76,5.76,5.76,000
WAG,20140902,5.76,5.76,5.76,5.76,000
WAG,20140901,5.76,5.76,5.76,5.76,000
WAG,20140829,5.84,5.84,5.84,5.84,100
WAG,20140828,5.72,5.83,5.72,5.83,000
WAG,20140827,5.72,6.02,5.72,6.02,000
WAG,20140826,5.65,6.00,5.65,6.00,000
WAG,20140825,5.43,5.44,5.43,5.44,200
WAG,20140822,5.43,5.43,5.43,5.43,000
WAG,20140821,5.70,5.70,5.70,5.70,000
WAG,20140820,5.84,6.05,5.84,6.05,000
WAG,20140819,5.84,6.05,5.84,6.05,000
WAG,20140818,5.84,5.84,5.84,5.84,000
WAG,20140815,5.76,6.13,5.76,6.13,000
WAG,20140814,5.94,5.94,5.94,5.94,000
WAG,20140813,5.77,5.94,5.77,5.94,000
WAG,20140812,5.77,5.77,5.67,5.67,100
WAG,20140811,5.77,5.77,5.77,5.77,000
WAG,20140808,5.52,5.95,5.52,5.95,000
WAG,20140807,28.13,29.44,28.13,29.44,000
WAG,20140806,28.14,28.14,28.14,28.14,100
WAG,20140805,29.33,29.33,29.33,29.33,000
WAG,20140804,29.33,29.69,29.33,29.69,000
WAG,20140801,29.32,29.32,29.32,29.32,000
WAG,20140731,29.32,29.68,29.32,29.68,200
WAG,20140730,29.34,29.71,29.34,29.71,100
WAG,20140729,29.36,29.37,29.36,29.37,100
WAG,20140728,28.95,28.95,28.95,28.95,000
WAG,20140725,28.54,28.54,28.54,28.54,000
WAG,20140724,28.66,29.78,28.58,29.78,000
WAG,20140723,28.65,28.65,28.54,28.54,000
WAG,20140722,28.40,29.31,28.40,29.03,000
WAG,20140721,29.46,29.55,29.46,29.55,100
WAG,20140718,29.86,29.86,29.86,29.86,000
WAG,20140717,29.86,29.86,29.85,29.85,000
WAG,20140716,28.72,29.83,28.72,29.49,000
WAG,20140715,29.92,30.85,29.92,30.85,000
WAG,20140714,29.93,29.94,29.92,29.92,100
WAG,20140711,29.94,29.94,29.94,29.94,000
WAG,20140710,29.91,29.94,29.91,29.94,000
WAG,20140709,29.79,30.69,29.78,29.78,000
WAG,20140708,29.94,30.86,29.79,29.79,000
WAG,20140707,28.88,28.89,28.88,28.89,100
WAG,20140704,29.94,30.85,29.94,30.85,000
WAG,20140703,28.59,28.59,28.59,28.59,000
WAG,20140702,30.53,30.53,30.53,30.53,000
WAG,20140701,29.60,30.52,29.60,30.52,000
WAG,20140630,29.57,29.57,29.19,29.19,100
WAG,20140627,28.52,29.18,28.52,29.18,000
WAG,20140626,29.14,29.32,29.14,29.32,000
WAG,20140625,29.16,30.05,29.16,30.05,000
WAG,20140624,28.93,29.19,28.93,29.19,000
WAG,20140623,29.21,30.03,29.21,30.03,000
WAG,20140620,29.06,30.10,29.06,30.10,000
WAG,20140619,28.89,29.24,28.89,29.24,000
WAG,20140618,29.19,29.19,29.19,29.19,000
WAG,20140617,28.74,29.20,28.74,29.20,000
WAG,20140616,29.20,30.10,29.20,30.10,000
WAG,20140613,29.13,30.09,29.13,30.09,000
WAG,20140612,29.14,29.14,29.13,29.13,000
WAG,20140611,28.30,29.55,28.30,29.55,000
WAG,20140610,28.28,28.28,28.28,28.28,000
WAG,20140609,28.28,28.28,28.28,28.28,000
WAG,20140606,28.32,28.32,28.28,28.28,000
WAG,20140605,29.07,29.07,29.07,29.07,000
WAG,20140604,29.75,29.75,29.75,29.75,000
WAG,20140603,29.74,29.74,29.74,29.74,000
WAG,20140602,29.32,29.32,29.32,29.32,000
WAG,20140530,28.63,28.65,28.63,28.65,000
WAG,20140529,28.63,28.64,28.63,28.64,000
WAG,20140528,29.04,29.04,28.60,28.60,100
WAG,20140527,30.08,30.08,29.49,29.49,000
WAG,20140526,30.90,30.90,30.90,30.90,000
WAG,20140523,29.85,31.00,29.85,31.00,000
WAG,20140522,29.41,29.41,29.41,29.41,000
WAG,20140521,29.77,29.77,29.77,29.77,000
WAG,20140520,28.15,30.00,28.15,30.00,000
WAG,20140519,27.66,28.48,27.64,28.48,200
WAG,20140516,28.95,29.76,27.66,27.66,100
WAG,20140515,27.29,29.41,27.29,29.03,000
WAG,20140514,27.63,28.29,27.63,28.29,000
WAG,20140513,27.59,28.46,27.59,28.46,000
WAG,20140512,27.61,27.61,27.61,27.61,000
WAG,20140509,27.64,28.80,27.64,28.80,000
WAG,20140508,28.50,28.50,28.50,28.50,000
WAG,20140507,28.33,28.33,28.33,28.33,000
WAG,20140506,28.65,29.56,28.65,29.56,000
WAG,20140505,28.68,28.68,28.68,28.68,000
WAG,20140502,28.26,30.23,28.26,30.23,000
WAG,20140501,28.26,28.26,28.26,28.26,000
WAG,20140430,28.26,28.26,28.26,28.26,000
WAG,20140429,28.27,28.27,28.27,28.27,000
WAG,20140428,28.27,28.27,28.27,28.27,000
WAG,20140425,28.28,29.88,28.27,29.88,100
WAG,20140424,30.51,30.51,30.51,30.51,000
WAG,20140423,27.40,30.29,27.40,30.29,000
WAG,20140422,27.43,27.43,27.43,27.43,000
WAG,20140421,27.50,27.50,27.50,27.50,000
WAG,20140418,27.50,27.50,27.50,27.50,000
WAG,20140417,27.50,27.50,27.50,27.50,000
WAG,20140416,27.76,27.76,27.76,27.76,000
WAG,20140415,26.81,27.46,26.81,27.46,000
WAG,20140414,27.48,27.48,27.43,27.43,100
WAG,20140411,26.78,27.62,26.78,27.62,000
WAG,20140410,27.40,27.40,27.40,27.40,000
WAG,20140409,27.39,27.56,26.74,27.56,000
WAG,20140408,27.04,28.20,27.04,28.20,000
WAG,20140407,26.36,26.36,26.36,26.36,000
WAG,20130708,20.00,20.00,20.00,20.00,000
WAG,20130705,20.00,20.00,20.00,20.00,000
WAG,20130704,20.00,20.00,20.00,20.00,000
WAG,20130703,20.00,20.00,20.00,20.00,000
WAG,20130702,20.00,20.00,20.00,20.00,000
WAG,20130701,20.00,20.00,20.00,20.00,000
WAG,20130628,20.00,20.00,20.00,20.00,000
WAG,20130627,20.00,20.00,20.00,20.00,000
WAG,20130626,20.00,20.00,20.00,20.00,000
WAG,20130625,20.00,20.00,20.00,20.00,000
WAG,20130624,20.00,20.00,20.00,20.00,000
WAG,20130621,20.00,20.00,20.00,20.00,000
WAG,20130620,20.00,20.00,20.00,20.00,000
WAG,20130619,20.00,20.00,20.00,20.00,000
WAG,20130618,20.00,20.00,20.00,20.00,000
WAG,20130617,20.00,20.00,20.00,20.00,000
WAG,20130614,20.00,20.00,20.00,20.00,000
WAG,20130613,20.00,20.00,20.00,20.00,000
WAG,20130612,20.00,20.00,20.00,20.00,000
WAG,20130611,20.00,20.00,20.00,20.00,000
WAG,20130610,20.00,20.00,20.00,20.00,000
WAG,20130607,20.00,20.00,20.00,20.00,000
WAG,20130606,20.00,20.00,20.00,20.00,000
WAG,20130605,20.00,20.00,20.00,20.00,000
WAG,20130604,20.00,20.00,20.00,20.00,000
WAG,20130603,20.00,20.00,20.00,20.00,000
WAG,20130531,20.00,20.00,20.00,20.00,000
WAG,20130530,20.00,20.00,20.00,20.00,000
WAG,20130529,20.00,20.00,20.00,20.00,000
WAG,20130528,20.00,20.00,20.00,20.00,000
WAG,20130527,20.00,20.00,20.00,20.00,000
WAG,20130524,20.00,20.00,20.00,20.00,000
WAG,20130523,20.00,20.00,20.00,20.00,000
WAG,20130522,20.00,20.00,20.00,20.00,000
WAG,20130521,20.00,20.00,20.00,20.00,000
WAG,20130520,20.00,20.00,20.00,20.00,000
WAG,20130517,20.00,20.00,20.00,20.00,000
WAG,20130516,20.00,20.00,20.00,20.00,000
WAG,20130515,20.00,20.00,20.00,20.00,000
WAG,20130514,20.00,20.00,20.00,20.00,000
WAG,20130513,20.00,20.00,20.00,20.00,000
WAG,20130510,20.00,20.00,20.00,20.00,000
WAG,20130509,20.00,20.00,20.00,20.00,000
WAG,20130508,20.00,20.00,20.00,20.00,000
WAG,20130507,20.00,20.00,20.00,20.00,000
WAG,20130506,20.00,20.00,20.00,20.00,000
WAG,20130503,20.00,20.00,20.00,20.00,000
WAG,20130502,20.00,20.00,20.00,20.00,000
WAG,20130501,20.00,20.00,20.00,20.00,000
WAG,20130430,20.00,20.00,20.00,20.00,000
WAG,20130429,20.00,20.00,20.00,20.00,000
WAG,20130426,20.00,20.00,20.00,20.00,000
WAG,20130425,20.00,20.00,20.00,20.00,000
WAG,20130424,20.00,20.00,20.00,20.00,000
WAG,20130423,20.00,20.00,20.00,20.00,000
WAG,20130422,20.00,20.00,20.00,20.00,000
WAG,20130419,20.00,20.00,20.00,20.00,000
WAG,20130418,20.00,20.00,20.00,20.00,000
WAG,20130417,20.00,20.00,20.00,20.00,000
WAG,20130416,20.00,20.00,20.00,20.00,000
WAG,20130415,20.00,20.00,20.00,20.00,000
WAG,20130412,20.00,20.00,20.00,20.00,000
WAG,20130411,20.00,20.00,20.00,20.00,000
WAG,20130410,20.00,20.00,20.00,20.00,000
WAG,20130409,20.00,20.00,20.00,20.00,000
WAG,20130408,20.00,20.00,20.00,20.00,000
WAG,20130405,20.00,20.00,20.00,20.00,000
WAG,20130404,20.00,20.00,20.00,20.00,000
WAG,20130403,20.00,20.00,20.00,20.00,000
WAG,20130402,20.00,20.00,20.00,20.00,000
WAG,20130401,20.00,20.00,20.00,20.00,000
WAG,20130329,20.00,20.00,20.00,20.00,000
WAG,20130328,20.00,20.00,20.00,20.00,000
WAG,20130327,20.00,20.00,20.00,20.00,000
WAG,20130326,20.00,20.00,20.00,20.00,000
WAG,20130325,20.00,20.00,20.00,20.00,000
WAG,20130322,20.00,20.00,20.00,20.00,000
WAG,20130321,20.00,20.00,20.00,20.00,000
WAG,20130320,20.00,20.00,20.00,20.00,000
WAG,20130319,20.00,20.00,20.00,20.00,000
WAG,20130318,20.00,20.00,20.00,20.00,000
WAG,20130315,20.00,20.00,20.00,20.00,000
WAG,20130314,20.00,20.00,20.00,20.00,000
WAG,20130313,20.00,20.00,20.00,20.00,000
WAG,20130312,20.00,20.00,20.00,20.00,000
WAG,20130311,20.00,20.00,20.00,20.00,000
WAG,20130308,20.00,20.00,20.00,20.00,000
WAG,20130307,20.00,20.00,20.00,20.00,000
WAG,20130306,20.00,20.00,20.00,20.00,000
WAG,20130305,20.00,20.00,20.00,20.00,000
WAG,20130304,20.00,20.00,20.00,20.00,000
WAG,20130301,20.00,20.00,20.00,20.00,000
WAG,20130228,20.00,20.00,20.00,20.00,000
WAG,20130227,20.00,20.00,20.00,20.00,000
WAG,20130226,20.00,20.00,20.00,20.00,000
WAG,20130225,20.00,20.00,20.00,20.00,000
WAG,20130222,20.00,20.00,20.00,20.00,000
WAG,20130221,20.00,20.00,20.00,20.00,000
WAG,20130220,20.00,20.00,20.00,20.00,000
WAG,20130219,20.00,20.00,20.00,20.00,000
WAG,20130218,20.00,20.00,20.00,20.00,000
WAG,20130215,20.00,20.00,20.00,20.00,000
WAG,20130214,20.00,20.00,20.00,20.00,000
WAG,20130213,20.00,20.00,20.00,20.00,000
WAG,20130212,20.00,20.00,20.00,20.00,000
WAG,20130211,20.00,20.00,20.00,20.00,000
WAG,20130208,20.00,20.00,20.00,20.00,000
WAG,20130207,20.00,20.00,20.00,20.00,000
WAG,20130206,20.00,20.00,20.00,20.00,000
WAG,20130205,20.00,20.00,20.00,20.00,000
WAG,20130204,20.00,20.00,20.00,20.00,000
WAG,20130201,20.00,20.00,20.00,20.00,000
WAG,20130131,20.00,20.00,20.00,20.00,000
WAG,20130130,20.00,20.00,20.00,20.00,000
WAG,20130129,20.00,20.00,20.00,20.00,000
WAG,20130128,20.00,20.00,20.00,20.00,000
WAG,20130125,20.00,20.00,20.00,20.00,000
WAG,20130124,20.00,20.00,20.00,20.00,000
WAG,20130123,20.00,20.00,20.00,20.00,000
WAG,20130122,20.00,20.00,20.00,20.00,000
WAG,20130121,20.00,20.00,20.00,20.00,000
WAG,20130118,20.00,20.00,20.00,20.00,000
WAG,20130117,20.00,20.00,20.00,20.00,000
WAG,20130116,20.00,20.00,20.00,20.00,000
WAG,20130115,20.00,20.00,20.00,20.00,000
WAG,20130114,20.00,20.00,20.00,20.00,000
WAG,20130111,20.00,20.00,20.00,20.00,000
WAG,20130110,20.00,20.00,20.00,20.00,000
WAG,20130109,20.00,20.00,20.00,20.00,000
WAG,20130108,20.00,20.00,20.00,20.00,000
WAG,20130107,20.00,20.00,20.00,20.00,000
WAG,20130104,20.00,20.00,20.00,20.00,000
WAG,20130103,20.00,20.00,20.00,20.00,000
WAG,20130102,20.00,20.00,20.00,20.00,000
WAG,20130101,20.00,20.00,20.00,20.00,000
WAG,20121231,20.00,20.00,20.00,20.00,000
WAG,20121228,20.00,20.00,20.00,20.00,000
WAG,20121227,20.00,20.00,20.00,20.00,000
WAG,20121226,20.00,20.00,20.00,20.00,000
WAG,20121225,20.00,20.00,20.00,20.00,000
WAG,20121224,20.00,20.00,20.00,20.00,000
WAG,20121221,20.00,20.00,20.00,20.00,000
WAG,20121220,20.00,20.00,20.00,20.00,000
WAG,20121219,20.00,20.00,20.00,20.00,000
WAG,20121218,20.00,20.00,20.00,20.00,000
WAG,20121217,20.00,20.00,20.00,20.00,000
WAG,20121214,20.00,20.00,20.00,20.00,000
WAG,20121213,20.00,20.00,20.00,20.00,000
WAG,20121212,20.00,20.00,20.00,20.00,000
WAG,20121211,20.00,20.00,20.00,20.00,000
WAG,20121210,20.00,20.00,20.00,20.00,000
WAG,20121207,20.00,20.00,20.00,20.00,000
WAG,20121206,20.00,20.00,20.00,20.00,000
WAG,20121205,20.00,20.00,20.00,20.00,000
WAG,20121204,20.00,20.00,20.00,20.00,000
WAG,20121203,20.00,20.00,20.00,20.00,000
WAG,20121130,20.00,20.00,20.00,20.00,000
WAG,20121129,20.00,20.00,20.00,20.00,000
WAG,20121128,20.00,20.00,20.00,20.00,000
WAG,20121127,20.00,20.00,20.00,20.00,000
WAG,20121126,20.00,20.00,20.00,20.00,000
WAG,20121123,20.00,20.00,20.00,20.00,000
WAG,20121122,20.00,20.00,20.00,20.00,000
WAG,20121121,20.00,20.00,20.00,20.00,000
WAG,20121120,20.00,20.00,20.00,20.00,000
WAG,20121119,20.00,20.00,20.00,20.00,000
WAG,20121116,20.00,20.00,20.00,20.00,000
WAG,20121115,20.00,20.00,20.00,20.00,000
WAG,20121114,20.00,20.00,20.00,20.00,000
WAG,20121113,20.00,20.00,20.00,20.00,000
WAG,20121112,20.00,20.00,20.00,20.00,000
WAG,20121109,20.00,20.00,20.00,20.00,000
WAG,20121108,20.00,20.00,20.00,20.00,000
WAG,20121107,20.00,20.00,20.00,20.00,000
WAG,20121106,20.00,20.00,20.00,20.00,000
WAG,20121105,20.00,20.00,20.00,20.00,000
WAG,20121102,20.00,20.00,20.00,20.00,000
WAG,20121101,20.00,20.00,20.00,20.00,000
WAG,20121031,20.00,20.00,20.00,20.00,000
WAG,20121030,20.00,20.00,20.00,20.00,000
WAG,20121029,20.00,20.00,20.00,20.00,000
WAG,20121026,20.00,20.00,20.00,20.00,000
WAG,20121025,20.00,20.00,20.00,20.00,000
WAG,20121024,20.00,20.00,20.00,20.00,000
WAG,20121023,20.00,20.00,20.00,20.00,000
WAG,20121022,20.00,20.00,20.00,20.00,000
WAG,20121019,20.00,20.00,20.00,20.00,000
WAG,20121018,20.00,20.00,20.00,20.00,000
WAG,20121017,20.00,20.00,20.00,20.00,000
WAG,20121016,20.00,20.00,20.00,20.00,000
WAG,20121015,20.00,20.00,20.00,20.00,000
WAG,20121012,20.00,20.00,20.00,20.00,000
WAG,20121011,20.00,20.00,20.00,20.00,000
WAG,20121010,20.00,20.00,20.00,20.00,000
WAG,20121009,20.00,20.00,20.00,20.00,000
WAG,20121008,20.00,20.00,20.00,20.00,000
WAG,20121005,20.00,20.00,20.00,20.00,000
WAG,20121004,20.00,20.00,20.00,20.00,000
WAG,20121003,20.00,20.00,20.00,20.00,000
WAG,20121002,20.00,20.00,20.00,20.00,000
WAG,20121001,20.00,20.00,20.00,20.00,000
WAG,20120928,20.00,20.00,20.00,20.00,000
WAG,20120927,20.00,20.00,20.00,20.00,000
WAG,20120926,20.00,20.00,20.00,20.00,000
WAG,20120925,20.00,20.00,20.00,20.00,000
WAG,20120924,20.00,20.00,20.00,20.00,000
WAG,20120921,20.00,20.00,20.00,20.00,000
WAG,20120920,20.00,20.00,20.00,20.00,000
WAG,20120919,20.00,20.00,20.00,20.00,000
WAG,20120918,20.00,20.00,20.00,20.00,000
WAG,20120917,20.00,20.00,20.00,20.00,000
WAG,20120914,20.00,20.00,20.00,20.00,000
WAG,20120913,20.00,20.00,20.00,20.00,000
WAG,20120912,20.00,20.00,20.00,20.00,000
WAG,20120911,20.00,20.00,20.00,20.00,000
WAG,20120910,20.00,20.00,20.00,20.00,000
WAG,20120907,20.00,20.00,20.00,20.00,000
WAG,20120906,20.00,20.00,20.00,20.00,000
WAG,20120905,20.00,20.00,20.00,20.00,000
WAG,20120904,20.00,20.00,20.00,20.00,000
WAG,20120903,20.00,20.00,20.00,20.00,000
WAG,20120831,20.00,20.00,20.00,20.00,000
WAG,20120830,20.00,20.00,20.00,20.00,000
WAG,20120829,20.00,20.00,20.00,20.00,000
WAG,20120828,20.00,20.00,20.00,20.00,000
WAG,20120827,20.00,20.00,20.00,20.00,000
WAG,20120824,20.00,20.00,20.00,20.00,000
WAG,20120823,20.00,20.00,20.00,20.00,000
WAG,20120822,20.00,20.00,20.00,20.00,000
WAG,20120821,20.00,20.00,20.00,20.00,000
WAG,20120820,20.00,20.00,20.00,20.00,000
WAG,20120817,20.00,20.00,20.00,20.00,000
WAG,20120816,20.00,20.00,20.00,20.00,000
WAG,20120815,20.00,20.00,20.00,20.00,000
WAG,20120814,20.00,20.00,20.00,20.00,000
WAG,20120813,20.00,20.00,20.00,20.00,000
WAG,20120810,20.00,20.00,20.00,20.00,000
WAG,20120809,20.00,20.00,20.00,20.00,000
WAG,20120808,20.00,20.00,20.00,20.00,000
WAG,20120807,20.00,20.00,20.00,20.00,000
WAG,20120806,20.00,20.00,20.00,20.00,000
WAG,20120803,20.00,20.00,20.00,20.00,000
WAG,20120802,20.00,20.00,20.00,20.00,000
WAG,20120801,20.00,20.00,20.00,20.00,000
WAG,20120731,20.00,20.00,20.00,20.00,000
WAG,20120730,20.00,20.00,20.00,20.00,000
WAG,20120727,20.00,20.00,20.00,20.00,000
WAG,20120726,20.00,20.00,20.00,20.00,000
WAG,20120725,20.00,20.00,20.00,20.00,000
WAG,20120724,20.00,20.00,20.00,20.00,000
WAG,20120723,20.00,20.00,20.00,20.00,000
WAG,20120720,20.00,20.00,20.00,20.00,000
WAG,20120719,20.00,20.00,20.00,20.00,000
WAG,20120718,20.00,20.00,20.00,20.00,000
WAG,20120717,20.00,20.00,20.00,20.00,000
WAG,20120716,20.00,20.00,20.00,20.00,000
WAG,20120713,20.00,20.00,20.00,20.00,000
WAG,20120712,20.00,20.00,20.00,20.00,000
WAG,20120711,20.00,20.00,20.00,20.00,000
WAG,20120710,20.00,20.00,20.00,20.00,000
WAG,20120709,20.00,20.00,20.00,20.00,000
WAG,20120706,20.00,20.00,20.00,20.00,000
WAG,20120705,20.00,20.00,20.00,20.00,000
WAG,20120704,20.00,20.00,20.00,20.00,000
WAG,20120703,20.00,20.00,20.00,20.00,000
WAG,20120702,20.00,20.00,20.00,20.00,000
WAG,20120629,20.00,20.00,20.00,20.00,000
WAG,20120628,20.00,20.00,20.00,20.00,000
WAG,20120627,20.00,20.00,20.00,20.00,000
WAG,20120626,20.00,20.00,20.00,20.00,000
WAG,20120625,20.00,20.00,20.00,20.00,000
WAG,20120622,20.00,20.00,20.00,20.00,000
WAG,20120621,20.00,20.00,20.00,20.00,000
WAG,20120620,20.00,20.00,20.00,20.00,000
WAG,20120619,20.00,20.00,20.00,20.00,000
WAG,20120618,20.00,20.00,20.00,20.00,000
WAG,20120615,20.00,20.00,20.00,20.00,000
WAG,20120614,20.00,20.00,20.00,20.00,000
WAG,20120613,20.00,20.00,20.00,20.00,000
WAG,20120612,20.00,20.00,20.00,20.00,000
WAG,20120611,20.00,20.00,20.00,20.00,000
WAG,20120608,20.00,20.00,20.00,20.00,000
WAG,20120607,20.00,20.00,20.00,20.00,000
WAG,20120606,20.00,20.00,20.00,20.00,000
WAG,20120605,20.00,20.00,20.00,20.00,000
WAG,20120604,20.00,20.00,20.00,20.00,000
WAG,20120601,20.00,20.00,20.00,20.00,000
WAG,20120531,20.00,20.00,20.00,20.00,000
WAG,20120530,20.00,20.00,20.00,20.00,000
WAG,20120529,20.00,20.00,20.00,20.00,000
WAG,20120528,20.00,20.00,20.00,20.00,000
WAG,20120525,20.00,20.00,20.00,20.00,000
WAG,20120524,20.00,20.00,20.00,20.00,000
WAG,20120523,20.00,20.00,20.00,20.00,000
WAG,20120522,20.00,20.00,20.00,20.00,000
WAG,20120521,20.00,20.00,20.00,20.00,000
WAG,20120518,20.00,20.00,20.00,20.00,000
WAG,20120517,20.00,20.00,20.00,20.00,000
WAG,20120516,20.00,20.00,20.00,20.00,000
WAG,20120515,20.00,20.00,20.00,20.00,000
WAG,20120514,20.00,20.00,20.00,20.00,000
WAG,20120511,20.00,20.00,20.00,20.00,000
WAG,20120510,20.00,20.00,20.00,20.00,000
WAG,20120509,20.00,20.00,20.00,20.00,000
WAG,20120508,20.00,20.00,20.00,20.00,000
WAG,20120507,20.00,20.00,20.00,20.00,000
WAG,20120504,20.00,20.00,20.00,20.00,000
WAG,20120503,20.00,20.00,20.00,20.00,000
WAG,20120502,20.00,20.00,20.00,20.00,000
WAG,20120501,20.00,20.00,20.00,20.00,000
WAG,20120430,20.00,20.00,20.00,20.00,000
WAG,20120427,20.00,20.00,20.00,20.00,000
WAG,20120426,20.00,20.00,20.00,20.00,000
WAG,20120425,20.00,20.00,20.00,20.00,000
WAG,20120424,20.00,20.00,20.00,20.00,000
WAG,20120423,20.00,20.00,20.00,20.00,000
WAG,20120420,20.00,20.00,20.00,20.00,000
WAG,20120419,20.00,20.00,20.00,20.00,000
WAG,20120418,20.00,20.00,20.00,20.00,000
WAG,20120417,20.00,20.00,20.00,20.00,000
WAG,20120416,20.00,20.00,20.00,20.00,000
WAG,20120413,20.00,20.00,20.00,20.00,000
WAG,20120412,20.00,20.00,20.00,20.00,000
WAG,20120411,20.00,20.00,20.00,20.00,000
WAG,20120410,20.00,20.00,20.00,20.00,000
WAG,20120409,20.00,20.00,20.00,20.00,000
WAG,20120406,20.00,20.00,20.00,20.00,000
WAG,20120405,20.00,20.00,20.00,20.00,000
WAG,20120404,20.00,20.00,20.00,20.00,000
WAG,20120403,20.00,20.00,20.00,20.00,000
WAG,20120402,20.00,20.00,20.00,20.00,000
WAG,20120330,20.00,20.00,20.00,20.00,000
WAG,20120329,20.00,20.00,20.00,20.00,000
WAG,20120328,20.00,20.00,20.00,20.00,000
WAG,20120327,20.00,20.00,20.00,20.00,000
WAG,20120326,20.00,20.00,20.00,20.00,000
WAG,20120323,20.00,20.00,20.00,20.00,000
WAG,20120322,20.00,20.00,20.00,20.00,000
WAG,20120321,20.00,20.00,20.00,20.00,000
WAG,20120320,20.00,20.00,20.00,20.00,000
WAG,20120319,20.00,20.00,20.00,20.00,000
WAG,20120316,20.00,20.00,20.00,20.00,000
WAG,20120315,20.00,20.00,20.00,20.00,000
WAG,20120314,20.00,20.00,20.00,20.00,000
WAG,20120313,20.00,20.00,20.00,20.00,000
WAG,20120312,20.00,20.00,20.00,20.00,000
WAG,20120309,20.00,20.00,20.00,20.00,000
WAG,20120308,20.00,20.00,20.00,20.00,000
WAG,20120307,20.00,20.00,20.00,20.00,000
WAG,20120306,20.00,20.00,20.00,20.00,000
WAG,20120305,20.00,20.00,20.00,20.00,000
WAG,20120302,20.00,20.00,20.00,20.00,000
WAG,20120301,20.00,20.00,20.00,20.00,000
WAG,20120229,20.00,20.00,20.00,20.00,000
WAG,20120228,20.00,20.00,20.00,20.00,000
WAG,20120227,20.00,20.00,20.00,20.00,000
WAG,20120224,20.00,20.00,20.00,20.00,000
WAG,20120223,20.00,20.00,20.00,20.00,000
WAG,20120222,20.00,20.00,20.00,20.00,000
WAG,20120221,20.00,20.00,20.00,20.00,000
WAG,20120220,20.00,20.00,20.00,20.00,000
WAG,20120217,20.00,20.00,20.00,20.00,000
WAG,20120216,20.00,20.00,20.00,20.00,000
WAG,20120215,20.00,20.00,20.00,20.00,000
WAG,20120214,20.00,20.00,20.00,20.00,000
WAG,20120213,20.00,20.00,20.00,20.00,000
WAG,20120210,20.00,20.00,20.00,20.00,000
WAG,20120209,20.00,20.00,20.00,20.00,000
WAG,20120208,20.00,20.00,20.00,20.00,000
WAG,20120207,20.00,20.00,20.00,20.00,000
WAG,20120206,20.00,20.00,20.00,20.00,000
WAG,20120203,20.00,20.00,20.00,20.00,000
WAG,20120202,20.00,20.00,20.00,20.00,000
WAG,20120201,20.00,20.00,20.00,20.00,000
WAG,20120131,20.00,20.00,20.00,20.00,000
WAG,20120130,20.00,20.00,20.00,20.00,000
WAG,20120127,20.00,20.00,20.00,20.00,000
WAG,20120126,20.00,20.00,20.00,20.00,000
WAG,20120125,20.00,20.00,20.00,20.00,000
WAG,20120124,20.00,20.00,20.00,20.00,000
WAG,20120123,20.00,20.00,20.00,20.00,000
WAG,20120120,20.00,20.00,20.00,20.00,000
WAG,20120119,20.00,20.00,20.00,20.00,000
WAG,20120118,20.00,20.00,20.00,20.00,000
WAG,20120117,20.00,20.00,20.00,20.00,000
WAG,20120116,20.00,20.00,20.00,20.00,000
WAG,20120113,20.00,20.00,20.00,20.00,000
WAG,20120112,20.00,20.00,20.00,20.00,000
WAG,20120111,20.00,20.00,20.00,20.00,000
WAG,20120110,20.00,20.00,20.00,20.00,000
WAG,20120109,20.00,20.00,20.00,20.00,000
WAG,20120106,20.00,20.00,20.00,20.00,000
WAG,20120105,20.00,20.00,20.00,20.00,000
WAG,20120104,20.00,20.00,20.00,20.00,000
WAG,20120103,20.00,20.00,20.00,20.00,000
WAG,20120102,20.00,20.00,20.00,20.00,000
WAG,20111230,20.00,20.00,20.00,20.00,000
WAG,20111229,20.00,20.00,20.00,20.00,000
WAG,20111228,20.00,20.00,20.00,20.00,000
WAG,20111227,20.00,20.00,20.00,20.00,000
WAG,20111226,20.00,20.00,20.00,20.00,000
WAG,20111223,20.00,20.00,20.00,20.00,000
WAG,20111222,20.00,20.00,20.00,20.00,000
WAG,20111221,20.00,20.00,20.00,20.00,000
WAG,20111220,20.00,20.00,20.00,20.00,000
WAG,20111219,20.00,20.00,20.00,20.00,000
WAG,20111216,20.00,20.00,20.00,20.00,000
WAG,20111215,20.00,20.00,20.00,20.00,000
WAG,20111214,20.00,20.00,20.00,20.00,000
WAG,20111213,20.00,20.00,20.00,20.00,000
WAG,20111212,20.00,20.00,20.00,20.00,000
WAG,20111209,20.00,20.00,20.00,20.00,000
WAG,20111208,20.00,20.00,20.00,20.00,000
WAG,20111207,20.00,20.00,20.00,20.00,000
WAG,20111206,20.00,20.00,20.00,20.00,000
WAG,20111205,20.00,20.00,20.00,20.00,000
WAG,20111202,20.00,20.00,20.00,20.00,000
WAG,20111201,20.00,20.00,20.00,20.00,000
WAG,20111130,20.00,20.00,20.00,20.00,000
WAG,20111129,20.00,20.00,20.00,20.00,000
WAG,20111128,20.00,20.00,20.00,20.00,000
WAG,20111125,20.00,20.00,20.00,20.00,000
WAG,20111124,20.00,20.00,20.00,20.00,000
WAG,20111123,20.00,20.00,20.00,20.00,000
WAG,20111122,20.00,20.00,20.00,20.00,000
WAG,20111121,20.00,20.00,20.00,20.00,000
WAG,20111118,20.00,20.00,20.00,20.00,000
WAG,20111117,20.00,20.00,20.00,20.00,000
WAG,20110628,15.00,20.00,15.00,20.00,000
WAG,20110627,15.00,15.00,15.00,15.00,000
WAG,20110624,15.00,15.00,15.00,15.00,000
WAG,20110623,15.00,15.00,15.00,15.00,000
WAG,20110622,15.00,15.00,15.00,15.00,000
WAG,20110621,15.00,15.00,15.00,15.00,000
WAG,20110620,15.00,15.00,15.00,15.00,000
WAG,20110617,15.00,15.00,15.00,15.00,000
WAG,20110616,15.00,15.00,15.00,15.00,000
WAG,20110615,15.00,15.00,15.00,15.00,000
WAG,20110614,15.00,15.00,15.00,15.00,000
WAG,20110613,11.50,15.00,11.50,15.00,000
WAG,20110610,11.50,11.50,11.50,11.50,000
WAG,20110609,11.50,11.50,11.50,11.50,000
WAG,20110608,11.50,11.50,11.50,11.50,000
WAG,20110607,11.50,11.50,11.50,11.50,000
WAG,20110606,11.50,11.50,11.50,11.50,000
WAG,20110603,11.50,11.50,11.50,11.50,000
WAG,20110602,11.50,11.50,11.50,11.50,000
WAG,20110601,11.49,11.49,11.49,11.49,000
WAG,20110531,11.49,11.49,11.49,11.49,000
WAG,20110530,11.49,11.49,11.49,11.49,000
WAG,20110527,11.49,11.49,11.49,11.49,000
WAG,20110526,12.20,12.20,12.20,12.20,000
WAG,20110525,12.20,12.20,12.20,12.20,000
WAG,20110524,12.20,12.20,12.20,12.20,000
WAG,20110523,12.20,12.20,12.20,12.20,000
WAG,20110520,12.20,12.20,12.20,12.20,000
WAG,20110519,12.20,12.20,12.20,12.20,000
WAG,20110518,12.20,12.20,12.20,12.20,000
WAG,20110517,12.19,12.19,12.19,12.19,000
WAG,20110516,11.81,11.81,11.81,11.81,000
WAG,20110513,11.81,11.81,11.81,11.81,000
WAG,20110512,10.73,11.82,10.73,11.82,000
WAG,20110511,16.00,16.00,10.73,10.73,000
WAG,20110510,16.00,16.00,16.00,16.00,000
WAG,20110509,11.88,16.00,11.88,16.00,000
WAG,20110506,11.88,11.88,11.88,11.88,000
WAG,20110505,11.72,13.00,11.72,13.00,000
WAG,20110504,12.41,12.41,10.23,10.23,000
WAG,20110503,12.14,12.14,12.14,12.14,000
WAG,20110502,12.74,12.74,12.03,12.03,000
WAG,20110429,11.21,11.59,11.21,11.59,000
WAG,20110428,11.74,11.74,10.42,10.42,000
WAG,20110427,11.92,11.92,11.92,11.92,000
WAG,20110426,12.16,12.16,12.16,12.16,000
WAG,20110421,12.06,12.06,10.20,10.22,000
WAG,20110420,12.09,12.09,10.20,10.20,000
WAG,20110419,12.22,12.22,10.27,10.27,000
WAG,20110418,12.10,12.10,12.10,12.10,000
WAG,20110415,12.01,12.01,11.22,11.22,000
WAG,20110414,12.01,12.01,12.01,12.01,000
WAG,20110413,12.31,12.31,12.31,12.31,000
WAG,20110412,12.29,12.29,12.29,12.29,000
WAG,20110411,12.20,12.20,12.20,12.20,000
WAG,20110408,12.20,12.20,12.20,12.20,000
WAG,20110407,11.78,11.78,10.79,10.79,000
WAG,20110406,12.05,12.05,10.78,10.78,000
WAG,20110405,12.81,12.81,12.81,12.81,000
WAG,20110404,12.75,12.75,11.12,11.12,000
WAG,20110401,12.86,12.86,12.86,12.86,000
WAG,20110331,12.61,12.61,12.61,12.61,000
WAG,20110330,11.71,11.71,11.71,11.71,000
WAG,20110329,13.37,13.37,13.37,13.37,000
WAG,20110328,13.78,13.78,13.78,13.78,000
WAG,20110325,13.12,13.12,13.12,13.12,000
WAG,20110324,12.43,12.43,12.43,12.43,000
WAG,20110323,12.44,12.44,12.44,12.44,000
WAG,20110322,12.42,12.42,12.42,12.42,000
WAG,20110321,12.47,12.47,8.65,8.65,000
WAG,20110318,12.50,12.50,9.86,9.86,000
WAG,20110317,12.74,12.74,12.74,12.74,000
WAG,20110316,12.47,12.47,7.95,7.95,000
WAG,20110315,12.47,12.47,12.47,12.47,000
WAG,20110314,12.39,12.39,10.88,10.88,000
WAG,20110311,13.05,13.05,13.05,13.05,000
WAG,20110310,12.89,12.89,12.89,12.89,000
WAG,20110309,12.82,12.82,12.82,12.82,000
WAG,20110308,12.92,12.92,12.92,12.92,000
WAG,20110307,13.00,13.00,11.58,11.58,000
WAG,20110304,13.01,13.01,11.55,11.55,000
WAG,20110303,13.18,13.18,13.18,13.18,000
WAG,20110302,13.24,13.24,13.24,13.24,000
WAG,20110301,13.15,13.15,13.15,13.15,000
WAG,20110228,13.26,13.26,13.26,13.26,000
WAG,20110225,12.06,12.06,11.38,11.38,000
WAG,20110224,11.68,11.68,11.68,11.68,000
WAG,20110223,13.16,13.16,13.16,13.16,000
WAG,20110222,13.14,13.14,13.14,13.14,000
WAG,20110221,14.25,14.25,12.99,12.99,000
WAG,20110218,14.28,14.28,14.28,14.28,000
WAG,20110217,14.18,14.18,12.94,12.94,000
WAG,20110216,14.14,14.14,12.80,12.80,000
WAG,20110215,14.18,14.18,14.18,14.18,000
WAG,20110214,14.30,14.30,14.30,14.30,000
WAG,20110211,15.06,15.06,15.06,15.06,000
WAG,20110210,15.06,15.07,13.39,13.39,000
WAG,20110209,15.07,15.07,15.07,15.07,000
WAG,20110208,14.43,14.43,14.43,14.43,000
WAG,20110207,14.40,14.40,14.40,14.40,000
WAG,20110204,14.72,14.72,14.72,14.72,000
WAG,20110203,14.82,14.82,14.82,14.82,000
WAG,20110202,14.73,14.73,14.73,14.73,000
WAG,20110201,14.73,14.73,14.73,14.73,000
WAG,20110131,13.71,13.71,13.69,13.69,000
WAG,20110128,15.57,15.57,15.57,15.57,000
WAG,20110127,15.62,15.62,15.62,15.62,000
WAG,20110126,15.67,15.67,15.67,15.67,000
WAG,20110125,13.56,13.56,13.56,13.56,000
WAG,20110124,15.52,15.52,15.52,15.52,000
WAG,20110121,15.64,15.64,15.64,15.64,000
WAG,20110120,15.85,15.85,15.85,15.85,000
WAG,20110119,15.40,15.40,15.40,15.40,000
WAG,20110118,15.88,15.88,15.88,15.88,000
WAG,20110117,14.53,15.50,13.65,15.50,000
WAG,20110114,14.47,14.47,14.47,14.47,000
WAG,20110113,13.79,13.79,13.79,13.79,000
WAG,20110112,15.35,15.35,13.89,13.89,000
WAG,20110111,15.53,15.53,15.53,15.53,000
WAG,20110110,16.35,16.35,16.35,16.35,000
WAG,20110107,16.27,16.27,16.27,16.27,000
WAG,20110106,15.18,15.18,15.18,15.18,000
WAG,20110105,16.46,16.46,16.46,16.46,000
WAG,20110104,16.59,16.59,16.59,16.59,000
WAG,20110103,13.91,13.91,13.91,13.91,000
WAG,20101230,16.67,16.67,13.86,13.86,000
WAG,20101229,16.64,16.64,16.64,16.64,000
WAG,20101228,16.15,16.15,16.15,16.15,000
WAG,20101227,16.17,16.17,16.17,16.17,000
WAG,20101223,16.49,16.49,13.81,13.81,000
WAG,20101222,16.50,16.50,16.50,16.50,000
WAG,20101221,16.34,16.34,16.34,16.34,000
WAG,20101220,16.28,16.28,13.63,13.63,000
WAG,20101217,12.44,16.00,12.44,16.00,000
WAG,20101216,12.44,12.44,12.44,12.44,000
WAG,20101215,12.44,12.44,12.44,12.44,000
WAG,20101214,12.44,12.44,12.44,12.44,000
WAG,20101213,12.44,12.44,12.44,12.44,000
WAG,20101210,12.44,16.00,12.44,16.00,000
WAG,20101209,12.44,12.44,12.44,12.44,000
WAG,20101208,12.44,12.44,12.44,12.44,000
WAG,20101207,12.44,12.44,12.44,12.44,000
WAG,20101206,12.31,16.00,12.31,16.00,000
WAG,20101203,12.31,12.31,12.31,12.31,000
WAG,20101202,12.31,12.31,12.31,12.31,000
WAG,20101201,12.31,12.31,12.31,12.31,000
WAG,20101130,12.31,12.31,12.31,12.31,000
WAG,20101129,12.31,12.31,12.31,12.31,000
WAG,20101126,12.31,12.31,12.31,12.31,000
WAG,20101125,12.31,12.31,12.31,12.31,000
WAG,20101124,12.31,12.31,12.31,12.31,000
WAG,20101123,12.31,12.31,12.31,12.31,000
WAG,20101122,12.31,12.31,12.31,12.31,000
WAG,20101119,12.31,12.31,12.31,12.31,000
WAG,20101118,12.31,12.31,12.31,12.31,000
WAG,20101117,12.31,12.31,12.31,12.31,000
WAG,20101116,12.31,12.31,12.31,12.31,000
WAG,20101115,12.30,12.30,12.30,12.30,000
WAG,20101112,12.31,12.31,12.31,12.31,000
WAG,20101111,12.31,12.31,12.31,12.31,000
WAG,20101110,12.31,12.31,12.31,12.31,000
WAG,20101109,12.31,12.31,12.31,12.31,000
WAG,20101108,12.31,12.31,12.31,12.31,000
WAG,20101105,12.31,12.31,12.31,12.31,000
WAG,20101104,12.31,12.31,12.31,12.31,000
WAG,20101103,12.81,12.81,12.81,12.81,000
WAG,20101102,12.81,12.81,12.81,12.81,000
WAG,20101101,14.28,14.28,14.28,14.28,000
WAG,20101029,14.28,14.28,14.28,14.28,000
WAG,20101028,15.07,15.07,15.07,15.07,000
WAG,20101027,15.07,15.07,15.07,15.07,000
WAG,20101026,15.07,15.07,15.07,15.07,000
WAG,20101025,15.07,15.07,15.07,15.07,000
WAG,20101022,15.07,15.07,15.07,15.07,000
WAG,20101021,15.07,15.07,15.07,15.07,000
WAG,20101020,15.07,15.07,15.07,15.07,000
WAG,20101019,15.07,15.07,15.07,15.07,000
WAG,20101018,15.07,15.07,15.07,15.07,000
WAG,20101015,15.07,15.07,15.07,15.07,000
WAG,20101014,15.07,15.07,15.07,15.07,000
WAG,20101013,15.07,15.07,15.07,15.07,000
WAG,20101012,15.07,15.07,15.07,15.07,000
WAG,20101011,15.07,15.07,15.07,15.07,000
WAG,20101008,15.07,15.07,15.07,15.07,000
WAG,20101007,15.07,15.07,15.07,15.07,000
WAG,20101006,15.07,15.07,15.07,15.07,000
WAG,20101005,15.07,15.07,15.07,15.07,000
WAG,20101004,15.07,15.07,15.07,15.07,000
WAG,20101001,15.07,15.07,15.07,15.07,000
WAG,20100930,15.07,15.07,15.07,15.07,000
WAG,20100929,15.07,15.07,15.07,15.07,000
WAG,20100928,15.07,15.07,15.07,15.07,000
WAG,20100927,15.07,15.07,15.07,15.07,000
WAG,20100924,15.07,15.07,15.07,15.07,000
WAG,20100923,15.07,15.07,15.07,15.07,000
WAG,20100922,15.30,15.30,15.30,15.30,000
WAG,20100921,15.07,15.07,15.07,15.07,000
WAG,20100920,15.07,15.07,15.07,15.07,000
WAG,20100917,15.07,15.07,15.07,15.07,000
WAG,20100916,15.07,15.07,15.07,15.07,000
WAG,20100915,15.07,15.07,15.07,15.07,000
WAG,20100914,15.07,15.07,15.07,15.07,000
WAG,20100913,15.07,15.07,15.07,15.07,000
WAG,20100910,15.07,15.07,15.07,15.07,000
WAG,20100909,15.07,15.07,15.07,15.07,000
WAG,20100908,15.07,15.07,15.07,15.07,000
WAG,20100907,15.07,15.07,15.07,15.07,000
WAG,20100906,15.07,15.07,15.07,15.07,000
WAG,20100903,15.07,15.07,15.07,15.07,000
WAG,20100902,15.07,15.07,15.07,15.07,000
WAG,20100901,15.07,15.07,15.07,15.07,000
WAG,20100831,15.07,15.07,15.07,15.07,000
WAG,20100830,15.07,15.07,15.07,15.07,000
WAG,20100827,15.07,15.07,15.07,15.07,000
WAG,20100826,15.07,15.07,15.07,15.07,000
WAG,20100825,15.07,15.07,15.07,15.07,000
WAG,20100824,15.07,15.07,15.07,15.07,000
WAG,20100823,15.07,15.07,15.07,15.07,000
WAG,20100820,15.07,15.07,15.07,15.07,000
WAG,20100819,15.07,15.07,15.07,15.07,000
WAG,20100818,15.07,15.07,15.07,15.07,000
WAG,20100817,15.07,15.07,15.07,15.07,000
WAG,20100816,15.07,15.30,15.07,15.30,000
WAG,20100813,15.07,15.07,15.07,15.07,000
WAG,20100812,15.07,15.07,15.07,15.07,000
WAG,20100811,15.07,15.07,15.07,15.07,000
WAG,20100810,15.07,15.07,15.07,15.07,000
WAG,20100809,15.07,15.07,15.07,15.07,000
WAG,20100806,15.30,15.30,15.30,15.30,000
WAG,20100805,16.20,16.20,16.20,16.20,000
WAG,20100804,15.27,15.27,15.27,15.27,000
WAG,20100803,15.27,15.27,15.27,15.27,000
WAG,20100802,15.27,15.27,15.27,15.27,000
WAG,20100730,15.50,15.50,15.50,15.50,000
WAG,20100729,14.50,14.50,14.50,14.50,000
WAG,20100728,15.25,15.25,15.25,15.25,000
WAG,20100727,16.00,16.00,16.00,16.00,000
WAG,20100726,16.20,16.20,16.20,16.20,000
WAG,20100723,17.50,17.50,17.50,17.50,000
WAG,20100722,17.00,17.00,17.00,17.00,000
WAG,20100721,15.40,18.00,15.40,18.00,000
WAG,20100720,14.00,14.00,14.00,14.00,000
WAG,20100719,12.80,12.80,12.80,12.80,000
WAG,20100716,12.80,12.80,12.80,12.80,000
WAG,20100715,12.90,12.90,12.90,12.90,000
WAG,20100714,12.80,12.80,12.80,12.80,000
WAG,20100713,13.00,13.00,13.00,13.00,000
WAG,20100712,13.00,13.00,13.00,13.00,000
WAG,20100709,13.00,13.00,13.00,13.00,000
WAG,20100708,13.00,13.00,13.00,13.00,000
WAG,20100707,13.00,13.00,13.00,13.00,000
WAG,20100706,13.00,13.00,13.00,13.00,000
WAG,20100705,12.70,12.70,12.70,12.70,000
WAG,20100702,13.00,13.00,13.00,13.00,000
WAG,20100701,13.40,13.40,13.40,13.40,000
WAG,20100630,12.80,12.80,12.80,12.80,000
WAG,20100629,12.30,12.30,12.30,12.30,000
WAG,20100628,12.60,12.60,12.60,12.60,000
WAG,20100625,12.50,12.50,12.50,12.50,000
WAG,20100624,13.00,13.00,13.00,13.00,000
WAG,20100623,12.00,12.00,12.00,12.00,000
WAG,20100622,12.00,12.00,12.00,12.00,000
WAG,20100621,12.50,12.50,12.50,12.50,000
WAG,20100618,12.00,12.00,12.00,12.00,000
WAG,20100617,11.00,11.00,11.00,11.00,000
WAG,20100616,10.50,10.50,10.50,10.50,000
WAG,20100615,10.50,10.50,10.50,10.50,000
WAG,20100614,11.00,11.00,11.00,11.00,000
WAG,20100611,10.50,10.50,10.50,10.50,000
WAG,20100610,10.50,10.50,10.50,10.50,000
WAG,20100609,12.00,12.00,12.00,12.00,000
WAG,20100608,12.00,12.00,12.00,12.00,000
WAG,20100607,11.40,11.40,11.40,11.40,000
WAG,20100604,11.70,11.70,11.70,11.70,000
WAG,20100603,11.20,11.20,11.20,11.20,000
WAG,20100602,11.00,11.00,11.00,11.00,000
WAG,20100601,11.00,11.00,11.00,11.00,000
WAG,20100531,11.00,11.00,11.00,11.00,000
WAG,20100528,11.50,11.50,11.50,11.50,000
WAG,20100527,10.60,10.60,10.60,10.60,000
WAG,20100526,11.00,11.00,11.00,11.00,000
WAG,20100525,11.00,11.00,11.00,11.00,000
WAG,20100524,11.82,11.82,11.82,11.82,000
WAG,20100521,12.00,12.00,12.00,12.00,000
WAG,20100520,12.00,12.00,12.00,12.00,000
WAG,20100519,11.00,11.00,11.00,11.00,000
WAG,20100518,11.00,11.00,11.00,11.00,000
WAG,20100517,10.50,10.50,10.50,10.50,000
WAG,20100514,11.00,11.00,11.00,11.00,000
WAG,20100513,11.00,11.00,11.00,11.00,000
WAG,20100512,12.20,12.20,12.20,12.20,000
WAG,20100511,11.00,11.00,11.00,11.00,000
WAG,20100510,11.70,11.70,11.70,11.70,000
WAG,20100507,12.20,12.20,12.20,12.20,000
WAG,20100506,12.00,12.00,12.00,12.00,000
WAG,20100505,12.00,12.00,12.00,12.00,000
WAG,20100504,12.40,12.40,12.40,12.40,000
WAG,20100503,12.00,12.00,12.00,12.00,000
WAG,20100430,13.00,13.00,13.00,13.00,000
WAG,20100429,13.00,13.00,13.00,13.00,000
WAG,20100428,14.00,14.00,14.00,14.00,000
WAG,20100427,14.00,14.00,14.00,14.00,000
WAG,20100426,13.80,13.80,13.80,13.80,000
WAG,20100423,15.50,15.50,14.50,14.50,1500
WAG,20100422,14.50,14.50,14.50,14.50,000
WAG,20100421,13.50,13.50,13.50,13.50,000
WAG,20100420,13.50,13.50,13.50,13.50,000
WAG,20100419,15.00,15.00,15.00,15.00,000
WAG,20100416,15.00,15.00,15.00,15.00,000
WAG,20100415,14.25,14.25,14.25,14.25,000
WAG,20100414,14.00,14.00,14.00,14.00,000
WAG,20100413,14.25,14.25,14.25,14.25,000
WAG,20100412,14.50,14.50,14.50,14.50,000
WAG,20100409,15.00,15.00,15.00,15.00,000
WAG,20100408,15.00,15.00,15.00,15.00,000
WAG,20100407,14.50,14.50,14.50,14.50,000
WAG,20100406,13.20,13.20,13.20,13.20,000
WAG,20100401,13.00,13.00,13.00,13.00,000
WAG,20100331,12.00,12.00,12.00,12.00,000
WAG,20100330,12.00,12.00,12.00,12.00,000
WAG,20100329,11.00,11.00,11.00,11.00,000
WAG,20100326,11.00,11.00,11.00,11.00,000
WAG,20100325,11.00,11.00,11.00,11.00,000
WAG,20100324,12.00,12.00,12.00,12.00,000
WAG,20100323,11.80,11.80,11.80,11.80,000
WAG,20100322,11.60,11.60,11.60,11.60,000
WAG,20100319,11.50,11.50,11.50,11.50,000
WAG,20100318,12.00,12.00,12.00,12.00,000
WAG,20100317,11.50,11.50,11.50,11.50,000
WAG,20100316,10.50,10.50,10.50,10.50,000
WAG,20100315,10.50,10.50,10.50,10.50,000
WAG,20100312,10.50,10.50,10.50,10.50,000
WAG,20100311,10.00,10.00,10.00,10.00,15000
WAG,20100310,10.00,10.00,10.00,10.00,000
WAG,20100309,10.00,10.00,10.00,10.00,000
WAG,20100308,10.00,10.00,10.00,10.00,000
WAG,20100305,10.00,10.00,10.00,10.00,000
WAG,20100304,10.00,10.00,10.00,10.00,000
WAG,20100303,10.00,10.00,10.00,10.00,000
WAG,20100302,10.00,10.00,10.00,10.00,000
WAG,20100301,10.00,10.00,10.00,10.00,000
WAG,20100226,10.00,10.00,10.00,10.00,000
WAG,20100225,10.00,10.00,10.00,10.00,000
WAG,20100224,10.00,10.00,10.00,10.00,000
WAG,20100223,10.00,10.00,10.00,10.00,000
WAG,20100222,9.50,9.50,9.50,9.50,000
WAG,20100219,9.50,9.50,9.50,9.50,500
WAG,20100218,10.00,10.00,10.00,10.00,000
WAG,20100217,10.00,10.00,10.00,10.00,000
WAG,20100216,10.00,10.00,10.00,10.00,000
WAG,20100215,10.00,10.00,10.00,10.00,000
WAG,20100212,10.00,10.00,10.00,10.00,000
WAG,20100211,10.00,10.00,10.00,10.00,000
WAG,20100210,10.00,10.00,10.00,10.00,000
WAG,20100209,10.00,10.00,10.00,10.00,000
WAG,20100208,10.00,10.00,10.00,10.00,000
WAG,20100205,10.00,10.00,10.00,10.00,000
WAG,20100204,10.00,10.00,10.00,10.00,000
WAG,20100203,10.00,10.00,10.00,10.00,000
WAG,20100202,10.00,10.00,10.00,10.00,000
WAG,20100201,10.00,10.00,10.00,10.00,000
WAG,20100129,10.00,10.00,10.00,10.00,000
WAG,20100128,10.00,10.00,10.00,10.00,000
WAG,20100127,10.00,10.00,10.00,10.00,000
WAG,20100126,10.00,10.00,10.00,10.00,000
WAG,20100125,11.00,11.00,11.00,11.00,300
WAG,20100122,10.00,10.00,10.00,10.00,000
WAG,20100121,9.50,9.50,9.50,9.50,000
WAG,20100120,9.00,9.00,9.00,9.00,000
WAG,20100119,9.50,9.50,9.50,9.50,000
WAG,20100118,9.50,9.50,9.50,9.50,000
WAG,20100115,9.50,9.50,9.50,9.50,000
WAG,20100114,9.60,9.60,9.60,9.60,000
WAG,20100113,9.50,9.50,9.50,9.50,000
WAG,20100112,9.60,9.60,9.60,9.60,000
WAG,20100106,10.34,10.50,10.34,10.34,000
WAG,20100104,10.34,10.50,10.34,10.34,000
WAG,20091228,10.86,10.86,9.50,9.50,000
WAG,20091215,10.64,10.80,10.64,10.64,000
WAG,20091201,10.54,11.50,10.54,10.54,000
WAG,20091111,11.41,11.41,11.25,11.25,000
WAG,20091013,12.00,14.00,12.00,12.00,000
WAG,20090925,5.78,5.80,5.78,5.80,500
WAG,20090525,13.72,25.50,13.72,13.72,100
WAG,20090330,28.00,28.00,25.50,25.50,000
WAG,20090220,28.00,28.00,28.00,28.00,000
WAG,20090219,28.00,28.00,28.00,28.00,000
WAG,20090218,28.00,28.00,28.00,28.00,000
WAG,20090217,28.00,28.00,28.00,28.00,000
WAG,20090216,28.00,28.00,28.00,28.00,000
WAG,20090213,28.00,28.00,28.00,28.00,000
WAG,20090212,28.00,28.00,28.00,28.00,000
WAG,20090211,28.00,28.00,28.00,28.00,000
WAG,20090210,28.00,28.00,28.00,28.00,000
WAG,20090209,28.00,28.00,28.00,28.00,000
WAG,20090206,28.00,28.00,28.00,28.00,000
WAG,20090205,28.00,28.00,28.00,28.00,000
WAG,20090204,28.00,28.00,28.00,28.00,000
WAG,20090203,28.00,28.00,28.00,28.00,000
WAG,20090202,28.00,28.00,28.00,28.00,000
WAG,20090130,28.00,28.00,28.00,28.00,000
WAG,20090129,28.00,28.00,28.00,28.00,000
WAG,20090128,28.00,28.00,28.00,28.00,000
WAG,20090127,28.00,28.00,28.00,28.00,000
WAG,20090126,28.00,28.00,28.00,28.00,000
WAG,20090123,28.00,28.00,28.00,28.00,000
WAG,20090122,28.00,28.00,28.00,28.00,000
WAG,20090121,28.00,28.00,28.00,28.00,000
WAG,20090120,28.00,28.00,28.00,28.00,000
WAG,20090119,28.00,28.00,28.00,28.00,000
WAG,20090116,28.00,28.00,28.00,28.00,000
WAG,20090115,28.00,28.00,28.00,28.00,000
WAG,20090114,28.00,28.00,28.00,28.00,000
WAG,20090113,28.00,28.00,28.00,28.00,000
WAG,20090112,28.00,28.00,28.00,28.00,000
WAG,20090109,28.00,28.00,28.00,28.00,000
WAG,20090108,28.00,28.00,28.00,28.00,000
WAG,20090107,28.00,28.00,28.00,28.00,000
WAG,20090106,28.00,28.00,28.00,28.00,000
WAG,20090105,28.00,28.00,28.00,28.00,000
WAG,20090102,28.00,28.00,28.00,28.00,000
WAG,20081230,28.00,28.00,28.00,28.00,000
WAG,20081229,28.00,28.00,28.00,28.00,000
WAG,20081223,28.00,28.00,28.00,28.00,000
WAG,20081222,28.00,28.00,28.00,28.00,000
WAG,20081219,28.00,28.00,28.00,28.00,000
WAG,20081218,28.00,28.00,28.00,28.00,000
WAG,20081217,28.00,28.00,28.00,28.00,000
WAG,20081216,28.00,28.00,28.00,28.00,000
WAG,20081215,28.00,28.00,28.00,28.00,000
WAG,20081212,28.00,28.00,28.00,28.00,000
WAG,20081211,28.00,28.00,28.00,28.00,000
WAG,20081210,28.00,28.00,28.00,28.00,000
WAG,20081209,28.00,28.00,28.00,28.00,000
WAG,20081208,28.00,28.00,28.00,28.00,000
WAG,20081205,28.00,28.00,28.00,28.00,000
WAG,20081204,28.00,28.00,28.00,28.00,000
WAG,20081203,28.00,28.00,28.00,28.00,000
WAG,20081202,28.00,28.00,28.00,28.00,000
WAG,20081201,28.00,28.00,28.00,28.00,000
WAG,20081128,28.00,28.00,28.00,28.00,000
WAG,20081127,28.00,28.00,28.00,28.00,000
WAG,20081126,28.00,28.00,28.00,28.00,000
WAG,20081125,28.00,28.00,28.00,28.00,000
WAG,20081124,28.00,28.00,28.00,28.00,000
WAG,20081121,28.00,28.00,28.00,28.00,000
WAG,20081120,28.00,28.00,28.00,28.00,000
WAG,20081119,28.00,28.00,28.00,28.00,000
WAG,20081118,28.00,28.00,28.00,28.00,000
WAG,20081117,28.00,28.00,28.00,28.00,000
WAG,20081114,28.00,28.00,28.00,28.00,000
WAG,20081113,28.00,28.00,28.00,28.00,000
WAG,20081112,28.00,28.00,28.00,28.00,000
WAG,20081111,28.00,28.00,28.00,28.00,000
WAG,20081110,29.00,29.00,29.00,29.00,000
WAG,20081107,29.00,28.00,28.00,29.00,000
WAG,20081106,29.00,29.00,29.00,29.00,000
WAG,20081105,29.00,29.00,29.00,29.00,000
WAG,20081104,29.00,29.00,29.00,29.00,000
WAG,20081103,29.00,29.00,29.00,29.00,000
WAG,20081031,29.00,29.00,29.00,29.00,000
WAG,20081030,29.00,29.00,29.00,29.00,000
WAG,20081029,29.00,29.00,29.00,29.00,000
WAG,20081028,29.00,29.00,29.00,29.00,000
WAG,20081027,29.00,29.00,29.00,29.00,000
WAG,20081024,29.00,29.00,29.00,29.00,000
WAG,20081023,29.00,29.00,29.00,29.00,000
WAG,20081022,29.00,29.00,29.00,29.00,000
WAG,20081021,29.00,29.00,29.00,29.00,1000
WAG,20081020,29.00,29.00,29.00,29.00,500
WAG,20081017,29.00,29.00,29.00,29.00,000
WAG,20081016,29.00,29.00,29.00,29.00,2000
WAG,20081015,29.00,29.00,29.00,29.00,1000
WAG,20081014,29.95,29.95,29.95,29.95,3000
WAG,20081013,30.50,30.50,30.00,30.00,1500
WAG,20081010,30.50,30.50,30.50,30.50,000
WAG,20081009,30.50,30.50,30.50,30.50,000
WAG,20081008,30.50,30.50,30.50,30.50,000
WAG,20081007,30.50,30.50,30.50,30.50,000
WAG,20081006,30.50,30.50,30.50,30.50,000
WAG,20081003,30.50,30.50,30.50,30.50,000
WAG,20081002,30.50,30.50,30.50,30.50,000
WAG,20081001,30.50,30.50,30.50,30.50,1000
WAG,20080930,30.50,30.50,30.50,30.50,000
WAG,20080929,30.50,30.50,30.50,30.50,000
WAG,20080926,30.50,30.50,30.50,30.50,000
WAG,20080925,30.50,30.50,30.50,30.50,000
WAG,20080924,30.50,30.50,30.50,30.50,000
WAG,20080923,30.50,30.50,30.50,30.50,000
WAG,20080922,30.50,30.50,30.50,30.50,000
WAG,20080919,30.50,30.50,30.50,30.50,000
WAG,20080918,30.50,30.50,30.50,30.50,000
WAG,20080917,30.50,30.50,30.50,30.50,000
WAG,20080916,30.50,30.50,30.50,30.50,000
WAG,20080915,30.50,30.50,30.50,30.50,000
WAG,20080912,30.50,30.50,30.50,30.50,000
WAG,20080911,30.50,30.50,30.50,30.50,000
WAG,20080910,30.50,30.50,30.50,30.50,000
WAG,20080909,30.50,30.50,30.50,30.50,000
WAG,20080908,30.50,30.50,30.50,30.50,000
WAG,20080905,30.50,30.50,30.50,30.50,000
WAG,20080904,30.50,30.50,30.50,30.50,000
WAG,20080903,30.50,30.50,30.50,30.50,000
WAG,20080902,30.50,30.50,30.50,30.50,000
WAG,20080901,30.50,30.50,30.50,30.50,000
WAG,20080829,30.50,30.50,30.50,30.50,000
WAG,20080828,30.50,30.50,30.50,30.50,4000
WAG,20080827,30.50,30.50,30.50,30.50,2000
WAG,20080826,30.50,30.50,30.50,30.50,000
WAG,20080825,30.50,30.50,30.50,30.50,500
WAG,20080822,30.50,30.50,30.50,30.50,200
WAG,20080821,30.50,30.50,30.50,30.50,000
WAG,20080820,30.50,30.50,30.50,30.50,000
WAG,20080819,30.50,30.50,30.50,30.50,000
WAG,20080818,30.50,30.50,30.50,30.50,000
WAG,20080807,32.00,32.00,31.00,31.00,300
WAG,20080728,32.50,32.50,32.50,32.50,000
WAG,20080725,32.50,32.50,32.50,32.50,000
WAG,20080724,32.50,32.50,32.50,32.50,000
WAG,20080723,32.50,32.50,32.50,32.50,000
WAG,20080722,32.50,32.50,32.50,32.50,5000
WAG,20080721,32.50,32.50,32.50,32.50,2500
WAG,20080718,32.50,32.50,32.50,32.50,10000
WAG,20080717,36.80,36.80,31.00,32.00,14800
WAG,20080716,36.50,36.50,36.50,36.50,1200
WAG,20080715,39.70,39.70,39.70,39.70,000
WAG,20080714,37.00,39.70,37.00,39.70,1300
WAG,20080711,39.99,39.99,39.99,39.99,000
WAG,20080710,39.99,39.99,39.99,39.99,000
WAG,20080709,40.00,40.00,40.00,40.00,000
WAG,20080708,39.99,39.99,39.99,39.99,000
WAG,20080707,39.99,39.99,39.99,39.99,000
WAG,20080704,39.99,39.99,39.99,39.99,000
WAG,20080703,39.99,39.99,39.99,39.99,000
WAG,20080702,40.00,40.00,40.00,40.00,000
WAG,20080701,40.00,40.00,40.00,40.00,000
WAG,20080630,41.99,41.99,41.99,41.99,000
WAG,20080627,41.99,41.99,41.99,41.99,000
WAG,20080626,41.99,41.99,41.99,41.99,000
WAG,20080625,45.95,45.95,45.95,45.95,000
WAG,20080624,37.50,45.95,37.50,45.95,1800
WAG,20080623,36.04,37.50,36.04,37.50,1100
WAG,20080620,37.50,37.50,37.50,37.50,000
WAG,20080619,37.50,37.50,37.50,37.50,000
WAG,20080618,37.50,37.50,37.50,37.50,000
WAG,20080617,46.00,46.00,46.00,46.00,000
WAG,20080616,46.00,46.00,46.00,46.00,000
WAG,20080613,46.00,46.00,46.00,46.00,000
WAG,20080612,46.00,46.00,46.00,46.00,000
WAG,20080611,46.00,46.00,46.00,46.00,000
WAG,20080610,46.00,46.00,46.00,46.00,000
WAG,20080609,46.00,46.00,46.00,46.00,000
WAG,20080606,46.00,46.00,46.00,46.00,000
WAG,20080605,46.00,46.00,46.00,46.00,000
WAG,20080604,46.00,46.00,46.00,46.00,000
WAG,20080603,46.25,46.25,46.25,46.25,000
WAG,20080602,37.00,46.25,37.00,46.25,1500
WAG,20080530,37.00,37.00,37.00,37.00,000
WAG,20080529,36.00,36.00,36.00,36.00,000
WAG,20080528,39.00,39.00,39.00,39.00,000
WAG,20080527,39.00,39.00,39.00,39.00,000
WAG,20080526,39.00,39.00,39.00,39.00,000
WAG,20080523,39.00,39.00,39.00,39.00,000
WAG,20080522,39.00,39.00,39.00,39.00,000
WAG,20080521,39.00,39.00,39.00,39.00,000
WAG,20080520,39.00,39.00,39.00,39.00,000
WAG,20080519,39.00,39.00,39.00,39.00,000
WAG,20080516,39.00,39.00,39.00,39.00,200
WAG,20080515,37.50,37.50,37.50,37.50,000
WAG,20080514,37.00,37.00,37.00,37.00,000
WAG,20080513,37.00,37.00,37.00,37.00,200
WAG,20080512,37.50,37.50,37.50,37.50,200
WAG,20080509,37.00,39.00,36.00,37.00,21900
WAG,20080508,39.00,39.00,39.00,39.00,000
WAG,20080507,39.00,39.00,39.00,39.00,000
WAG,20080506,39.00,39.00,39.00,39.00,000
WAG,20080505,40.00,40.00,40.00,40.00,000
WAG,20080502,40.00,40.00,40.00,40.00,000
WAG,20080430,41.00,41.00,41.00,41.00,000
WAG,20080429,41.00,41.00,41.00,41.00,000
WAG,20080428,41.00,41.00,41.00,41.00,000
WAG,20080425,41.00,41.00,41.00,41.00,000
WAG,20080424,41.00,41.00,41.00,41.00,000
WAG,20080423,41.00,41.00,41.00,41.00,000
WAG,20080422,41.00,41.00,41.00,41.00,000
WAG,20080421,41.00,41.00,41.00,41.00,000
WAG,20080418,41.00,41.00,41.00,41.00,000
WAG,20080417,41.00,41.00,41.00,41.00,000
WAG,20080416,41.00,41.00,41.00,41.00,000
WAG,20080415,41.00,41.00,41.00,41.00,000
WAG,20080414,41.00,41.00,41.00,41.00,000
WAG,20080411,41.00,41.00,41.00,41.00,000
WAG,20080410,41.00,41.00,41.00,41.00,14000
WAG,20080409,39.11,41.00,39.11,41.00,7000
WAG,20080408,39.11,39.11,39.11,39.11,000
WAG,20080407,39.01,39.01,39.01,39.01,000
WAG,20080404,41.00,41.00,41.00,41.00,6000
WAG,20080403,41.00,41.00,41.00,41.00,000
WAG,20080402,41.00,41.00,41.00,41.00,3000
WAG,20080401,44.75,44.75,44.75,44.75,500
WAG,20080331,42.00,42.00,42.00,42.00,000
WAG,20080328,41.00,41.00,41.00,41.00,000
WAG,20080327,41.95,42.00,40.25,42.00,2500
WAG,20080326,40.25,42.00,40.25,42.00,2700
WAG,20080325,40.25,40.25,40.25,40.25,000
WAG,20080320,40.25,40.25,40.25,40.25,000
WAG,20080319,40.25,40.25,40.25,40.25,2700
WAG,20080318,40.25,40.25,40.25,40.25,000
WAG,20080317,40.30,40.30,40.30,40.30,000
WAG,20080314,40.30,40.30,40.30,40.30,000
WAG,20080313,40.30,40.30,40.30,40.30,000
WAG,20080312,40.30,42.00,40.30,42.00,2700
WAG,20080311,40.30,40.30,40.30,40.30,2500
WAG,20080310,40.30,40.30,40.30,40.30,2500
WAG,20080307,40.30,40.30,40.30,40.30,000
WAG,20080306,39.00,42.00,39.00,42.00,2700
WAG,20080305,40.20,40.20,40.20,40.20,000
WAG,20080304,39.50,42.00,39.50,42.00,3500
WAG,20080303,40.30,40.30,40.30,40.30,000
WAG,20080229,39.50,42.00,39.50,42.00,4000
WAG,20080228,40.30,40.30,40.30,40.30,000
WAG,20080227,40.50,40.50,39.50,40.50,2700
WAG,20080226,40.50,40.50,39.75,39.75,1000
WAG,20080225,40.00,40.75,40.00,40.75,6700
WAG,20080222,40.25,40.25,40.25,40.25,000
WAG,20080221,40.00,40.75,40.00,40.75,5700
WAG,20080220,39.50,39.50,39.50,39.50,000
WAG,20080219,40.00,40.00,40.00,40.00,000
WAG,20080218,40.00,40.00,40.00,40.00,2500
WAG,20080215,40.00,40.00,40.00,40.00,2500
WAG,20080214,40.00,40.00,40.00,40.00,000
WAG,20080213,40.00,40.00,40.00,40.00,000
WAG,20080212,40.75,40.75,40.75,40.75,000
WAG,20080211,40.80,40.80,40.80,40.80,000
WAG,20080208,40.90,40.90,40.90,40.90,000
WAG,20080207,39.00,40.75,39.00,40.75,12500
WAG,20080206,40.00,40.00,40.00,40.00,000
WAG,20080205,37.50,40.00,37.50,40.00,2500
WAG,20080204,38.00,38.00,38.00,38.00,000
WAG,20080201,38.00,38.00,38.00,38.00,000
WAG,20080131,38.00,38.00,38.00,38.00,000
WAG,20080130,36.00,39.00,36.00,39.00,2500
WAG,20080129,35.00,37.00,35.00,37.00,5000
WAG,20080128,33.51,33.51,33.51,33.51,000
WAG,20080125,34.00,34.00,34.00,34.00,2500
WAG,20080124,36.28,36.28,35.00,35.00,2500
WAG,20080123,36.28,36.28,36.28,36.28,000
WAG,20080122,36.00,36.00,36.00,36.00,2200
WAG,20080121,39.00,39.00,39.00,39.00,200
WAG,20080118,39.00,39.00,39.00,39.00,2500
WAG,20080117,44.90,44.90,44.90,44.90,000
WAG,20080116,45.50,45.50,45.50,45.50,000
WAG,20080115,45.70,45.70,45.70,45.70,000
WAG,20080114,45.80,45.80,45.80,45.80,000
WAG,20080111,46.15,46.15,46.15,46.15,000
WAG,20080110,46.27,46.27,46.27,46.27,000
WAG,20080109,46.25,46.25,46.25,46.25,000
WAG,20080108,46.27,46.27,46.27,46.27,000
WAG,20080107,46.28,46.28,46.28,46.28,000
WAG,20080104,42.00,45.00,39.60,45.00,2700
WAG,20080103,46.15,46.15,46.15,46.15,000
WAG,20080102,46.28,46.28,46.28,46.28,000
WAG,20071228,39.00,42.54,39.00,42.54,500
WAG,20071227,45.00,45.00,40.00,40.00,000
WAG,20071221,45.00,45.00,45.00,45.00,000
WAG,20071220,45.00,45.00,45.00,45.00,000
WAG,20071219,45.00,45.00,45.00,45.00,000
WAG,20071218,45.00,45.00,45.00,45.00,000
WAG,20071217,45.00,45.00,45.00,45.00,000
WAG,20071214,45.00,45.00,45.00,45.00,000
WAG,20071213,45.00,45.00,45.00,45.00,000
WAG,20071212,43.96,43.96,43.96,43.96,000
WAG,20071211,43.96,43.96,43.96,43.96,000
WAG,20071210,43.96,43.96,43.96,43.96,000
WAG,20071207,43.96,43.96,43.96,43.96,000
WAG,20071206,43.96,43.96,43.96,43.96,000
WAG,20071205,43.96,43.96,43.96,43.96,000
WAG,20071204,43.96,43.96,43.96,43.96,000
WAG,20071203,43.96,43.96,43.96,43.96,000
WAG,20071130,43.96,43.96,43.96,43.96,000
WAG,20071129,43.96,43.96,43.96,43.96,000
WAG,20071128,43.96,43.96,43.96,43.96,000
WAG,20071127,43.96,43.96,43.96,43.96,000
WAG,20071126,43.96,43.96,43.96,43.96,000
WAG,20071123,43.96,43.96,43.96,43.96,000
WAG,20071122,43.96,43.96,43.96,43.96,000
WAG,20071121,43.96,43.96,43.96,43.96,000
WAG,20071120,43.96,43.96,43.96,43.96,000
WAG,20071119,43.96,43.96,43.96,43.96,000
WAG,20071116,43.96,43.96,43.96,43.96,000
WAG,20071115,43.96,43.96,43.96,43.96,000
WAG,20071114,43.96,43.96,43.96,43.96,000
WAG,20071113,43.96,43.96,43.96,43.96,000
WAG,20071112,43.96,43.96,43.96,43.96,000
WAG,20071109,43.96,43.96,43.96,43.96,000
WAG,20071108,43.96,43.96,43.96,43.96,000
WAG,20071107,43.96,43.96,43.96,43.96,000
WAG,20071106,43.96,43.96,43.96,43.96,000
WAG,20071105,43.96,43.96,43.96,43.96,000
WAG,20071102,43.96,43.96,43.96,43.96,000
WAG,20071101,43.96,43.96,43.96,43.96,000
WAG,20071031,43.96,43.96,43.96,43.96,000
WAG,20071030,43.96,43.96,43.96,43.96,000
WAG,20071029,43.96,43.96,43.96,43.96,000
WAG,20071026,43.96,43.96,43.96,43.96,000
WAG,20071025,43.96,43.96,43.96,43.96,000
WAG,20071024,44.00,44.00,44.00,44.00,000
WAG,20071023,44.00,44.00,44.00,44.00,000
WAG,20071022,44.01,44.01,44.01,44.01,000
WAG,20071019,44.65,44.65,44.65,44.65,000
WAG,20071018,44.65,44.65,44.65,44.65,000
WAG,20071017,44.65,44.65,44.65,44.65,000
WAG,20071016,44.65,44.65,44.65,44.65,000
WAG,20071015,44.66,44.66,44.66,44.66,000
WAG,20071012,44.66,44.66,44.66,44.66,000
WAG,20071011,44.66,44.66,44.66,44.66,000
WAG,20071010,44.66,44.66,44.66,44.66,000
WAG,20071009,44.65,44.65,44.65,44.65,000
WAG,20071008,44.65,44.65,44.65,44.65,000
WAG,20071005,44.65,44.65,44.65,44.65,000
WAG,20071004,44.65,44.65,44.65,44.65,000
WAG,20071003,44.65,44.65,44.65,44.65,000
WAG,20071002,44.66,44.66,44.66,44.66,000
WAG,20071001,44.65,44.65,44.65,44.65,000
WAG,20070928,44.95,44.95,44.95,44.95,000
WAG,20070927,44.95,44.95,44.95,44.95,000
WAG,20070926,44.95,44.95,44.54,44.54,000
WAG,20070925,44.95,44.95,44.54,44.54,000
WAG,20070924,44.95,44.95,44.95,44.95,000
WAG,20070921,44.95,44.95,44.95,44.95,000
WAG,20070920,44.95,44.95,44.95,44.95,000
WAG,20070919,44.95,44.95,44.95,44.95,000
WAG,20070918,44.95,44.95,44.95,44.95,000
WAG,20070917,44.95,44.95,44.95,44.95,000
WAG,20070914,44.95,44.95,44.95,44.95,000
WAG,20070913,44.95,44.95,44.95,44.95,000
WAG,20070912,44.95,44.95,44.95,44.95,000
WAG,20070911,44.95,44.95,44.95,44.95,000
WAG,20070910,44.54,45.44,44.54,44.54,000
WAG,20070907,30.97,30.97,30.97,30.97,000
WAG,20070906,31.97,32.32,31.97,32.32,000
WAG,20070905,35.96,35.96,32.00,32.00,000
WAG,20070904,35.96,35.96,35.96,35.96,000
WAG,20070903,42.95,42.95,42.95,42.95,000
WAG,20070831,37.01,37.42,37.01,37.42,000
WAG,20070830,41.96,41.96,41.96,41.96,000
WAG,20070829,42.96,42.96,42.96,42.96,000
WAG,20070828,42.96,42.96,42.96,42.96,000
WAG,20070827,42.96,42.96,42.96,42.96,000
WAG,20070824,42.96,42.96,42.96,42.96,000
WAG,20070823,42.96,42.96,42.96,42.96,000
WAG,20070822,42.96,42.96,42.96,42.96,000
WAG,20070821,42.96,42.96,42.96,42.96,000
WAG,20070820,42.96,42.96,42.96,42.96,000
WAG,20070817,42.96,42.96,42.96,42.96,000
WAG,20070816,42.96,42.96,42.96,42.96,000
WAG,20070815,42.95,42.95,42.95,42.95,000
WAG,20070814,42.95,42.95,42.95,42.95,000
WAG,20070813,42.95,42.95,42.95,42.95,000
WAG,20070810,42.95,42.95,42.95,42.95,000
WAG,20070809,42.95,42.95,42.95,42.95,000
WAG,20070808,42.95,42.95,42.95,42.95,000
WAG,20070807,42.95,42.95,42.95,42.95,000
WAG,20070806,43.95,43.95,43.95,43.95,000
WAG,20070803,43.95,44.00,43.95,44.00,000
WAG,20070802,43.95,43.95,43.95,43.95,000
WAG,20070801,36.97,41.00,36.97,41.00,000
WAG,20070731,40.66,40.66,40.66,40.66,000
WAG,20070730,40.66,40.66,40.66,40.66,000
WAG,20070727,41.00,41.00,41.00,41.00,000
WAG,20070726,40.66,40.66,40.66,40.66,000
WAG,20070725,40.76,41.00,40.76,41.00,000
WAG,20070724,40.76,41.00,40.76,41.00,000
WAG,20070723,36.97,40.00,36.97,40.00,000
WAG,20070720,39.11,39.11,39.11,39.11,000
WAG,20070719,39.16,39.16,39.16,39.16,000
WAG,20070718,39.36,39.36,39.36,39.36,000
WAG,20070717,40.65,40.65,40.65,40.65,000
WAG,20070716,37.06,37.06,37.06,37.06,000
WAG,20070713,39.96,39.96,39.96,39.96,000
WAG,20070712,40.66,40.66,40.66,40.66,000
WAG,20070711,40.85,40.85,40.85,40.85,000
WAG,20070710,40.96,40.96,40.96,40.96,000
WAG,20070709,40.96,40.96,40.96,40.96,000
WAG,20070706,37.96,41.00,37.96,41.00,000
WAG,20070705,43.76,43.76,43.76,43.76,000
WAG,20070704,41.01,43.80,41.01,43.80,000
WAG,20070703,43.79,43.79,43.79,43.79,000
WAG,20070702,43.78,43.78,43.78,43.78,000
WAG,20070629,43.85,44.29,43.85,44.29,000
WAG,20070628,43.86,43.86,43.45,43.45,000
WAG,20070627,43.75,43.75,43.50,43.50,000
WAG,20070626,43.76,43.76,43.76,43.76,000
WAG,20070625,43.66,43.66,43.26,43.26,100
WAG,20070622,43.76,43.76,43.76,43.76,000
WAG,20070621,43.85,43.85,43.85,43.85,000
WAG,20070620,43.86,43.86,43.86,43.86,000
WAG,20070619,43.86,43.86,43.86,43.86,000
WAG,20070618,43.86,43.86,43.86,43.86,000
WAG,20070615,44.10,44.10,44.10,44.10,000
WAG,20070614,43.96,44.34,43.96,44.34,000
WAG,20070613,44.06,44.06,44.06,44.06,000
WAG,20070612,44.11,44.11,44.11,44.11,000
WAG,20070611,42.96,42.96,42.96,42.96,000
WAG,20070608,44.15,44.15,43.43,43.43,000
WAG,20070607,44.16,44.16,44.16,44.16,000
WAG,20070606,43.96,43.96,43.96,43.96,000
WAG,20070605,43.98,43.98,43.98,43.98,000
WAG,20070604,39.96,45.00,39.96,44.50,000
WAG,20070601,39.96,39.96,39.96,39.96,000
WAG,20070531,44.21,46.00,40.00,40.00,000
WAG,20070530,45.35,45.35,45.35,45.35,000
WAG,20070529,45.35,45.35,45.35,45.35,000
WAG,20070525,45.35,45.35,45.35,45.35,000
WAG,20070524,42.00,42.00,42.00,42.00,000
WAG,20070523,43.56,43.56,43.56,43.56,000
WAG,20070522,43.56,43.56,43.56,43.56,000
WAG,20070521,45.35,45.35,45.35,45.35,000
WAG,20070518,45.35,45.35,45.35,45.35,000
WAG,20070517,44.90,44.90,44.90,44.90,000
WAG,20070516,45.35,45.35,45.35,45.35,000
WAG,20070515,45.35,45.35,45.35,45.35,000
WAG,20070514,46.16,46.16,46.16,46.16,000
WAG,20070511,45.35,45.35,45.35,45.35,000
WAG,20070510,44.46,44.46,44.46,44.46,000
WAG,20070509,45.75,45.75,45.75,45.75,000
WAG,20070508,46.21,46.21,46.21,46.21,000
WAG,20070507,46.01,46.01,46.01,46.01,000
WAG,20070504,46.15,46.15,46.15,46.15,000
WAG,20070503,44.95,44.95,44.95,44.95,000
WAG,20070502,46.05,46.05,46.05,46.05,000
WAG,20070430,46.19,46.19,46.19,46.19,000
WAG,20070427,46.20,46.20,46.20,46.20,000
WAG,20070426,46.20,46.20,46.20,46.20,000
WAG,20070425,46.20,46.20,46.20,46.20,000
WAG,20070424,46.20,46.20,46.20,46.20,000
WAG,20070423,46.20,46.20,46.20,46.20,000
WAG,20070420,44.95,44.95,44.95,44.95,000
WAG,20070419,46.20,46.20,46.20,46.20,000
WAG,20070418,46.20,46.20,46.20,46.20,000
WAG,20070417,46.20,46.20,46.20,46.20,000
WAG,20070416,46.20,46.20,46.20,46.20,000
WAG,20070413,46.20,46.20,46.20,46.20,000
WAG,20070412,45.10,45.10,45.10,45.10,000
WAG,20070411,45.10,45.10,45.10,45.10,000
WAG,20070410,45.05,45.05,45.05,45.05,000
WAG,20070405,44.95,44.95,44.95,44.95,000
WAG,20070404,45.00,45.00,45.00,45.00,000
WAG,20070403,45.00,45.00,45.00,45.00,000
WAG,20070402,44.95,44.95,44.95,44.95,000
WAG,20070330,44.95,44.95,44.95,44.95,000
WAG,20070329,45.00,45.00,45.00,45.00,000
WAG,20070328,45.00,45.00,45.00,45.00,000
WAG,20070327,45.00,45.00,45.00,45.00,000
WAG,20070326,44.80,44.80,44.80,44.80,000
WAG,20070323,44.00,44.00,44.00,44.00,000
WAG,20070322,44.00,44.00,44.00,44.00,000
WAG,20070321,42.35,42.35,42.35,42.35,000
WAG,20070320,42.35,42.35,42.35,42.35,000
WAG,20070319,42.25,42.25,42.25,42.25,000
WAG,20070316,42.25,42.25,42.25,42.25,000
WAG,20070315,40.50,40.50,40.50,40.50,000
WAG,20070314,39.00,39.00,39.00,39.00,000
WAG,20070313,38.00,38.00,38.00,38.00,000
WAG,20070312,38.00,38.00,38.00,38.00,000
WAG,20070309,38.00,38.00,38.00,38.00,000
WAG,20070308,38.00,38.00,38.00,38.00,000
WAG,20070307,38.00,38.00,38.00,38.00,000
WAG,20070306,38.00,38.00,38.00,38.00,000
WAG,20070305,41.00,41.00,38.00,38.00,000
WAG,20070302,39.00,39.00,39.00,39.00,000
WAG,20070301,39.00,39.00,39.00,39.00,000
WAG,20070228,39.00,39.00,39.00,39.00,000
WAG,20070227,42.90,42.90,42.10,42.10,000
WAG,20070226,42.25,42.25,42.25,42.25,000
WAG,20070223,42.25,42.25,42.25,42.25,000
WAG,20070222,42.25,42.25,42.25,42.25,000
WAG,20070221,42.25,42.25,42.25,42.25,000
WAG,20070220,42.25,42.25,42.25,42.25,000
WAG,20070219,42.00,42.00,42.00,42.00,000
WAG,20070216,42.00,42.00,42.00,42.00,000
WAG,20070215,42.00,42.00,42.00,42.00,000
WAG,20070214,42.50,42.50,42.50,42.50,000
WAG,20070213,45.00,45.00,45.00,45.00,000
WAG,20070212,45.00,45.00,45.00,45.00,000
WAG,20070209,50.00,50.00,50.00,50.00,000
