ACA.PA,20011214,16.71,16.76,16.05,16.05,45872400
ACA.PA,20011217,16.19,16.44,16.03,16.44,4090800
ACA.PA,20011224,16.40,16.44,16.06,16.29,658700
ACA.PA,20020102,16.28,16.38,16.14,16.20,1415400
ACA.PA,20020107,16.24,17.02,16.21,16.68,2222700
ACA.PA,20020114,16.66,17.23,16.40,17.03,1899900
ACA.PA,20020121,17.01,17.39,16.67,17.22,1995200
ACA.PA,20020128,17.22,17.31,16.88,16.96,982000
ACA.PA,20020204,16.85,16.92,16.10,16.58,1024500
ACA.PA,20020211,16.51,17.56,16.51,17.35,1275800
ACA.PA,20020218,17.35,17.40,16.49,16.94,586500
ACA.PA,20020225,16.94,17.45,16.90,17.44,440000
ACA.PA,20020304,17.29,17.44,16.92,17.26,1220000
ACA.PA,20020311,17.22,17.58,16.97,17.58,1174100
ACA.PA,20020318,17.22,18.99,17.22,18.96,2647400
ACA.PA,20020325,18.76,19.71,18.75,19.67,2406400
ACA.PA,20020402,19.88,20.70,19.23,19.96,1818700
ACA.PA,20020408,19.89,20.47,19.61,20.05,1044600
ACA.PA,20020415,20.05,21.52,20.00,21.36,1268200
ACA.PA,20020422,21.25,21.98,20.61,21.49,823300
ACA.PA,20020429,21.43,21.81,20.60,20.60,675700
ACA.PA,20020506,20.66,22.20,20.66,22.09,531900
ACA.PA,20020513,21.91,22.06,21.06,21.13,1378000
ACA.PA,20020520,21.09,22.51,21.07,22.30,1328400
ACA.PA,20020527,22.21,22.44,21.52,22.44,668800
ACA.PA,20020603,21.77,22.16,21.15,21.90,724400
ACA.PA,20020610,21.79,22.62,20.24,20.71,914600
ACA.PA,20020617,20.74,21.89,20.26,21.25,936100
ACA.PA,20020624,21.06,21.29,19.51,20.60,1031200
ACA.PA,20020701,20.60,21.15,18.29,19.23,1055600
ACA.PA,20020708,19.23,19.96,18.77,19.23,1733400
ACA.PA,20020715,19.24,19.63,17.63,17.63,1182600
ACA.PA,20020722,17.40,18.02,14.84,17.17,2319200
ACA.PA,20020729,17.40,19.41,17.40,18.71,1347800
ACA.PA,20020805,18.36,20.49,18.36,20.45,8364900
ACA.PA,20020812,20.24,21.43,19.75,20.24,1521400
ACA.PA,20020819,19.92,21.36,19.92,20.92,1325700
ACA.PA,20020826,20.92,21.49,19.34,20.05,1243900
ACA.PA,20020902,19.96,20.24,17.17,18.09,1790000
ACA.PA,20020909,18.13,19.37,16.27,16.54,2273100
ACA.PA,20020916,16.98,17.67,15.58,15.70,1661700
ACA.PA,20020923,15.81,16.25,14.42,15.54,1715000
ACA.PA,20020930,15.12,15.57,13.83,14.18,1458100
ACA.PA,20021007,14.29,15.48,12.33,14.97,1974600
ACA.PA,20021014,15.06,17.22,14.43,16.70,1795100
ACA.PA,20021021,16.45,16.67,14.75,14.91,1343900
ACA.PA,20021028,15.93,16.03,14.43,14.82,1037600
ACA.PA,20021104,14.94,17.26,14.93,15.33,1323300
ACA.PA,20021111,15.38,16.80,14.95,16.38,692800
ACA.PA,20021118,16.39,16.67,15.42,16.53,1146300
ACA.PA,20021125,16.94,17.40,14.74,15.00,2955700
ACA.PA,20021202,15.02,15.70,13.76,14.23,2297300
ACA.PA,20021209,14.63,14.88,13.32,13.87,2112600
ACA.PA,20021216,13.64,14.10,12.93,13.83,3770800
ACA.PA,20021223,13.82,13.82,13.11,13.38,1014900
ACA.PA,20021230,13.37,13.69,12.93,13.34,1174700
ACA.PA,20030106,13.28,14.10,12.88,13.91,1999100
ACA.PA,20030113,13.98,14.38,13.69,13.74,1639500
ACA.PA,20030120,13.69,13.87,13.39,13.54,1319100
ACA.PA,20030127,13.37,13.55,12.91,13.11,1702000
ACA.PA,20030203,13.23,13.42,12.87,13.05,1554500
ACA.PA,20030210,13.00,13.55,12.92,13.42,1548400
ACA.PA,20030217,13.44,13.69,12.96,13.21,1054200
ACA.PA,20030224,13.06,13.19,12.42,12.68,1544700
ACA.PA,20030303,12.82,13.27,12.23,12.54,2230600
ACA.PA,20030310,12.45,13.10,11.49,13.10,2860100
ACA.PA,20030317,12.88,13.39,12.61,13.21,1926100
ACA.PA,20030324,13.00,13.44,12.44,13.40,1840800
ACA.PA,20030331,13.02,13.91,12.98,13.74,1884900
ACA.PA,20030407,13.97,14.93,13.75,14.47,4388300
ACA.PA,20030414,14.47,15.10,14.19,14.60,2741300
ACA.PA,20030422,14.65,15.33,14.38,14.65,1930200
ACA.PA,20030428,14.62,15.26,14.51,15.13,2123000
ACA.PA,20030505,15.20,15.75,14.90,15.28,1632300
ACA.PA,20030512,15.29,16.36,15.25,15.64,2430300
ACA.PA,20030519,15.11,16.12,14.07,16.12,3909800
ACA.PA,20030526,15.84,16.30,14.93,16.30,5639000
ACA.PA,20030602,16.29,16.77,15.49,15.81,3905300
ACA.PA,20030609,15.53,16.55,15.43,16.22,2570100
ACA.PA,20030616,16.08,16.67,15.38,15.66,3852000
ACA.PA,20030623,15.57,15.78,15.16,15.43,9857500
ACA.PA,20030630,15.34,15.51,14.68,15.25,5820000
ACA.PA,20030707,15.38,15.80,15.09,15.24,4773500
ACA.PA,20030714,15.24,16.04,15.24,15.55,4749600
ACA.PA,20030721,15.55,15.70,15.18,15.28,3070000
ACA.PA,20030728,15.31,15.81,15.29,15.54,4605300
ACA.PA,20030804,15.40,16.79,15.35,16.44,6055200
ACA.PA,20030811,16.62,17.20,16.24,17.12,3228200
ACA.PA,20030818,17.12,17.12,16.37,16.53,2805200
ACA.PA,20030825,16.39,16.44,15.75,15.84,2534000
ACA.PA,20030901,15.98,16.21,15.66,15.92,3353500
ACA.PA,20030908,15.81,16.43,15.43,15.49,4746700
ACA.PA,20030915,15.57,16.27,15.47,15.86,4079800
ACA.PA,20030922,15.77,15.92,15.38,15.58,3713700
ACA.PA,20030929,15.70,15.75,15.02,15.54,3654700
ACA.PA,20031006,15.45,16.22,15.35,16.20,3431700
ACA.PA,20031013,16.21,16.84,16.04,16.44,4355300
ACA.PA,20031020,16.44,17.44,16.01,16.19,5787300
ACA.PA,20031027,16.15,16.96,16.06,16.86,6817700
ACA.PA,20031103,16.90,17.29,16.68,16.88,5103600
ACA.PA,20031110,16.79,17.09,16.63,16.95,2806200
ACA.PA,20031117,16.66,16.83,16.06,16.59,5329000
ACA.PA,20031124,16.52,16.79,16.23,16.79,9366900
ACA.PA,20031201,16.84,17.12,16.56,16.90,4282800
ACA.PA,20031208,16.64,17.41,16.62,17.17,4131200
ACA.PA,20031215,17.30,17.49,16.77,17.49,4868500
ACA.PA,20031222,17.26,17.53,17.13,17.26,946900
ACA.PA,20031229,17.13,17.70,17.07,17.63,1030800
ACA.PA,20040105,17.64,18.03,17.39,17.96,2566600
ACA.PA,20040112,17.79,18.22,17.50,18.01,4084900
ACA.PA,20040119,17.99,18.76,17.60,18.33,4043100
ACA.PA,20040126,18.33,18.55,17.99,18.11,2537300
ACA.PA,20040202,18.20,18.58,17.74,18.54,2824900
ACA.PA,20040209,18.54,19.33,18.54,19.00,3633500
ACA.PA,20040216,19.00,19.37,18.87,18.89,2432500
ACA.PA,20040223,18.92,19.19,18.57,19.10,5216900
ACA.PA,20040301,19.05,19.08,18.10,18.45,3946600
ACA.PA,20040308,18.64,20.58,18.38,19.84,7085200
ACA.PA,20040315,19.77,20.02,18.97,19.58,3434100
ACA.PA,20040322,19.38,19.56,18.92,19.35,3502000
ACA.PA,20040329,19.30,20.01,19.15,19.46,3864200
ACA.PA,20040405,19.50,20.32,19.45,20.04,2627700
ACA.PA,20040412,20.04,20.32,18.60,19.10,3446600
ACA.PA,20040419,19.18,20.01,18.98,19.60,4099100
ACA.PA,20040426,19.56,19.81,18.90,18.99,2709500
ACA.PA,20040503,19.03,19.84,18.55,18.80,3054100
ACA.PA,20040510,18.57,18.64,17.78,18.13,4229300
ACA.PA,20040517,18.03,18.85,17.62,18.71,3885000
ACA.PA,20040524,18.82,19.34,18.38,18.57,2785700
ACA.PA,20040531,18.45,19.33,18.37,19.25,2131900
ACA.PA,20040607,19.20,19.39,18.93,19.26,2361900
ACA.PA,20040614,19.13,19.23,18.52,18.93,3309200
ACA.PA,20040621,18.93,19.07,18.57,18.75,3995300
ACA.PA,20040628,18.66,18.96,18.19,18.22,2853100
ACA.PA,20040705,18.22,18.44,17.74,17.94,2669900
ACA.PA,20040712,17.84,18.25,17.71,17.84,2227900
ACA.PA,20040719,17.76,18.13,17.63,17.87,2578400
ACA.PA,20040726,17.95,18.20,17.70,18.09,2660800
ACA.PA,20040802,17.90,18.78,17.90,18.27,3388800
ACA.PA,20040809,18.27,18.35,17.93,18.01,2316800
ACA.PA,20040816,17.90,18.68,17.78,18.64,2197300
ACA.PA,20040823,18.69,19.29,18.49,19.26,2333200
ACA.PA,20040830,19.16,19.56,18.97,19.52,3057400
ACA.PA,20040906,19.43,19.99,19.10,19.92,3637100
ACA.PA,20040913,19.94,20.37,19.77,20.37,8754700
ACA.PA,20040920,20.25,20.62,19.88,20.10,4800900
ACA.PA,20040927,20.08,20.94,19.80,20.93,4133700
ACA.PA,20041004,20.99,21.36,20.64,20.91,3708600
ACA.PA,20041011,20.85,21.19,20.07,20.44,3403900
ACA.PA,20041018,20.36,21.53,20.36,21.12,4535600
ACA.PA,20041025,20.81,21.41,20.39,21.20,3486900
ACA.PA,20041101,21.11,22.03,21.11,21.52,2690100
ACA.PA,20041108,21.49,22.05,21.24,21.80,2573800
ACA.PA,20041115,21.75,21.94,20.10,20.14,7855500
ACA.PA,20041122,20.02,20.85,19.98,20.63,5262200
ACA.PA,20041129,20.76,21.22,20.36,20.75,4647700
ACA.PA,20041206,20.58,21.03,20.41,20.81,3954000
ACA.PA,20041213,20.87,21.27,20.39,20.53,5188600
ACA.PA,20041220,20.44,20.92,20.44,20.68,2210800
ACA.PA,20041227,20.59,20.85,20.34,20.49,1219600
ACA.PA,20050103,20.49,21.08,20.35,21.04,3249900
ACA.PA,20050110,21.03,21.27,20.49,21.19,3795600
ACA.PA,20050117,21.20,21.47,20.76,20.90,2605000
ACA.PA,20050124,20.80,21.17,20.64,20.84,3185700
ACA.PA,20050131,20.95,21.44,20.88,21.36,3132400
ACA.PA,20050207,21.37,21.71,21.06,21.49,3249900
ACA.PA,20050214,21.39,21.47,20.68,21.16,4748100
ACA.PA,20050221,21.00,21.11,20.46,20.76,3910700
ACA.PA,20050228,20.76,21.26,20.60,21.26,3152000
ACA.PA,20050307,21.24,21.36,20.13,20.21,8335400
ACA.PA,20050314,20.19,20.28,19.70,19.99,5095700
ACA.PA,20050321,19.95,20.10,19.61,19.90,2545000
ACA.PA,20050328,19.90,19.98,19.24,19.35,4279300
ACA.PA,20050404,19.25,19.87,19.10,19.65,4666300
ACA.PA,20050411,19.56,19.79,19.35,19.40,4671600
ACA.PA,20050418,19.24,19.29,18.59,19.19,4281900
ACA.PA,20050425,19.09,19.19,18.33,18.46,3900900
ACA.PA,20050502,18.69,19.56,18.56,19.29,3105300
ACA.PA,20050509,19.22,19.75,18.98,19.75,3468800
ACA.PA,20050516,19.58,20.20,19.47,20.02,2774500
ACA.PA,20050523,20.17,20.19,19.15,19.29,6268200
ACA.PA,20050530,19.29,20.14,19.13,20.01,5096800
ACA.PA,20050606,19.84,20.07,19.44,19.58,3105500
ACA.PA,20050613,19.59,20.19,19.03,19.95,5551200
ACA.PA,20050620,19.79,19.85,19.31,19.43,3624000
ACA.PA,20050627,19.21,19.52,19.07,19.41,3148300
ACA.PA,20050704,19.29,19.36,18.47,19.06,4387300
ACA.PA,20050711,19.09,20.09,19.09,20.00,3931200
ACA.PA,20050718,20.01,21.22,19.89,20.90,5097400
ACA.PA,20050725,20.90,21.04,20.56,20.86,2739400
ACA.PA,20050801,20.78,21.35,20.62,20.97,4153500
ACA.PA,20050808,21.03,21.06,20.57,20.70,2451400
ACA.PA,20050815,20.62,21.08,20.39,20.70,2233200
ACA.PA,20050822,20.62,20.74,19.75,19.79,2337100
ACA.PA,20050829,19.62,20.25,19.47,19.95,4382700
ACA.PA,20050905,19.98,22.29,19.98,21.67,7092600
ACA.PA,20050912,21.68,21.80,21.23,21.58,3533400
ACA.PA,20050919,21.34,21.78,21.08,21.56,3315500
ACA.PA,20050926,21.78,22.73,21.78,22.51,4271600
ACA.PA,20051003,22.51,23.00,22.03,22.27,4391400
ACA.PA,20051010,22.27,22.81,22.19,22.73,3830800
ACA.PA,20051017,22.65,22.75,21.68,21.73,3664900
ACA.PA,20051024,21.68,22.37,21.67,21.90,2770300
ACA.PA,20051031,22.17,23.32,22.17,23.07,3742800
ACA.PA,20051107,22.91,24.36,22.91,24.27,3575100
ACA.PA,20051114,24.05,24.27,23.02,23.39,4683900
ACA.PA,20051121,23.57,23.99,23.39,23.69,2269800
ACA.PA,20051128,23.76,23.99,23.39,23.88,2986300
ACA.PA,20051205,23.83,24.97,23.77,24.82,4422000
ACA.PA,20051212,24.83,25.24,24.12,24.59,4722800
ACA.PA,20051219,24.55,25.37,24.31,24.96,2504400
ACA.PA,20051226,24.96,25.26,24.50,24.55,1039600
ACA.PA,20060102,24.72,25.71,24.59,25.58,2816700
ACA.PA,20060109,25.68,26.25,25.52,26.11,3125300
ACA.PA,20060116,26.02,26.22,24.95,25.37,3934600
ACA.PA,20060123,24.97,26.70,24.83,26.70,4921100
ACA.PA,20060130,26.76,27.45,26.58,26.85,3245900
ACA.PA,20060206,26.89,27.25,26.56,26.89,2737300
ACA.PA,20060213,26.85,27.87,26.67,27.59,3141400
ACA.PA,20060220,27.51,28.05,27.35,27.89,2666900
ACA.PA,20060227,27.97,29.39,27.89,28.24,5172200
ACA.PA,20060306,28.37,29.34,27.78,29.10,4711100
ACA.PA,20060313,29.25,30.12,28.87,29.83,3859800
ACA.PA,20060320,30.06,30.20,29.08,30.04,3208900
ACA.PA,20060327,29.95,30.16,29.08,29.63,3454300
ACA.PA,20060403,29.82,30.38,29.48,29.66,3132900
ACA.PA,20060410,29.53,29.74,28.73,28.99,2757500
ACA.PA,20060417,28.99,29.99,28.65,29.79,2213800
ACA.PA,20060424,29.56,30.01,29.17,29.47,3230900
ACA.PA,20060502,29.39,30.50,29.36,30.30,3881500
ACA.PA,20060508,30.59,31.53,30.40,30.69,3729000
ACA.PA,20060515,30.58,30.91,27.29,27.72,9151400
ACA.PA,20060522,27.68,27.83,26.21,27.71,6725300
ACA.PA,20060529,26.93,27.49,26.12,27.31,4420500
ACA.PA,20060605,27.26,27.33,25.38,25.84,4031700
ACA.PA,20060612,25.98,26.25,24.60,25.42,6552200
ACA.PA,20060619,25.70,26.57,25.62,26.21,3027500
ACA.PA,20060626,26.23,27.55,25.56,27.45,3894400
ACA.PA,20060703,27.53,28.24,27.31,27.67,3820500
ACA.PA,20060710,27.80,28.28,26.46,26.46,3413600
ACA.PA,20060717,26.47,28.12,25.76,27.16,3874800
ACA.PA,20060724,27.06,29.41,26.96,29.35,3540100
ACA.PA,20060731,29.34,29.76,28.37,29.53,3010200
ACA.PA,20060807,29.09,29.66,28.87,29.09,2343600
ACA.PA,20060814,29.34,30.73,29.22,30.35,2736300
ACA.PA,20060821,30.27,30.42,29.34,29.93,2931200
ACA.PA,20060828,29.82,30.41,29.09,29.09,3337700
ACA.PA,20060904,29.13,30.12,29.00,29.20,4234900
ACA.PA,20060911,28.97,30.99,28.95,30.90,5667300
ACA.PA,20060918,30.84,31.97,30.34,31.37,3409100
ACA.PA,20060925,31.58,32.19,31.06,31.96,3882200
ACA.PA,20061002,32.03,33.36,31.61,32.88,4771200
ACA.PA,20061009,32.88,33.13,30.45,31.37,8720900
ACA.PA,20061016,31.38,31.51,30.31,30.85,4268500
ACA.PA,20061023,30.88,31.31,30.58,31.01,3129700
ACA.PA,20061030,30.74,31.08,30.36,30.60,2496500
ACA.PA,20061106,30.60,31.51,30.59,30.83,2634100
ACA.PA,20061113,30.86,31.96,30.84,31.52,3243500
ACA.PA,20061120,31.23,31.65,29.08,29.34,7420800
ACA.PA,20061127,29.32,29.90,28.38,28.94,6091600
ACA.PA,20061204,28.97,29.65,28.50,28.91,4150000
ACA.PA,20061211,29.05,29.71,28.58,29.52,4793400
ACA.PA,20061218,29.42,29.94,28.96,28.99,3353300
ACA.PA,20061225,28.99,29.76,28.99,29.40,1182900
ACA.PA,20070101,29.40,30.35,29.18,29.24,5463700
ACA.PA,20070108,29.20,30.56,29.04,30.39,7359000
ACA.PA,20070115,30.60,30.68,29.59,30.44,7073800
ACA.PA,20070122,30.66,31.13,30.15,30.32,6485500
ACA.PA,20070129,30.42,31.10,30.04,31.03,3923800
ACA.PA,20070205,31.00,31.09,30.45,30.78,5270000
ACA.PA,20070212,30.51,30.75,29.30,29.68,5423100
ACA.PA,20070219,29.72,29.96,28.84,29.14,3898800
ACA.PA,20070226,29.27,29.47,27.12,27.44,7908400
ACA.PA,20070305,26.95,28.04,26.76,27.98,6837700
ACA.PA,20070312,28.16,28.24,26.16,26.59,6937600
ACA.PA,20070319,26.87,27.74,26.80,27.57,4853000
ACA.PA,20070326,27.64,27.66,26.43,26.93,4217100
ACA.PA,20070402,26.85,27.62,26.75,27.57,2962500
ACA.PA,20070409,27.57,28.28,27.52,28.09,3487000
ACA.PA,20070416,28.26,28.86,27.58,28.59,6373700
ACA.PA,20070423,28.72,28.91,28.13,28.59,4677800
ACA.PA,20070430,28.61,28.95,28.38,28.87,3762900
ACA.PA,20070507,29.11,30.52,28.89,30.43,7020500
ACA.PA,20070514,30.54,30.54,28.96,29.35,6420100
ACA.PA,20070521,29.44,29.49,28.86,29.34,5059900
ACA.PA,20070528,29.51,29.51,28.09,28.30,4121200
ACA.PA,20070604,28.24,28.28,26.80,27.20,6251100
ACA.PA,20070611,27.45,28.35,26.81,28.10,5724600
ACA.PA,20070618,28.10,28.50,27.65,27.98,4265600
ACA.PA,20070625,27.68,27.98,27.18,27.86,4772200
ACA.PA,20070702,27.63,27.90,27.31,27.59,4323100
ACA.PA,20070709,27.59,27.66,26.50,27.42,4930800
ACA.PA,20070716,27.49,27.91,27.04,27.17,4603700
ACA.PA,20070723,27.00,27.24,24.97,25.47,7441500
ACA.PA,20070730,25.58,26.21,24.91,25.13,8256700
ACA.PA,20070806,24.91,26.82,24.43,24.89,9206100
ACA.PA,20070813,25.03,26.05,23.99,25.17,8907200
ACA.PA,20070820,25.50,25.98,24.84,25.37,4965500
ACA.PA,20070827,25.59,25.87,24.40,25.56,6037200
ACA.PA,20070903,25.56,25.69,24.25,24.41,7187800
ACA.PA,20070910,24.41,25.12,24.02,24.76,6150300
ACA.PA,20070917,24.73,26.00,24.18,25.41,10526300
ACA.PA,20070924,25.14,25.38,24.58,24.96,6101600
ACA.PA,20071001,24.55,26.64,24.55,26.54,6244600
ACA.PA,20071008,26.53,26.58,25.07,25.52,5476400
ACA.PA,20071015,25.33,25.41,24.47,24.57,4907600
ACA.PA,20071022,24.45,24.80,24.05,24.68,4220400
ACA.PA,20071029,24.90,25.37,23.63,23.86,5757300
ACA.PA,20071105,23.61,23.85,21.48,21.61,8778000
ACA.PA,20071112,21.40,23.09,21.32,21.47,7912400
ACA.PA,20071119,21.22,21.22,19.04,20.35,10597600
ACA.PA,20071126,20.72,22.60,19.93,22.16,7822500
ACA.PA,20071203,22.16,22.36,21.14,22.24,6460700
ACA.PA,20071210,22.04,22.79,21.44,21.92,5959800
ACA.PA,20071217,21.64,21.90,20.49,21.29,7380500
ACA.PA,20071224,21.06,21.47,21.02,21.26,1343000
ACA.PA,20071231,21.39,21.57,20.45,20.60,2849500
ACA.PA,20080107,20.43,20.88,20.17,20.72,6373500
ACA.PA,20080114,20.67,21.02,18.55,18.71,7812100
ACA.PA,20080121,18.27,19.35,15.93,18.69,14940100
ACA.PA,20080128,18.33,19.92,18.22,19.31,10037000
ACA.PA,20080204,19.39,19.49,16.68,16.79,8220500
ACA.PA,20080211,16.73,17.84,16.14,16.20,9362400
ACA.PA,20080218,16.56,16.82,15.73,16.07,8152700
ACA.PA,20080225,16.35,17.62,16.35,16.65,9235200
ACA.PA,20080303,16.54,17.02,15.84,16.21,10147700
ACA.PA,20080310,16.20,17.33,15.67,16.32,11653800
ACA.PA,20080317,15.59,17.80,15.29,17.80,14372800
ACA.PA,20080324,17.80,18.78,17.80,17.95,7643500
ACA.PA,20080331,17.87,20.39,17.69,19.31,8721200
ACA.PA,20080407,19.55,19.92,18.27,18.45,5532000
ACA.PA,20080414,18.16,20.19,17.90,20.11,5960200
ACA.PA,20080421,20.02,20.28,18.57,19.68,5855700
ACA.PA,20080428,19.66,21.03,19.65,20.88,3811200
ACA.PA,20080505,20.75,20.91,19.29,19.49,5206600
ACA.PA,20080512,19.43,19.59,17.49,17.65,11892900
ACA.PA,20080519,17.63,17.90,16.79,16.91,7162400
ACA.PA,20080526,17.16,17.26,15.60,15.70,9897700
ACA.PA,20080602,15.78,15.78,13.82,13.86,21322200
ACA.PA,20080609,13.78,14.27,13.45,13.72,22473000
ACA.PA,20080616,13.84,14.03,12.94,13.38,25141800
ACA.PA,20080623,13.46,13.97,12.57,13.41,24418900
ACA.PA,20080630,13.48,13.49,12.17,12.89,17395200
ACA.PA,20080707,13.00,13.14,11.57,11.57,18534600
ACA.PA,20080714,11.82,14.11,11.08,14.02,16405800
ACA.PA,20080721,14.00,15.38,13.11,14.30,14213500
ACA.PA,20080728,14.17,14.17,12.88,13.55,9414600
ACA.PA,20080804,13.61,15.17,13.29,14.67,9996000
ACA.PA,20080811,14.76,15.35,13.83,14.22,7679900
ACA.PA,20080818,14.12,14.26,12.99,13.57,6386800
ACA.PA,20080825,13.54,14.73,12.88,14.52,8967000
ACA.PA,20080901,14.26,15.08,13.47,13.58,8826100
ACA.PA,20080908,14.65,15.20,13.42,14.03,12762300
ACA.PA,20080915,13.00,14.40,11.25,14.40,29218000
ACA.PA,20080922,14.40,15.50,13.01,14.40,13242500
ACA.PA,20080929,14.40,15.62,12.05,15.39,12120400
ACA.PA,20081006,14.20,14.58,11.15,11.44,12977100
ACA.PA,20081013,12.78,12.84,9.60,10.48,12882000
ACA.PA,20081020,10.78,12.44,9.90,11.37,8813400
ACA.PA,20081027,10.62,11.48,8.54,11.23,13163000
ACA.PA,20081103,11.40,12.15,10.69,11.35,7050900
ACA.PA,20081110,11.60,11.84,9.30,9.44,6619900
ACA.PA,20081117,9.55,9.65,6.76,6.88,11177400
ACA.PA,20081124,7.69,8.72,7.00,8.72,7919300
ACA.PA,20081201,8.72,9.11,7.70,8.61,6020400
ACA.PA,20081208,9.15,9.98,8.44,8.89,6984000
ACA.PA,20081215,9.19,9.20,7.81,7.98,7660400
ACA.PA,20081222,8.25,8.25,7.68,7.90,2519300
ACA.PA,20081229,8.17,8.60,7.77,8.60,2511800
ACA.PA,20090105,8.75,9.03,8.36,8.82,4620400
ACA.PA,20090112,8.85,9.02,7.51,8.29,6714200
ACA.PA,20090119,8.50,8.68,7.12,7.58,8405200
ACA.PA,20090126,7.59,10.06,7.59,9.54,9886100
ACA.PA,20090202,9.11,9.83,8.66,9.50,5516100
ACA.PA,20090209,9.25,9.64,8.22,8.22,5134400
ACA.PA,20090216,8.18,8.50,7.20,7.28,5936600
ACA.PA,20090223,7.50,8.09,6.95,7.79,6416800
ACA.PA,20090302,7.54,7.55,5.90,6.11,9415400
ACA.PA,20090309,6.35,7.60,5.92,7.35,9482400
ACA.PA,20090316,7.63,8.92,7.53,8.69,9210400
ACA.PA,20090323,8.94,9.70,8.60,9.20,6599300
ACA.PA,20090330,8.66,9.53,7.92,9.39,6980800
ACA.PA,20090406,9.49,9.99,8.45,9.80,6022100
ACA.PA,20090413,9.80,11.07,9.80,10.95,5355600
ACA.PA,20090420,10.60,10.70,9.27,10.57,6106500
ACA.PA,20090427,10.02,11.20,9.85,11.20,4208900
ACA.PA,20090504,11.03,12.16,10.90,11.74,6244100
ACA.PA,20090511,11.75,11.96,9.69,10.36,7479400
ACA.PA,20090518,10.10,11.08,10.00,10.57,4206800
ACA.PA,20090525,10.69,10.69,10.00,10.33,4633200
ACA.PA,20090601,10.57,11.05,10.42,10.77,4820000
ACA.PA,20090608,10.66,11.30,10.50,10.95,4118500
ACA.PA,20090615,10.86,10.90,9.82,10.36,5296600
ACA.PA,20090622,10.35,10.38,8.94,9.05,7840000
ACA.PA,20090629,9.16,9.38,8.80,9.10,6549100
ACA.PA,20090706,9.07,9.17,8.65,8.75,4572300
ACA.PA,20090713,8.70,10.15,8.62,9.93,5970800
ACA.PA,20090720,9.95,10.32,9.70,10.32,4937100
ACA.PA,20090727,10.31,10.49,10.00,10.02,5526000
ACA.PA,20090803,10.10,11.45,10.01,11.32,6940300
ACA.PA,20090810,11.14,11.60,10.78,11.37,4181500
ACA.PA,20090817,11.20,11.99,10.78,11.99,4690100
ACA.PA,20090824,12.00,13.48,11.97,13.25,6301800
ACA.PA,20090831,13.05,13.11,12.12,12.93,5623300
ACA.PA,20090907,12.96,13.07,12.57,12.90,4336300
ACA.PA,20090914,12.80,14.00,12.50,13.86,7847600
ACA.PA,20090921,13.76,14.56,13.64,13.97,5873900
ACA.PA,20090928,13.84,14.65,13.31,13.60,6067700
ACA.PA,20091005,13.60,15.06,13.35,14.68,6747400
ACA.PA,20091012,14.73,15.18,14.25,14.89,6249800
ACA.PA,20091019,15.04,15.13,14.01,14.67,5629800
ACA.PA,20091026,14.75,14.75,12.53,13.10,7239100
ACA.PA,20091102,12.94,14.15,12.67,14.05,5961200
ACA.PA,20091109,14.30,15.66,14.27,15.07,6515400
ACA.PA,20091116,15.00,15.35,14.03,14.07,5217800
ACA.PA,20091123,14.30,14.75,13.40,14.03,4923500
ACA.PA,20091130,14.08,14.22,13.60,13.88,4759500
ACA.PA,20091207,13.72,13.86,13.10,13.27,6783100
ACA.PA,20091214,13.50,13.59,11.96,11.98,9645300
ACA.PA,20091221,12.08,12.34,11.92,12.17,6769200
ACA.PA,20091228,12.33,12.44,12.21,12.36,2900500
ACA.PA,20100104,12.45,13.50,12.41,13.47,6117400
ACA.PA,20100111,13.50,13.59,12.57,12.91,6083200
ACA.PA,20100118,13.10,13.10,11.51,11.85,7832000
ACA.PA,20100125,11.89,12.26,11.31,11.44,7572300
ACA.PA,20100201,11.36,11.82,10.09,10.09,10752300
ACA.PA,20100208,10.28,10.94,9.82,10.11,10991100
ACA.PA,20100215,10.12,10.85,10.00,10.75,5834300
ACA.PA,20100222,10.85,11.02,10.30,10.92,8028200
ACA.PA,20100301,11.03,11.74,10.86,11.66,6610700
ACA.PA,20100308,11.78,12.33,11.38,12.15,6517100
ACA.PA,20100315,12.15,12.71,11.91,12.47,6837900
ACA.PA,20100322,12.47,13.30,12.10,13.02,7411800
ACA.PA,20100329,13.03,13.25,12.73,13.21,4372100
ACA.PA,20100405,13.21,13.43,12.73,13.28,4793100
ACA.PA,20100412,13.38,13.78,13.10,13.20,5884300
ACA.PA,20100419,13.01,13.20,12.03,12.26,8226700
ACA.PA,20100426,12.30,12.45,10.56,10.82,17254300
ACA.PA,20100503,11.06,11.15,9.01,9.76,19201500
ACA.PA,20100510,10.50,11.02,9.50,9.62,19531800
ACA.PA,20100517,9.27,9.94,8.86,9.32,13542000
ACA.PA,20100524,9.56,9.59,8.53,8.91,14519000
ACA.PA,20100531,8.93,8.99,8.33,8.35,11257700
ACA.PA,20100607,8.33,9.02,7.87,9.02,14052400
ACA.PA,20100614,9.25,9.92,9.10,9.88,10934200
ACA.PA,20100621,10.19,10.23,8.78,9.04,11961700
ACA.PA,20100628,9.14,9.15,8.21,8.26,11917400
ACA.PA,20100705,8.34,9.52,8.12,9.26,9864500
ACA.PA,20100712,9.23,9.69,8.82,8.93,7631900
ACA.PA,20100719,8.87,9.52,8.60,9.35,6892100
ACA.PA,20100726,9.55,11.02,9.36,10.51,11333700
ACA.PA,20100802,10.65,11.35,10.51,10.99,6428300
ACA.PA,20100809,11.16,11.26,10.03,10.31,5512800
ACA.PA,20100816,10.33,10.69,9.97,10.02,4801100
ACA.PA,20100823,10.03,10.49,9.66,10.24,6026600
ACA.PA,20100830,10.36,11.02,9.80,10.89,9135200
ACA.PA,20100906,10.97,11.12,10.01,10.96,9493000
ACA.PA,20100913,11.25,11.73,11.01,11.25,10838800
ACA.PA,20100920,11.45,12.02,11.18,11.97,10363900
ACA.PA,20100927,12.03,12.28,11.34,11.53,8857300
ACA.PA,20101004,11.48,12.19,11.27,11.64,6027800
ACA.PA,20101011,11.70,11.77,11.23,11.47,6385200
ACA.PA,20101018,11.35,12.15,11.35,12.00,5707700
ACA.PA,20101025,12.14,12.14,11.69,11.77,3946100
ACA.PA,20101101,11.90,12.60,11.63,12.14,6492500
ACA.PA,20101108,12.10,12.29,11.00,11.58,9875900
ACA.PA,20101115,11.52,11.63,10.87,10.99,7353900
ACA.PA,20101122,11.19,11.20,9.80,10.06,9400300
ACA.PA,20101129,10.16,10.35,9.28,10.18,12440300
ACA.PA,20101206,10.20,10.69,9.83,10.52,7392900
ACA.PA,20101213,10.60,10.70,10.06,10.09,6093000
ACA.PA,20101220,9.94,10.09,9.67,9.78,5688200
ACA.PA,20101227,9.77,9.80,9.50,9.50,2659200
ACA.PA,20110103,9.72,10.18,9.65,9.68,7240600
ACA.PA,20110110,9.64,10.57,9.31,10.38,10611000
ACA.PA,20110117,10.40,11.46,10.23,11.26,8884400
ACA.PA,20110124,11.47,11.48,10.56,10.95,8723200
ACA.PA,20110131,10.85,11.19,10.65,10.96,7360300
ACA.PA,20110207,11.01,11.91,11.01,11.56,10209900
ACA.PA,20110214,11.61,12.48,11.41,12.21,10543300
ACA.PA,20110221,12.18,12.78,11.55,12.65,12755100
ACA.PA,20110228,12.57,12.92,11.93,11.99,9410400
ACA.PA,20110307,11.92,12.02,11.51,11.66,9902800
ACA.PA,20110314,11.65,12.34,10.98,11.22,16304200
ACA.PA,20110321,11.45,12.28,11.35,12.18,9665600
ACA.PA,20110328,12.11,12.38,11.56,11.98,9374600
ACA.PA,20110404,11.94,12.07,11.27,11.86,10218500
ACA.PA,20110411,11.85,11.94,11.22,11.26,7033900
ACA.PA,20110418,11.20,11.24,10.52,10.84,10901700
ACA.PA,20110426,10.80,11.39,10.67,11.24,7531900
ACA.PA,20110502,11.35,11.37,10.76,11.03,8325100
ACA.PA,20110509,10.93,11.37,10.65,11.07,10020500
ACA.PA,20110516,10.85,11.12,10.69,10.85,8459400
ACA.PA,20110523,10.60,10.80,10.18,10.60,13095900
ACA.PA,20110530,10.59,10.72,10.27,10.58,7646600
ACA.PA,20110606,10.47,10.51,10.01,10.06,9235600
ACA.PA,20110613,10.07,10.22,9.50,10.10,12862900
ACA.PA,20110620,10.00,10.40,9.61,9.67,11150100
ACA.PA,20110627,9.62,10.81,9.52,10.80,11873500
ACA.PA,20110704,10.80,10.80,9.44,9.47,18271200
ACA.PA,20110711,9.41,9.41,8.20,8.48,23780000
ACA.PA,20110718,8.49,9.73,8.18,9.44,18514600
ACA.PA,20110725,9.24,9.30,8.45,8.62,13358000
ACA.PA,20110801,8.99,8.99,6.80,7.16,25810100
ACA.PA,20110808,7.09,7.64,5.63,6.52,33209400
ACA.PA,20110815,6.70,6.93,6.02,6.12,9702300
ACA.PA,20110822,6.18,6.90,6.00,6.42,10119600
ACA.PA,20110829,6.60,6.90,6.14,6.19,9090800
ACA.PA,20110905,6.05,6.08,5.35,5.40,11686300
ACA.PA,20110912,5.11,5.90,4.59,4.92,23789300
ACA.PA,20110919,4.99,5.00,4.01,4.43,16586000
ACA.PA,20110926,4.35,5.59,4.20,5.23,15723900
ACA.PA,20111003,5.06,5.55,4.62,5.36,11467200
ACA.PA,20111010,5.41,5.75,5.06,5.20,11163500
ACA.PA,20111017,5.39,5.40,4.65,4.84,9434400
ACA.PA,20111024,5.00,6.29,4.80,6.16,18460700
ACA.PA,20111031,6.08,6.08,4.75,5.23,17690100
ACA.PA,20111107,5.16,5.35,4.70,4.90,10599700
ACA.PA,20111114,5.04,5.05,4.30,4.38,7530300
ACA.PA,20111121,4.40,4.41,3.98,4.07,8777000
ACA.PA,20111128,4.20,4.90,4.16,4.80,10525700
ACA.PA,20111205,4.95,5.11,4.40,4.80,10369700
ACA.PA,20111212,4.80,4.89,4.03,4.04,10930700
ACA.PA,20111219,4.06,4.53,4.04,4.42,6364400
ACA.PA,20111226,4.42,4.43,4.15,4.36,2952000
ACA.PA,20120102,4.34,4.46,4.07,4.13,6546800
ACA.PA,20120109,4.17,4.38,4.01,4.21,9293300
ACA.PA,20120116,4.11,4.97,4.08,4.96,13233400
ACA.PA,20120123,4.98,5.30,4.78,4.93,13351500
ACA.PA,20120130,4.85,5.36,4.55,5.32,13560000
ACA.PA,20120206,5.20,5.71,5.08,5.33,13340300
ACA.PA,20120213,5.50,5.59,4.60,5.11,18387700
ACA.PA,20120220,5.24,5.34,4.72,4.90,17024300
ACA.PA,20120227,4.89,5.04,4.61,4.95,16426300
ACA.PA,20120305,4.85,4.85,4.50,4.78,6895300
ACA.PA,20120312,4.70,5.17,4.70,5.17,2704300
ACA.PA,20120319,5.16,5.17,4.82,4.99,6437500
ACA.PA,20120326,5.03,5.05,4.59,4.66,9069300
ACA.PA,20120402,4.71,4.72,4.09,4.16,15139500
ACA.PA,20120409,4.16,4.22,3.90,3.91,18413200
ACA.PA,20120416,3.91,4.04,3.65,3.74,20671200
ACA.PA,20120423,3.69,3.94,3.48,3.91,18255000
ACA.PA,20120430,3.94,4.00,3.58,3.64,13151000
ACA.PA,20120507,3.50,3.59,3.25,3.46,22016300
ACA.PA,20120514,3.40,3.42,2.93,3.01,25955200
ACA.PA,20120521,3.02,3.17,2.94,2.98,21563600
ACA.PA,20120528,3.01,3.05,2.84,2.88,16049100
ACA.PA,20120604,2.85,3.21,2.85,3.15,20567800
ACA.PA,20120611,3.30,3.34,2.91,3.28,28291100
ACA.PA,20120618,3.43,3.48,3.09,3.35,22558400
ACA.PA,20120625,3.33,3.47,3.11,3.47,16119400
ACA.PA,20120702,3.55,3.83,3.47,3.47,23460300
ACA.PA,20120709,3.47,3.57,3.37,3.46,11232000
ACA.PA,20120716,3.46,3.48,3.21,3.21,11352200
ACA.PA,20120723,3.14,3.35,2.92,3.34,19332800
ACA.PA,20120730,3.36,3.65,3.28,3.55,18507000
ACA.PA,20120806,3.55,4.11,3.52,3.98,18040900
ACA.PA,20120813,3.98,4.35,3.91,4.32,10869600
ACA.PA,20120820,4.31,4.47,4.05,4.24,16020400
ACA.PA,20120827,4.23,4.65,4.19,4.64,14746000
ACA.PA,20120903,4.59,5.53,4.51,5.34,24447400
ACA.PA,20120910,5.32,6.08,5.26,5.94,31095800
ACA.PA,20120917,5.84,6.04,5.51,5.85,19638200
ACA.PA,20120924,5.76,5.84,5.28,5.37,16665500
ACA.PA,20121001,5.39,5.91,5.38,5.84,16840800
ACA.PA,20121008,5.76,6.16,5.67,5.97,14428500
ACA.PA,20121015,5.97,6.55,5.97,6.18,18548200
ACA.PA,20121022,6.15,6.30,5.74,5.89,11272300
ACA.PA,20121029,5.85,6.04,5.74,5.98,6981300
ACA.PA,20121105,5.93,6.20,5.27,5.57,17213400
ACA.PA,20121112,5.56,5.74,5.41,5.46,9614400
ACA.PA,20121119,5.55,5.84,5.54,5.80,7517000
ACA.PA,20121126,5.75,5.90,5.60,5.83,8027400
ACA.PA,20121203,5.83,6.16,5.82,6.11,9045800
ACA.PA,20121210,6.00,6.04,5.84,5.95,8129000
ACA.PA,20121217,5.95,6.30,5.84,6.11,9017200
ACA.PA,20121224,6.08,6.20,6.04,6.05,1756700
ACA.PA,20121231,6.02,6.37,5.96,6.35,3840500
ACA.PA,20130107,6.41,7.27,6.40,7.12,13548000
ACA.PA,20130114,7.20,7.61,7.16,7.46,13427300
ACA.PA,20130121,7.50,7.66,7.20,7.58,8952500
ACA.PA,20130128,7.63,7.80,7.06,7.53,14454200
ACA.PA,20130204,7.57,7.58,6.84,7.35,16030900
ACA.PA,20130211,7.39,7.65,7.19,7.19,9893700
ACA.PA,20130218,7.33,7.99,7.18,7.28,14183300
ACA.PA,20130225,7.34,7.65,6.90,7.03,15865200
ACA.PA,20130304,6.98,7.34,6.90,7.26,7597100
ACA.PA,20130311,7.22,7.32,7.11,7.18,6908800
ACA.PA,20130318,7.00,7.01,6.48,6.56,11942500
ACA.PA,20130325,6.82,6.83,5.95,6.43,14841300
ACA.PA,20130401,6.43,6.57,6.16,6.27,7881600
ACA.PA,20130408,6.33,6.74,6.10,6.51,9273700
ACA.PA,20130415,6.50,6.57,6.01,6.24,9315000
ACA.PA,20130422,6.28,6.95,6.24,6.89,9763200
ACA.PA,20130429,6.92,7.19,6.82,7.16,5405800
ACA.PA,20130506,7.11,7.31,6.85,6.91,6935300
ACA.PA,20130513,6.93,7.36,6.74,7.36,7799200
ACA.PA,20130520,7.36,7.54,7.12,7.12,7572000
ACA.PA,20130527,7.18,7.45,7.16,7.30,5397600
ACA.PA,20130603,7.24,7.37,6.87,7.11,6243600
ACA.PA,20130610,7.12,7.20,6.55,6.90,6797000
ACA.PA,20130617,6.95,7.09,6.49,6.49,6816400
ACA.PA,20130624,6.49,6.87,6.30,6.60,9742300
ACA.PA,20130701,6.65,7.04,6.25,6.76,8870600
ACA.PA,20130708,6.82,6.99,6.67,6.74,5373900
ACA.PA,20130715,6.76,7.29,6.70,7.26,7338000
ACA.PA,20130722,7.24,7.49,7.20,7.28,6637300
ACA.PA,20130729,7.20,7.68,7.07,7.65,8050400
ACA.PA,20130805,7.66,8.24,7.60,8.18,11753100
ACA.PA,20130812,8.20,8.38,8.11,8.38,5783500
ACA.PA,20130819,8.36,8.38,7.85,8.17,5834500
ACA.PA,20130826,8.17,8.17,7.56,7.64,6514600
ACA.PA,20130902,7.77,7.94,7.65,7.85,6964200
ACA.PA,20130909,7.86,8.27,7.86,8.17,7306200
ACA.PA,20130916,8.27,8.50,8.21,8.27,6292200
ACA.PA,20130923,8.23,8.37,8.12,8.28,5385300
ACA.PA,20130930,8.12,8.50,8.06,8.47,5957900
ACA.PA,20131007,8.41,9.14,8.31,8.98,7178800
ACA.PA,20131014,8.90,9.25,8.82,9.14,4539200
ACA.PA,20131021,9.15,9.17,8.76,8.85,5370400
ACA.PA,20131028,8.88,9.02,8.50,8.90,5613500
ACA.PA,20131104,8.96,9.50,8.60,9.12,8632600
ACA.PA,20131111,9.14,9.17,8.71,8.79,4905600
ACA.PA,20131118,8.78,8.97,8.68,8.87,4719900
ACA.PA,20131125,8.89,9.39,8.81,9.23,6459000
ACA.PA,20131202,9.23,9.35,8.80,9.07,7381600
ACA.PA,20131209,9.11,9.18,8.75,8.77,4573700
ACA.PA,20131216,8.77,9.18,8.75,9.12,5132700
ACA.PA,20131223,9.11,9.24,9.10,9.19,1650400
ACA.PA,20131230,9.19,9.36,9.14,9.17,2534800
ACA.PA,20140106,9.18,10.15,9.17,9.94,7858800
ACA.PA,20140113,10.02,10.78,9.95,10.34,5981400
ACA.PA,20140120,10.35,10.44,9.94,10.00,6413100
ACA.PA,20140127,10.00,10.47,9.72,9.99,8534200
ACA.PA,20140203,9.95,10.40,9.53,10.34,7608400
ACA.PA,20140210,10.41,10.73,10.24,10.72,4687600
ACA.PA,20140217,10.72,11.27,10.69,11.09,6350400
ACA.PA,20140224,11.06,11.59,11.00,11.52,5048300
ACA.PA,20140303,11.26,11.89,11.07,11.46,7637400
ACA.PA,20140310,11.39,11.72,10.94,11.06,6426300
ACA.PA,20140317,11.09,11.83,11.09,11.22,9912200
ACA.PA,20140324,11.35,11.49,11.20,11.40,6215000
ACA.PA,20140331,11.46,12.03,11.41,11.98,6060300
ACA.PA,20140407,11.85,11.90,11.10,11.23,6776300
ACA.PA,20140414,11.14,11.39,10.85,11.38,4627900
ACA.PA,20140421,11.38,11.65,11.28,11.35,3272700
ACA.PA,20140428,11.35,11.50,11.23,11.38,3214600
ACA.PA,20140505,11.31,12.09,11.02,11.83,7018400
ACA.PA,20140512,11.89,12.02,11.06,11.27,6602800
ACA.PA,20140519,11.27,11.56,10.88,11.56,6597800
ACA.PA,20140526,11.59,11.98,11.32,11.44,4499600
ACA.PA,20140602,11.40,11.98,11.34,11.91,5652800
ACA.PA,20140609,11.95,12.10,11.44,11.72,4603000
ACA.PA,20140616,11.61,11.70,11.15,11.15,5712500
ACA.PA,20140623,11.16,11.16,10.49,10.60,6409900
ACA.PA,20140630,10.61,10.85,10.24,10.64,6241400
ACA.PA,20140707,10.61,10.69,9.78,9.90,8096900
ACA.PA,20140714,9.91,10.42,9.76,10.27,8100500
ACA.PA,20140721,10.25,10.90,10.02,10.68,5912000
ACA.PA,20140728,10.73,10.83,9.80,10.09,6851800
ACA.PA,20140804,10.19,10.96,10.04,10.44,9347200
ACA.PA,20140811,10.52,10.73,10.31,10.47,6076900
ACA.PA,20140818,10.60,10.95,10.49,10.81,3610000
ACA.PA,20140825,10.91,11.43,10.86,11.28,4852100
ACA.PA,20140901,11.28,11.99,11.05,11.96,6331800
ACA.PA,20140908,11.90,12.01,11.76,11.94,5452500
ACA.PA,20140915,11.84,12.22,11.65,12.01,6579500
ACA.PA,20140922,11.97,12.00,11.61,11.90,4779300
ACA.PA,20140929,11.87,12.06,11.40,11.70,6301000
ACA.PA,20141006,11.79,11.84,10.81,11.08,7314900
ACA.PA,20141013,10.97,11.24,9.89,10.90,9474500
ACA.PA,20141020,10.85,11.74,10.74,11.72,6519200
ACA.PA,20141027,11.85,11.90,11.13,11.80,8144200
ACA.PA,20141103,11.73,11.87,10.49,10.67,9714900
ACA.PA,20141110,10.59,10.73,9.99,10.35,9309000
ACA.PA,20141117,10.25,10.74,10.19,10.68,6577700
ACA.PA,20141124,10.76,11.33,10.73,11.31,7196300
ACA.PA,20141201,11.22,11.48,10.93,11.41,7620700
ACA.PA,20141208,11.35,11.44,10.41,10.44,7833600
ACA.PA,20141215,10.40,10.80,9.93,10.60,9764800
ACA.PA,20141222,10.58,10.93,10.57,10.81,1739200
ACA.PA,20141229,10.80,11.03,10.56,10.90,2338400
ACA.PA,20150105,10.84,11.00,9.94,10.06,8049200
ACA.PA,20150112,10.07,10.74,9.82,10.73,9576600
ACA.PA,20150119,10.75,11.64,10.64,11.25,11648500
ACA.PA,20150126,11.17,11.26,10.51,10.56,8401200
