CAP.PA,20000103,258.20,274.80,210.10,226.00,530700
CAP.PA,20000110,235.90,262.50,227.00,251.00,501200
CAP.PA,20000117,252.30,257.00,224.20,239.00,381500
CAP.PA,20000124,242.00,259.20,215.20,223.20,803700
CAP.PA,20000131,220.20,247.00,215.20,243.00,385200
CAP.PA,20000207,245.00,267.80,235.30,267.00,438300
CAP.PA,20000214,269.00,269.00,230.00,234.50,299200
CAP.PA,20000221,234.70,266.50,226.00,256.00,333000
CAP.PA,20000228,258.10,313.50,247.30,293.90,742500
CAP.PA,20000306,302.00,368.90,289.00,350.00,548100
CAP.PA,20000313,350.00,350.00,270.20,276.00,478600
CAP.PA,20000320,282.00,300.00,271.00,299.00,332500
CAP.PA,20000327,300.00,304.50,253.10,283.00,346600
CAP.PA,20000403,273.00,276.70,226.00,252.00,539200
CAP.PA,20000410,258.00,266.50,207.00,207.10,571800
CAP.PA,20000417,190.00,224.70,188.20,219.30,592900
CAP.PA,20000424,219.30,228.00,200.00,216.00,327000
CAP.PA,20000501,216.00,220.30,205.70,207.90,319800
CAP.PA,20000508,210.00,212.30,190.30,208.50,269200
CAP.PA,20000515,209.40,221.00,190.00,193.10,453800
CAP.PA,20000522,194.00,197.00,166.00,197.00,1163600
CAP.PA,20000529,200.00,236.00,191.00,226.00,807900
CAP.PA,20000605,231.90,232.00,203.20,212.00,523400
CAP.PA,20000612,212.00,212.00,196.20,206.00,483100
CAP.PA,20000619,206.00,216.10,177.90,183.90,610600
CAP.PA,20000626,189.20,194.50,172.60,184.50,612000
CAP.PA,20000703,185.00,185.00,175.60,181.40,359100
CAP.PA,20000710,192.00,192.50,177.00,191.00,386100
CAP.PA,20000717,192.90,214.50,187.20,210.00,758800
CAP.PA,20000724,210.00,213.20,198.10,202.00,186100
CAP.PA,20000731,201.50,212.00,184.50,189.50,415000
CAP.PA,20000807,192.00,196.80,185.50,187.50,347500
CAP.PA,20000814,190.00,197.80,188.20,193.30,213500
CAP.PA,20000821,193.50,216.00,193.50,215.50,388900
CAP.PA,20000828,214.00,247.00,213.10,240.10,792800
CAP.PA,20000904,240.10,245.80,216.50,220.50,419700
CAP.PA,20000911,223.10,230.00,208.20,211.10,590300
CAP.PA,20000918,212.20,231.00,196.00,200.50,571400
CAP.PA,20000925,207.70,220.40,204.00,213.00,299400
CAP.PA,20001002,206.50,228.30,206.00,208.10,393800
CAP.PA,20001009,208.60,212.00,191.90,204.00,515700
CAP.PA,20001016,213.00,213.00,182.50,201.80,616300
CAP.PA,20001023,202.00,203.00,180.50,188.50,777000
CAP.PA,20001030,190.50,194.00,180.90,183.10,346900
CAP.PA,20001106,187.50,190.00,174.30,178.20,634300
CAP.PA,20001113,176.00,188.50,168.70,182.50,496100
CAP.PA,20001120,186.90,187.40,159.00,168.00,728800
CAP.PA,20001127,174.00,178.80,158.90,159.70,659800
CAP.PA,20001204,161.80,190.00,154.60,182.50,698500
CAP.PA,20001211,182.50,186.30,168.70,168.70,468000
CAP.PA,20001218,172.00,180.00,161.50,167.00,482100
CAP.PA,20001227,169.40,173.90,168.10,171.80,190300
CAP.PA,20010102,173.60,175.30,154.00,166.90,600600
CAP.PA,20010108,166.70,194.90,166.00,192.50,876900
CAP.PA,20010115,192.00,201.00,184.30,200.90,651900
CAP.PA,20010122,199.80,199.80,180.00,186.00,686700
CAP.PA,20010129,199.00,209.80,194.50,197.00,803200
CAP.PA,20010205,195.50,199.50,188.70,189.40,436700
CAP.PA,20010212,190.00,208.90,188.20,199.10,520500
CAP.PA,20010219,197.90,205.00,184.00,187.40,503800
CAP.PA,20010226,189.40,193.00,168.50,173.60,741700
CAP.PA,20010305,174.10,193.40,174.00,181.70,443800
CAP.PA,20010312,177.00,178.10,158.60,159.50,806800
CAP.PA,20010319,159.90,163.40,132.60,142.00,1081600
CAP.PA,20010326,145.00,149.00,125.60,130.00,860100
CAP.PA,20010402,132.90,134.60,109.70,120.90,1003600
CAP.PA,20010409,120.00,133.10,117.00,128.90,630000
CAP.PA,20010417,124.00,154.00,117.10,148.00,1445500
CAP.PA,20010423,147.00,158.50,140.10,155.40,703400
CAP.PA,20010430,158.50,166.70,132.40,136.40,1239400
CAP.PA,20010508,137.70,141.40,130.40,136.40,789300
CAP.PA,20010514,135.50,146.80,129.10,142.20,908200
CAP.PA,20010521,143.00,154.30,140.30,144.00,588700
CAP.PA,20010528,140.80,143.80,131.20,133.50,592800
CAP.PA,20010605,136.00,143.40,135.00,138.50,369800
CAP.PA,20010611,137.00,137.40,115.60,118.80,955500
CAP.PA,20010618,117.30,120.90,109.70,114.00,713600
CAP.PA,20010625,111.10,113.40,77.40,86.00,2703300
CAP.PA,20010702,85.40,86.90,79.15,80.15,713900
CAP.PA,20010709,81.50,82.85,74.75,76.40,572700
CAP.PA,20010716,78.90,79.80,69.30,72.45,908500
CAP.PA,20010723,71.65,76.80,68.00,76.45,743100
CAP.PA,20010730,77.00,88.30,76.90,79.25,770400
CAP.PA,20010806,80.50,82.50,76.30,77.35,570900
CAP.PA,20010813,77.95,82.00,75.40,76.50,520400
CAP.PA,20010820,76.00,78.20,75.10,78.00,391500
CAP.PA,20010827,78.50,79.50,69.60,70.20,698800
CAP.PA,20010903,71.00,71.10,61.50,66.30,1106300
CAP.PA,20010910,65.50,68.00,55.10,55.80,683600
CAP.PA,20010917,51.10,58.50,49.00,54.50,1039400
CAP.PA,20010924,54.50,61.30,52.70,57.45,1039700
CAP.PA,20011001,59.50,59.50,49.70,54.20,867500
CAP.PA,20011008,52.70,63.40,51.30,61.30,2118100
CAP.PA,20011015,60.50,68.25,59.05,60.40,1191700
CAP.PA,20011022,60.40,70.40,58.75,65.40,1244200
CAP.PA,20011029,67.95,68.00,60.50,65.10,772600
CAP.PA,20011105,66.00,73.00,64.80,70.75,1109500
CAP.PA,20011112,69.80,79.15,64.90,77.00,950100
CAP.PA,20011119,77.00,82.90,72.35,72.60,1092500
CAP.PA,20011126,73.50,75.85,68.60,71.60,1118300
CAP.PA,20011203,70.60,92.50,69.60,84.60,1624800
CAP.PA,20011210,82.15,84.60,74.30,77.40,910000
CAP.PA,20011217,77.50,85.35,76.00,77.90,731200
CAP.PA,20011224,77.65,81.80,77.30,81.10,367300
CAP.PA,20020102,81.00,90.70,79.65,85.00,904700
CAP.PA,20020107,85.00,89.00,82.20,86.00,1086500
CAP.PA,20020114,84.50,85.40,77.30,77.85,898900
CAP.PA,20020121,78.10,81.15,75.45,78.35,827600
CAP.PA,20020128,79.00,84.20,76.55,78.95,812400
CAP.PA,20020204,79.00,80.25,72.70,73.60,821800
CAP.PA,20020211,75.85,82.55,74.70,79.50,1009000
CAP.PA,20020218,78.20,79.75,70.40,71.00,1464200
CAP.PA,20020225,71.95,78.45,70.40,76.75,1225200
CAP.PA,20020304,78.00,84.45,78.00,82.00,1149600
CAP.PA,20020311,81.40,87.20,81.40,86.35,1222600
CAP.PA,20020318,87.00,89.25,83.50,85.80,947300
CAP.PA,20020325,85.05,86.50,83.15,84.60,590100
CAP.PA,20020402,84.00,84.00,77.80,79.30,815200
CAP.PA,20020408,79.30,79.30,72.30,73.10,1128800
CAP.PA,20020415,74.45,79.70,73.70,76.00,665700
CAP.PA,20020422,75.00,75.00,61.90,64.50,2013000
CAP.PA,20020429,63.70,65.95,59.80,60.50,1379000
CAP.PA,20020506,60.70,64.60,58.45,59.00,775200
CAP.PA,20020513,58.70,63.80,57.20,59.80,886300
CAP.PA,20020520,59.65,60.50,54.35,55.55,865400
CAP.PA,20020527,55.10,56.65,51.40,52.70,724800
CAP.PA,20020603,52.40,53.50,49.50,50.50,942800
CAP.PA,20020610,51.25,53.00,41.80,45.30,1689500
CAP.PA,20020617,45.12,48.40,42.12,44.00,1154100
CAP.PA,20020624,43.72,45.06,40.15,40.25,1938800
CAP.PA,20020701,40.57,42.02,35.69,39.60,1416100
CAP.PA,20020708,39.49,40.30,34.50,35.60,1049500
CAP.PA,20020715,35.68,38.10,31.50,34.90,1490000
CAP.PA,20020722,34.20,35.80,29.30,31.85,1483500
CAP.PA,20020729,33.28,37.05,31.30,32.16,1159800
CAP.PA,20020805,33.55,33.55,30.10,30.85,872100
CAP.PA,20020812,30.72,31.41,27.36,28.30,773900
CAP.PA,20020819,28.02,36.50,27.52,35.00,1294100
CAP.PA,20020826,34.02,34.92,30.42,30.59,811000
CAP.PA,20020902,30.86,30.94,26.30,27.28,856800
CAP.PA,20020909,27.00,29.75,25.50,26.39,1143600
CAP.PA,20020916,26.59,27.07,19.50,20.93,1815300
CAP.PA,20020923,20.90,21.20,17.00,18.87,1715000
CAP.PA,20020930,18.10,18.10,13.60,13.98,1863300
CAP.PA,20021007,13.72,17.20,12.85,16.50,2809400
CAP.PA,20021014,16.20,25.19,15.55,22.78,4307700
CAP.PA,20021021,22.75,26.25,20.38,21.27,2650200
CAP.PA,20021028,22.61,25.90,20.85,24.39,2384700
CAP.PA,20021104,25.80,27.80,22.78,24.00,1908500
CAP.PA,20021111,23.99,26.38,22.86,25.58,1089200
CAP.PA,20021118,25.60,31.00,24.52,29.96,1685900
CAP.PA,20021125,30.02,32.81,27.80,32.17,1371500
CAP.PA,20021202,32.20,33.27,26.62,27.39,1869500
CAP.PA,20021209,26.80,27.00,23.62,23.91,1483200
CAP.PA,20021216,23.91,25.50,21.70,22.90,1319000
CAP.PA,20021223,23.00,23.08,21.30,22.09,438100
CAP.PA,20021230,22.19,24.97,21.15,24.15,595700
CAP.PA,20030106,24.53,26.50,24.25,26.50,1498600
CAP.PA,20030113,26.95,27.20,24.52,24.98,1066000
CAP.PA,20030120,24.70,25.70,21.75,24.53,1698800
CAP.PA,20030127,24.00,26.29,22.65,25.13,1683500
CAP.PA,20030203,25.60,25.98,22.75,23.04,1369200
CAP.PA,20030210,23.04,24.08,21.78,22.34,1588200
CAP.PA,20030217,22.98,24.80,22.52,22.92,1182800
CAP.PA,20030224,22.80,24.94,19.15,24.30,2814500
CAP.PA,20030303,24.26,25.93,21.80,22.00,1984000
CAP.PA,20030310,22.45,25.88,21.10,25.83,2148600
CAP.PA,20030317,24.56,27.69,24.51,27.40,1717500
CAP.PA,20030324,26.56,26.98,24.55,25.25,1612000
CAP.PA,20030331,24.99,26.04,23.59,25.26,1735500
CAP.PA,20030407,26.20,26.45,23.81,23.83,2084600
CAP.PA,20030414,23.81,26.20,23.61,24.91,2186000
CAP.PA,20030422,25.00,25.40,24.05,24.34,1402900
CAP.PA,20030428,23.98,28.47,23.98,28.20,2938200
CAP.PA,20030505,28.49,30.50,28.05,28.60,2490600
CAP.PA,20030512,28.98,29.70,27.52,29.16,1541900
CAP.PA,20030519,28.85,28.85,26.46,27.55,2268600
CAP.PA,20030526,27.60,29.59,26.70,29.53,1321100
CAP.PA,20030602,29.55,36.68,29.53,36.20,3012200
CAP.PA,20030609,35.78,35.91,32.12,32.80,2721000
CAP.PA,20030616,32.64,34.95,30.91,31.61,1610100
CAP.PA,20030623,31.41,31.85,29.39,31.50,2858000
CAP.PA,20030630,31.11,31.78,29.90,31.16,1299600
CAP.PA,20030707,31.53,33.80,31.33,32.80,1472400
CAP.PA,20030714,33.15,36.30,32.86,33.64,1599800
CAP.PA,20030721,33.99,33.99,32.26,33.67,774600
CAP.PA,20030728,34.05,37.78,34.00,36.58,1334900
CAP.PA,20030804,36.76,36.77,34.41,35.00,845200
CAP.PA,20030811,35.23,36.80,34.81,35.20,907300
CAP.PA,20030818,35.35,37.43,35.06,36.95,1355800
CAP.PA,20030825,36.65,38.15,35.40,37.45,1162100
CAP.PA,20030901,38.08,42.90,37.51,41.23,2459100
CAP.PA,20030908,40.85,42.45,37.90,38.50,1607600
CAP.PA,20030915,38.85,42.68,38.70,41.36,1090200
CAP.PA,20030922,40.94,41.00,36.30,36.94,1628000
CAP.PA,20030929,36.90,38.80,35.10,38.59,1666900
CAP.PA,20031006,38.78,41.80,37.94,41.02,1190300
CAP.PA,20031013,41.55,42.83,38.25,38.87,1804600
CAP.PA,20031020,37.95,39.84,36.80,38.37,2208800
CAP.PA,20031027,38.49,43.70,38.45,43.35,1468000
CAP.PA,20031103,43.35,44.86,42.57,44.38,1182600
CAP.PA,20031110,43.81,44.78,41.10,41.85,1552200
CAP.PA,20031117,41.20,41.45,38.16,40.68,1475000
CAP.PA,20031124,41.00,42.73,40.70,41.20,1076500
CAP.PA,20031201,41.92,43.29,41.36,41.71,756000
CAP.PA,20031208,42.00,43.28,40.01,41.64,1318400
CAP.PA,20031215,42.51,42.73,35.10,36.00,3504500
CAP.PA,20031222,35.72,36.00,34.70,34.87,672800
CAP.PA,20031229,34.16,36.45,34.16,36.28,744000
CAP.PA,20040105,36.23,39.61,36.00,38.10,1477100
CAP.PA,20040112,37.57,39.51,36.41,38.32,1953500
CAP.PA,20040119,38.35,39.50,37.50,37.78,981200
CAP.PA,20040126,37.78,38.55,35.50,35.56,1110800
CAP.PA,20040202,35.79,37.50,35.00,35.61,1380700
CAP.PA,20040209,36.00,38.46,35.85,37.39,1165000
CAP.PA,20040216,37.68,38.23,36.45,36.87,888900
CAP.PA,20040223,36.82,37.51,33.07,33.36,3001200
CAP.PA,20040301,33.50,33.71,32.20,32.33,1913500
CAP.PA,20040308,32.41,32.71,30.46,31.41,2201300
CAP.PA,20040315,31.12,31.83,29.65,30.94,1843700
CAP.PA,20040322,30.05,31.78,29.42,30.61,1756900
CAP.PA,20040329,30.50,32.76,30.36,32.19,1607500
CAP.PA,20040405,32.31,32.45,30.14,30.60,1996800
CAP.PA,20040413,30.70,30.80,28.60,28.78,1573400
CAP.PA,20040419,28.66,30.20,28.40,29.86,1654100
CAP.PA,20040426,29.95,31.40,28.80,29.52,2125600
CAP.PA,20040503,29.42,29.93,28.09,28.09,1091300
CAP.PA,20040510,27.50,29.65,26.98,28.95,2135900
CAP.PA,20040517,28.16,31.44,27.52,30.60,1757000
CAP.PA,20040524,30.88,32.61,30.40,31.35,2005700
CAP.PA,20040531,31.17,31.85,30.80,31.35,996600
CAP.PA,20040607,31.70,32.19,30.48,30.62,1334100
CAP.PA,20040614,30.61,31.30,30.00,30.84,1109500
CAP.PA,20040621,31.02,31.56,30.54,31.56,894600
CAP.PA,20040628,31.42,33.85,31.25,31.53,1984500
CAP.PA,20040705,31.38,31.96,29.06,29.40,1449100
CAP.PA,20040712,29.26,29.75,28.24,28.80,1307200
CAP.PA,20040719,28.62,29.29,27.81,27.94,1111500
CAP.PA,20040726,27.89,28.12,26.54,27.67,1306900
CAP.PA,20040802,27.32,27.49,23.63,23.69,2115100
CAP.PA,20040809,23.62,24.62,21.50,22.58,2474200
CAP.PA,20040816,22.50,24.58,22.16,23.77,1528100
CAP.PA,20040823,23.92,24.85,23.80,24.70,1173300
CAP.PA,20040830,24.60,24.60,22.13,22.42,1640900
CAP.PA,20040906,22.35,23.35,19.42,20.07,4622100
CAP.PA,20040913,20.27,21.98,20.12,21.72,2493700
CAP.PA,20040920,21.51,21.70,20.13,20.29,1679200
CAP.PA,20040927,20.20,20.28,18.68,19.26,2432200
CAP.PA,20041004,19.26,20.60,19.26,19.35,1937400
CAP.PA,20041011,19.35,19.49,17.40,17.81,2364800
CAP.PA,20041018,18.00,19.95,18.00,19.22,2253200
CAP.PA,20041025,19.00,20.16,18.71,19.73,1528000
CAP.PA,20041101,19.63,20.82,19.63,20.67,1544200
CAP.PA,20041108,20.56,24.11,20.47,23.92,3259700
CAP.PA,20041115,24.00,24.92,22.65,24.42,2390900
CAP.PA,20041122,24.05,24.86,22.95,24.83,2385300
CAP.PA,20041129,25.22,25.53,24.18,24.75,1760400
CAP.PA,20041206,24.75,26.31,24.21,25.45,1925900
CAP.PA,20041213,25.25,26.00,24.50,24.50,1552200
CAP.PA,20041220,24.37,24.59,23.84,23.96,999000
CAP.PA,20041227,23.80,24.14,23.26,23.56,451300
CAP.PA,20050103,23.51,24.16,22.13,23.38,2021200
CAP.PA,20050110,23.50,24.95,23.38,23.55,1758800
CAP.PA,20050117,23.65,24.87,23.62,24.37,1210700
CAP.PA,20050124,24.30,24.75,23.80,24.36,950800
CAP.PA,20050131,24.65,26.57,24.51,25.96,1901200
CAP.PA,20050207,26.19,27.24,26.15,26.56,1479000
CAP.PA,20050214,26.73,27.17,25.58,25.69,1464000
CAP.PA,20050221,25.75,28.57,25.51,28.48,2918200
CAP.PA,20050228,28.54,28.54,26.81,27.69,1216200
CAP.PA,20050307,27.70,27.70,26.43,27.04,1300000
CAP.PA,20050314,27.07,28.42,26.85,26.95,1445300
CAP.PA,20050321,27.11,27.11,25.87,26.50,1315500
CAP.PA,20050328,26.50,27.37,25.83,26.95,1606600
CAP.PA,20050404,26.90,27.21,25.96,26.58,1504300
CAP.PA,20050411,26.45,26.88,24.01,24.72,2156200
CAP.PA,20050418,24.23,25.10,23.39,24.80,2360200
CAP.PA,20050425,24.80,25.29,23.11,24.05,1817900
CAP.PA,20050502,24.35,25.87,23.90,25.62,2047500
CAP.PA,20050509,25.53,25.79,24.80,25.42,1244000
CAP.PA,20050516,25.30,26.30,25.13,26.17,1117000
CAP.PA,20050523,26.15,26.49,25.54,26.33,822500
CAP.PA,20050530,26.19,26.53,25.65,26.41,841300
CAP.PA,20050606,26.21,27.28,26.18,26.98,842900
CAP.PA,20050613,26.95,27.19,26.00,26.35,1801800
CAP.PA,20050620,26.30,26.87,25.91,26.48,1637500
CAP.PA,20050627,26.25,26.75,25.80,26.63,1271700
CAP.PA,20050704,26.60,27.40,25.67,27.25,1895900
CAP.PA,20050711,27.50,28.41,27.19,28.37,1495200
CAP.PA,20050718,28.19,28.98,27.85,28.78,1700600
CAP.PA,20050725,28.75,29.50,27.63,27.68,2808900
CAP.PA,20050801,27.74,28.14,27.25,27.25,1108900
CAP.PA,20050808,27.44,28.00,27.10,27.17,973500
CAP.PA,20050815,27.25,27.66,26.77,27.06,621400
CAP.PA,20050822,27.06,27.74,26.36,26.48,895100
CAP.PA,20050829,26.37,26.95,26.31,26.59,721900
CAP.PA,20050905,26.69,29.42,26.42,29.36,2323000
CAP.PA,20050912,29.55,30.45,28.92,30.19,1953400
CAP.PA,20050919,30.05,30.35,29.25,30.18,1388600
CAP.PA,20050926,30.65,32.75,30.65,32.38,2553700
CAP.PA,20051003,32.59,33.55,31.25,31.30,2108600
CAP.PA,20051010,30.84,31.27,30.34,30.89,2463700
CAP.PA,20051017,30.90,31.86,30.30,30.59,1391000
CAP.PA,20051024,30.34,31.39,29.25,29.78,1195000
CAP.PA,20051031,30.16,32.19,30.16,32.07,1050400
CAP.PA,20051107,32.01,32.31,31.06,32.01,1146100
CAP.PA,20051114,32.01,32.71,31.46,32.54,1005500
CAP.PA,20051121,32.77,33.50,32.25,33.25,962900
CAP.PA,20051128,33.30,34.65,33.08,34.48,1221600
CAP.PA,20051205,34.41,35.00,34.14,34.76,1001300
CAP.PA,20051212,34.90,35.34,34.05,34.93,1149400
CAP.PA,20051219,34.77,34.86,33.82,34.14,910500
CAP.PA,20051226,34.14,34.44,33.77,33.91,395200
CAP.PA,20060102,34.08,38.97,33.71,38.27,1637400
CAP.PA,20060109,38.20,38.30,36.90,37.22,1585300
CAP.PA,20060116,37.00,37.22,35.50,36.14,1134200
CAP.PA,20060123,35.63,37.97,35.63,37.87,1293900
CAP.PA,20060130,37.99,38.40,36.47,36.71,1037800
CAP.PA,20060206,36.94,37.21,35.82,36.63,908700
CAP.PA,20060213,36.60,38.18,36.54,37.95,654200
CAP.PA,20060220,38.00,42.38,37.55,42.16,2357000
CAP.PA,20060227,42.01,43.22,41.10,42.65,1486700
CAP.PA,20060306,42.85,43.35,40.31,43.35,1768800
CAP.PA,20060313,43.47,44.11,42.20,42.78,1028100
CAP.PA,20060320,43.11,43.66,42.00,43.14,780000
CAP.PA,20060327,43.20,45.16,42.60,44.96,1077700
CAP.PA,20060403,44.60,45.07,44.00,44.14,733500
CAP.PA,20060410,44.36,44.46,41.75,42.35,868600
CAP.PA,20060417,42.35,44.20,41.85,44.20,855700
CAP.PA,20060424,43.81,44.28,41.72,42.42,925500
CAP.PA,20060502,42.42,46.65,42.00,46.64,1751700
CAP.PA,20060508,46.65,47.90,45.67,45.67,1682600
CAP.PA,20060515,45.60,45.80,41.06,41.20,1631200
CAP.PA,20060522,41.48,43.58,40.10,43.50,1206400
CAP.PA,20060529,43.18,43.60,41.25,42.94,811900
CAP.PA,20060605,42.93,42.93,39.60,40.28,1442800
CAP.PA,20060612,40.60,42.44,37.48,41.46,1918700
CAP.PA,20060619,41.59,44.79,41.30,44.07,1421900
CAP.PA,20060626,44.00,44.99,42.45,44.63,882900
CAP.PA,20060703,44.45,45.24,43.50,43.80,736300
CAP.PA,20060710,43.81,44.00,39.90,39.90,1780900
CAP.PA,20060717,39.86,40.60,36.28,36.66,2427600
CAP.PA,20060724,36.85,42.54,36.80,41.95,1926200
CAP.PA,20060731,42.35,42.56,39.53,39.74,1461600
CAP.PA,20060807,39.46,39.62,38.29,38.92,1292500
CAP.PA,20060814,39.20,42.49,38.78,41.91,1448900
CAP.PA,20060821,41.71,42.34,40.75,41.50,943100
CAP.PA,20060828,41.48,43.70,41.47,43.17,972200
CAP.PA,20060904,43.31,44.20,41.09,41.63,2025800
CAP.PA,20060911,41.55,43.92,40.90,43.74,1534100
CAP.PA,20060918,43.75,43.95,41.88,41.99,1280200
CAP.PA,20060925,42.11,42.48,41.60,41.83,997000
CAP.PA,20061002,41.84,43.33,41.50,43.19,1065600
CAP.PA,20061009,43.01,45.04,43.01,45.01,995300
CAP.PA,20061016,45.06,46.20,44.00,45.25,1165600
CAP.PA,20061023,45.65,45.70,42.94,43.26,1556900
CAP.PA,20061030,43.01,45.09,42.87,44.28,1051600
CAP.PA,20061106,44.28,46.81,44.25,45.76,1198100
CAP.PA,20061113,45.99,48.50,45.90,47.33,1001400
CAP.PA,20061120,46.89,48.40,46.56,47.05,1002400
CAP.PA,20061127,47.02,47.50,45.55,45.65,883000
CAP.PA,20061204,45.60,46.84,44.42,44.93,2090600
CAP.PA,20061211,45.41,45.97,44.82,45.04,1548200
CAP.PA,20061218,45.11,47.06,44.58,46.48,1313800
CAP.PA,20061225,46.48,47.74,46.48,47.55,246600
CAP.PA,20070101,47.55,48.61,47.49,48.03,720300
CAP.PA,20070108,47.94,51.00,47.94,50.80,1898100
CAP.PA,20070115,50.85,51.10,48.53,49.62,1112500
CAP.PA,20070122,49.84,50.55,48.36,48.43,1069800
CAP.PA,20070129,48.56,50.05,48.40,49.15,724700
CAP.PA,20070205,49.16,49.43,48.01,48.90,1138500
CAP.PA,20070212,48.90,54.65,48.44,53.55,2016200
CAP.PA,20070219,54.20,56.36,53.65,56.36,1469400
CAP.PA,20070226,56.59,56.59,50.45,52.21,2429300
CAP.PA,20070305,51.30,54.40,50.96,53.86,1469900
CAP.PA,20070312,54.20,55.30,51.67,55.11,1962500
CAP.PA,20070319,55.98,56.69,54.70,55.23,1441300
CAP.PA,20070326,55.39,57.65,54.85,56.99,1087000
CAP.PA,20070402,57.00,58.80,56.33,58.12,932700
CAP.PA,20070409,58.12,59.10,57.25,58.24,742200
CAP.PA,20070416,58.99,59.87,57.57,58.75,1156100
CAP.PA,20070423,59.00,59.84,56.55,56.67,1233600
CAP.PA,20070430,55.90,57.00,55.40,56.79,1218500
CAP.PA,20070507,56.80,57.00,53.99,54.58,1166000
CAP.PA,20070514,54.00,56.23,53.52,55.63,1627000
CAP.PA,20070521,55.75,56.24,54.90,55.54,1025100
CAP.PA,20070528,55.70,57.28,55.38,56.82,1046200
CAP.PA,20070604,56.80,56.80,51.82,52.88,1589100
CAP.PA,20070611,53.50,53.60,51.67,52.88,1366900
CAP.PA,20070618,53.15,53.29,50.66,50.89,1358300
CAP.PA,20070625,50.59,55.35,50.19,54.37,2477300
CAP.PA,20070702,54.29,55.68,53.58,55.33,1191200
CAP.PA,20070709,55.30,56.90,53.10,55.27,2150800
CAP.PA,20070716,55.50,57.39,54.90,55.95,1710900
CAP.PA,20070723,55.73,56.34,49.03,50.33,2078400
CAP.PA,20070730,50.18,50.84,46.06,46.33,2078900
CAP.PA,20070806,45.70,48.10,43.05,43.05,3958400
CAP.PA,20070813,44.00,45.76,42.14,43.62,3127800
CAP.PA,20070820,44.70,47.50,43.62,47.12,1824800
CAP.PA,20070827,47.46,47.50,44.91,47.50,1401600
CAP.PA,20070903,47.69,47.80,44.10,44.31,1352500
CAP.PA,20070910,44.01,44.93,40.56,41.51,2519700
CAP.PA,20070917,41.29,42.49,39.02,41.50,2896100
CAP.PA,20070924,41.46,44.17,40.22,43.22,2229400
CAP.PA,20071001,42.98,46.79,42.83,44.75,2326200
CAP.PA,20071008,45.49,48.68,44.78,48.29,2386500
CAP.PA,20071015,48.09,48.40,45.73,46.17,2189700
CAP.PA,20071022,46.12,46.57,44.50,45.32,1701100
CAP.PA,20071029,45.89,45.90,41.61,42.41,2011000
CAP.PA,20071105,42.17,45.72,41.10,41.47,3350000
CAP.PA,20071112,41.15,43.00,39.52,39.75,1926800
CAP.PA,20071119,40.00,40.30,36.43,38.69,3227000
CAP.PA,20071126,39.08,40.65,36.94,39.78,2529400
CAP.PA,20071203,39.90,39.91,37.34,39.19,1783900
CAP.PA,20071210,39.01,40.55,38.15,38.64,1859100
CAP.PA,20071217,38.28,41.30,38.17,40.71,2142600
CAP.PA,20071224,42.00,45.00,42.00,42.96,1043500
CAP.PA,20071231,43.00,43.58,39.05,39.26,1171500
CAP.PA,20080107,38.96,39.95,33.68,33.89,3379900
CAP.PA,20080114,33.89,36.13,32.28,34.92,3831100
CAP.PA,20080121,34.14,36.65,31.12,36.10,4259500
CAP.PA,20080128,35.50,38.98,35.32,38.26,2419700
CAP.PA,20080204,38.94,39.16,34.50,35.44,2087200
CAP.PA,20080211,35.10,38.00,33.85,36.59,3206200
CAP.PA,20080218,37.87,39.50,37.00,37.29,2082800
CAP.PA,20080225,37.84,38.48,36.24,36.44,2477700
CAP.PA,20080303,35.79,35.94,33.65,33.89,1791500
CAP.PA,20080310,33.90,35.11,33.44,33.89,1896700
CAP.PA,20080317,32.86,33.41,31.28,33.01,2011500
CAP.PA,20080324,33.01,36.21,33.01,35.88,1626900
CAP.PA,20080331,35.70,38.12,35.10,37.44,1513500
CAP.PA,20080407,37.79,37.82,35.32,35.44,1300300
CAP.PA,20080414,35.02,39.81,34.72,39.76,2296600
CAP.PA,20080421,38.89,40.72,37.24,40.10,1796700
CAP.PA,20080428,40.00,40.15,38.06,39.89,1011100
CAP.PA,20080505,39.79,39.95,37.62,38.95,1417900
CAP.PA,20080512,38.97,43.14,38.81,42.61,1478700
CAP.PA,20080519,42.60,42.72,38.77,38.78,1407400
CAP.PA,20080526,38.81,43.80,38.60,43.60,1770400
CAP.PA,20080602,43.37,45.14,42.45,43.47,1735600
CAP.PA,20080609,42.94,43.03,40.18,41.16,1640900
CAP.PA,20080616,41.20,41.90,38.60,39.00,1259800
CAP.PA,20080623,38.82,39.12,36.88,37.17,1768600
CAP.PA,20080630,37.10,38.17,35.94,36.59,1476600
CAP.PA,20080707,36.88,38.39,35.36,35.36,1552500
CAP.PA,20080714,35.97,40.50,34.54,40.40,2020800
CAP.PA,20080721,39.98,40.56,37.90,38.96,1219400
CAP.PA,20080728,39.20,42.95,38.73,40.16,2218200
CAP.PA,20080804,40.01,42.09,39.36,42.09,1529300
CAP.PA,20080811,42.11,42.65,40.70,42.58,1041100
CAP.PA,20080818,42.37,42.49,40.10,41.48,929700
CAP.PA,20080825,41.49,42.05,39.87,40.45,1103700
CAP.PA,20080901,40.20,42.16,37.23,37.77,1512500
CAP.PA,20080908,38.86,39.18,34.97,35.85,1795600
CAP.PA,20080915,35.00,36.00,31.73,35.20,3122000
CAP.PA,20080922,36.00,36.78,33.15,34.62,2149400
CAP.PA,20080929,34.79,34.79,31.85,33.24,1783400
CAP.PA,20081006,31.86,31.99,23.40,23.96,4231200
CAP.PA,20081013,25.80,28.50,21.95,23.41,2977300
CAP.PA,20081020,24.00,25.97,21.32,23.11,2017300
CAP.PA,20081027,21.97,25.65,21.25,25.07,1638600
CAP.PA,20081103,25.51,27.60,24.62,25.82,1441300
CAP.PA,20081110,26.45,27.45,24.10,24.77,1422200
CAP.PA,20081117,24.53,25.68,22.19,23.30,1381800
CAP.PA,20081124,23.90,26.72,23.60,25.27,1185600
CAP.PA,20081201,25.01,25.20,22.76,22.88,1153200
CAP.PA,20081208,24.20,26.63,23.82,26.11,1143100
CAP.PA,20081215,26.27,26.56,25.25,25.89,801600
CAP.PA,20081222,25.75,28.28,25.40,27.00,550100
CAP.PA,20081229,27.31,28.31,26.20,28.31,308300
CAP.PA,20090105,28.42,29.70,26.37,27.36,1123100
CAP.PA,20090112,27.21,27.80,24.23,25.45,960800
CAP.PA,20090119,25.70,26.51,24.33,24.56,1039000
CAP.PA,20090126,24.37,27.81,24.08,27.05,1085600
CAP.PA,20090202,26.85,29.94,25.85,29.94,964200
CAP.PA,20090209,29.58,29.58,24.65,24.85,1606600
CAP.PA,20090216,24.63,25.20,23.12,23.14,1198100
CAP.PA,20090223,23.42,23.80,21.66,22.97,1367000
CAP.PA,20090302,22.34,24.01,21.70,21.76,1356700
CAP.PA,20090309,21.92,24.75,21.12,24.26,1516000
CAP.PA,20090316,24.80,25.73,24.13,25.08,971700
CAP.PA,20090323,25.51,25.83,23.08,23.85,1656400
CAP.PA,20090330,23.40,27.19,23.20,26.25,1344700
CAP.PA,20090406,26.38,27.02,24.72,25.50,1352300
CAP.PA,20090413,25.50,26.85,25.36,26.62,1309100
CAP.PA,20090420,26.65,27.90,24.52,27.63,1510600
CAP.PA,20090427,26.99,28.64,26.09,28.41,1094800
CAP.PA,20090504,28.60,29.11,26.60,27.11,1481300
CAP.PA,20090511,27.15,27.50,25.84,26.00,1433000
CAP.PA,20090518,25.95,28.04,25.60,26.99,1191300
CAP.PA,20090525,27.14,28.93,26.65,27.23,1103400
CAP.PA,20090601,27.68,28.14,26.02,26.33,1224400
CAP.PA,20090608,26.03,26.89,26.00,26.00,858300
CAP.PA,20090615,26.00,26.05,24.76,25.69,878800
CAP.PA,20090622,25.76,26.51,24.45,25.95,1006000
CAP.PA,20090629,25.99,26.84,25.72,25.82,849300
CAP.PA,20090706,25.70,26.92,24.79,26.43,1205700
CAP.PA,20090713,26.50,29.13,26.14,28.53,1158100
CAP.PA,20090720,28.53,29.65,27.92,29.36,1005700
CAP.PA,20090727,29.60,32.50,27.80,32.40,1683300
CAP.PA,20090803,32.03,33.68,31.70,32.80,1208200
CAP.PA,20090810,32.65,33.30,31.51,32.28,673700
CAP.PA,20090817,32.00,33.36,30.92,33.22,687200
CAP.PA,20090824,33.40,35.00,33.08,34.27,828800
CAP.PA,20090831,34.15,34.28,32.59,33.33,733700
CAP.PA,20090907,33.65,36.00,33.50,35.10,920100
CAP.PA,20090914,35.00,35.90,34.62,35.55,897000
CAP.PA,20090921,35.58,36.68,35.11,35.13,910100
CAP.PA,20090928,35.13,36.40,33.55,33.92,1116900
CAP.PA,20091005,33.85,36.24,33.72,35.74,875100
CAP.PA,20091012,35.91,36.99,35.50,35.60,1136900
CAP.PA,20091019,35.93,36.26,33.67,33.69,1028800
CAP.PA,20091026,33.70,34.12,31.61,31.61,1360200
CAP.PA,20091102,31.48,32.69,29.94,30.33,1886400
CAP.PA,20091109,30.48,31.61,30.32,31.48,1452900
CAP.PA,20091116,31.80,32.67,30.70,30.96,1291200
CAP.PA,20091123,31.30,32.00,30.00,31.05,1510700
CAP.PA,20091130,30.95,31.48,30.06,30.95,1768100
CAP.PA,20091207,30.65,31.67,30.33,31.32,1047600
CAP.PA,20091214,31.76,32.13,30.85,31.05,1514800
CAP.PA,20091221,31.20,32.06,31.15,32.06,707000
CAP.PA,20091228,32.14,32.49,31.87,31.97,499600
CAP.PA,20100104,32.00,34.47,32.00,34.22,2138100
CAP.PA,20100111,34.37,35.60,33.58,33.88,1402800
CAP.PA,20100118,33.98,35.50,33.51,33.85,1262800
CAP.PA,20100125,33.51,33.67,31.50,32.26,1230600
CAP.PA,20100201,32.13,33.22,31.49,31.57,1077700
CAP.PA,20100208,31.73,31.80,30.20,30.52,1296400
CAP.PA,20100215,30.61,34.00,30.32,33.83,1968300
CAP.PA,20100222,34.10,34.42,33.14,33.83,1452100
CAP.PA,20100301,34.15,35.94,33.99,35.85,1402000
CAP.PA,20100308,35.94,36.56,35.62,35.76,1036800
CAP.PA,20100315,36.00,36.88,35.65,36.28,951200
CAP.PA,20100322,36.10,37.26,35.83,36.28,1196500
CAP.PA,20100329,36.42,37.17,35.88,37.17,757600
CAP.PA,20100405,37.17,37.32,35.68,36.44,945600
CAP.PA,20100412,36.75,40.13,36.55,38.88,2240800
CAP.PA,20100419,38.98,39.87,38.05,39.28,1475900
CAP.PA,20100426,39.96,40.30,36.75,38.15,1578500
CAP.PA,20100503,38.03,38.99,35.81,35.92,2154800
CAP.PA,20100510,37.49,40.26,37.11,38.64,1640500
CAP.PA,20100517,38.23,38.99,36.07,36.60,2005300
CAP.PA,20100524,36.76,37.53,34.88,37.29,2106500
CAP.PA,20100531,36.52,39.29,36.13,38.43,1645100
CAP.PA,20100607,37.75,38.80,36.14,37.91,1712300
CAP.PA,20100614,38.21,39.13,38.05,38.88,1288300
CAP.PA,20100621,39.31,39.79,38.42,38.48,1335500
CAP.PA,20100628,38.62,38.67,34.76,34.78,1457500
CAP.PA,20100705,34.99,36.60,34.58,36.28,920800
CAP.PA,20100712,36.28,37.75,36.10,36.24,1105900
CAP.PA,20100719,36.19,36.33,33.95,35.37,1445500
CAP.PA,20100726,35.75,37.17,33.87,36.52,1912400
CAP.PA,20100802,36.99,37.93,36.60,36.81,1101900
CAP.PA,20100809,37.15,37.26,34.84,35.38,875600
CAP.PA,20100816,35.33,35.96,34.44,34.50,686800
CAP.PA,20100823,34.44,34.94,32.97,33.59,806300
CAP.PA,20100830,33.75,36.26,33.03,35.79,1293900
CAP.PA,20100906,36.01,37.12,34.97,36.92,832000
CAP.PA,20100913,37.25,37.36,35.81,36.25,1082600
CAP.PA,20100920,36.31,37.42,35.77,36.67,751400
CAP.PA,20100927,36.49,38.47,36.01,38.29,1234800
CAP.PA,20101004,38.40,38.46,36.75,37.15,1190400
CAP.PA,20101011,37.16,38.65,36.51,38.10,830700
CAP.PA,20101018,38.00,38.30,36.91,37.69,896800
CAP.PA,20101025,37.67,37.83,36.37,36.65,868300
CAP.PA,20101101,37.00,37.75,34.14,34.58,2068400
CAP.PA,20101108,34.62,35.00,33.83,34.09,1406700
CAP.PA,20101115,34.00,35.00,33.04,33.60,1445200
CAP.PA,20101122,33.90,34.10,33.30,33.49,974800
CAP.PA,20101129,33.55,33.85,32.26,33.52,1414500
CAP.PA,20101206,33.60,34.67,33.09,34.28,1063200
CAP.PA,20101213,34.25,35.13,34.01,34.80,1196900
CAP.PA,20101220,34.88,35.75,34.78,35.42,539200
CAP.PA,20101227,35.42,35.91,34.93,34.93,354700
CAP.PA,20110103,35.05,35.99,34.80,35.30,969000
CAP.PA,20110110,35.22,36.67,34.02,36.48,1849500
CAP.PA,20110117,36.55,37.88,36.29,37.27,1326800
CAP.PA,20110124,37.21,37.99,36.88,36.88,844400
CAP.PA,20110131,37.09,39.37,36.69,39.05,1242600
CAP.PA,20110207,38.99,40.17,38.38,39.60,1319600
CAP.PA,20110214,39.74,43.38,38.75,42.74,1954400
CAP.PA,20110221,42.60,42.74,40.87,42.13,1160000
CAP.PA,20110228,42.00,43.28,40.80,41.31,855000
CAP.PA,20110307,41.21,42.25,40.10,40.60,1112600
CAP.PA,20110314,40.50,40.64,37.65,39.10,1476400
CAP.PA,20110321,39.50,42.99,39.30,42.05,1350500
CAP.PA,20110328,42.06,42.35,40.58,41.30,1096800
CAP.PA,20110404,41.21,41.92,41.03,41.14,831000
CAP.PA,20110411,40.94,41.65,40.30,41.20,898300
CAP.PA,20110418,41.20,41.59,40.19,41.44,816600
CAP.PA,20110426,41.35,41.90,40.80,40.92,939800
CAP.PA,20110502,41.17,42.03,40.28,41.09,1331000
CAP.PA,20110509,41.20,41.66,41.00,41.03,1083200
CAP.PA,20110516,40.92,41.10,39.41,40.10,950600
CAP.PA,20110523,39.75,39.75,38.41,39.28,757700
CAP.PA,20110530,39.33,40.06,38.35,38.78,730100
CAP.PA,20110606,37.67,38.00,36.93,37.25,1090000
CAP.PA,20110613,37.28,38.57,37.08,37.84,1246300
CAP.PA,20110620,37.50,39.29,37.30,38.74,1097500
CAP.PA,20110627,38.73,40.65,38.48,40.10,983200
CAP.PA,20110704,40.29,41.10,39.69,40.13,884400
CAP.PA,20110711,40.00,40.15,36.51,36.94,1126400
CAP.PA,20110718,36.70,39.15,36.29,38.81,928400
CAP.PA,20110725,38.79,39.55,33.94,34.38,1749600
CAP.PA,20110801,34.76,35.01,28.23,29.30,2070000
CAP.PA,20110808,28.69,30.39,25.70,30.39,2472600
CAP.PA,20110815,30.60,30.77,25.78,26.95,1290500
CAP.PA,20110822,26.60,28.41,26.12,26.89,1126100
CAP.PA,20110829,27.25,28.37,26.28,26.50,1035800
CAP.PA,20110905,26.10,26.24,23.85,24.14,2178000
CAP.PA,20110912,23.44,26.53,22.55,25.52,1606200
CAP.PA,20110919,25.20,25.86,23.15,24.21,1087000
CAP.PA,20110926,23.75,27.07,23.75,25.10,1039100
CAP.PA,20111003,24.50,26.58,21.98,26.58,1493200
CAP.PA,20111010,26.80,28.28,26.03,27.88,1078200
CAP.PA,20111017,28.17,28.34,25.74,26.56,1102300
CAP.PA,20111024,26.69,29.49,26.43,28.43,1002500
CAP.PA,20111031,28.25,28.49,25.69,27.00,1167300
CAP.PA,20111107,26.85,28.78,26.35,28.74,1312700
CAP.PA,20111114,28.80,28.92,25.96,26.02,927000
CAP.PA,20111121,26.00,26.25,24.17,24.88,1035500
CAP.PA,20111128,25.17,28.20,25.02,27.67,858800
CAP.PA,20111205,28.05,28.15,25.79,27.00,775400
CAP.PA,20111212,26.90,26.97,24.41,24.41,1033300
CAP.PA,20111219,24.12,25.35,24.01,24.67,841200
CAP.PA,20111226,24.67,24.76,23.67,24.15,289400
CAP.PA,20120102,24.20,25.67,24.03,24.68,718400
CAP.PA,20120109,24.69,25.65,24.27,25.15,1182700
CAP.PA,20120116,25.01,27.99,24.80,27.76,884200
CAP.PA,20120123,27.90,28.59,26.86,28.23,731900
CAP.PA,20120130,28.00,29.33,27.38,29.08,776800
CAP.PA,20120206,29.06,29.88,28.78,28.85,782300
CAP.PA,20120213,29.15,32.88,28.60,32.88,1601500
CAP.PA,20120220,33.01,33.10,32.22,32.88,909900
CAP.PA,20120227,32.69,33.64,31.82,33.54,861300
CAP.PA,20120305,33.36,33.69,31.44,33.42,778700
CAP.PA,20120312,33.31,34.40,32.83,33.85,821600
CAP.PA,20120319,33.99,34.19,32.19,33.03,1063600
CAP.PA,20120326,33.32,34.50,32.80,33.56,789700
CAP.PA,20120402,33.58,34.01,30.91,31.65,821500
CAP.PA,20120409,31.65,31.99,29.83,29.92,1166200
CAP.PA,20120416,29.83,30.63,28.02,28.80,1257300
CAP.PA,20120423,28.50,30.43,27.43,30.11,1015000
CAP.PA,20120430,30.22,30.42,28.86,29.07,569900
CAP.PA,20120507,28.76,30.18,28.15,29.38,1122300
CAP.PA,20120514,29.13,29.17,27.20,27.37,897600
CAP.PA,20120521,27.33,28.98,26.82,27.56,879900
CAP.PA,20120528,27.80,28.16,26.38,26.81,929500
CAP.PA,20120604,25.62,28.83,25.24,28.33,2034100
CAP.PA,20120611,28.83,29.12,26.76,28.03,1039300
CAP.PA,20120618,28.57,29.20,27.68,28.30,746200
CAP.PA,20120625,28.20,29.07,26.90,29.00,771400
CAP.PA,20120702,29.11,29.57,27.46,27.46,836600
CAP.PA,20120709,27.50,27.75,25.82,26.27,1231400
CAP.PA,20120716,26.19,27.70,26.01,26.95,1089200
CAP.PA,20120723,26.67,29.70,25.63,29.70,1410100
CAP.PA,20120730,29.85,30.74,29.39,30.74,1009800
CAP.PA,20120806,30.74,30.88,29.99,30.16,666700
CAP.PA,20120813,30.23,30.85,29.82,30.65,459800
CAP.PA,20120820,30.72,31.48,29.40,29.50,626500
CAP.PA,20120827,29.57,29.78,29.06,29.23,630800
CAP.PA,20120903,29.14,32.33,29.12,31.54,807300
CAP.PA,20120910,31.58,33.21,31.35,32.99,775100
CAP.PA,20120917,32.88,33.19,31.33,32.54,862300
CAP.PA,20120924,32.46,33.74,32.20,32.92,1124100
CAP.PA,20121001,33.01,33.44,31.64,32.40,744000
CAP.PA,20121008,32.20,32.44,31.11,31.66,689700
CAP.PA,20121015,31.68,32.69,30.96,31.53,921300
CAP.PA,20121022,31.70,32.29,30.77,31.21,912900
CAP.PA,20121029,31.19,32.76,30.95,32.68,636100
CAP.PA,20121105,32.60,33.40,30.70,31.36,1031300
CAP.PA,20121112,31.50,31.67,30.48,30.57,805900
CAP.PA,20121119,30.88,31.47,30.77,31.42,584600
CAP.PA,20121126,31.33,32.99,31.09,32.55,763500
CAP.PA,20121203,32.51,32.75,32.03,32.65,610600
CAP.PA,20121210,32.61,34.08,32.60,33.94,739100
CAP.PA,20121217,33.85,34.56,33.03,33.11,886600
CAP.PA,20121224,33.29,33.53,33.15,33.18,138800
CAP.PA,20121231,33.14,33.98,32.81,32.94,497400
CAP.PA,20130107,32.95,35.06,32.70,34.28,1044000
CAP.PA,20130114,35.30,36.00,34.19,34.86,1106500
CAP.PA,20130121,34.81,36.29,34.81,36.29,746800
CAP.PA,20130128,36.49,36.94,35.38,36.12,871500
CAP.PA,20130204,36.26,36.26,35.00,35.78,665300
CAP.PA,20130211,35.63,36.23,35.35,35.78,477300
CAP.PA,20130218,35.78,38.15,35.54,38.03,991600
CAP.PA,20130225,38.15,38.56,36.85,37.19,1115700
CAP.PA,20130304,37.17,39.01,36.95,38.74,836300
CAP.PA,20130311,38.71,38.86,37.91,38.65,662800
CAP.PA,20130318,38.17,38.81,36.24,36.37,906800
CAP.PA,20130325,36.74,37.28,35.15,35.50,748300
CAP.PA,20130401,35.50,35.86,34.36,34.74,668900
CAP.PA,20130408,34.96,35.87,34.06,34.25,952800
CAP.PA,20130415,34.19,34.53,32.92,33.69,1049700
CAP.PA,20130422,33.69,35.45,33.47,35.01,724000
CAP.PA,20130429,35.11,38.01,34.92,38.01,908800
CAP.PA,20130506,38.15,39.44,37.92,39.31,504400
CAP.PA,20130513,39.30,39.55,38.56,39.28,692000
CAP.PA,20130520,39.41,40.10,37.64,38.67,922500
CAP.PA,20130527,38.94,39.04,37.33,37.77,868400
CAP.PA,20130603,37.00,37.69,36.26,36.94,647600
CAP.PA,20130610,36.94,38.67,36.30,38.31,726600
CAP.PA,20130617,38.53,39.46,37.75,37.76,1110400
CAP.PA,20130624,37.74,38.76,37.10,37.35,1064400
CAP.PA,20130701,37.38,38.83,37.17,38.32,573700
CAP.PA,20130708,38.74,40.15,38.50,39.94,693700
CAP.PA,20130715,40.40,41.41,39.88,41.30,691900
CAP.PA,20130722,41.24,42.75,40.56,42.00,830700
CAP.PA,20130729,42.10,43.12,40.85,42.98,776200
CAP.PA,20130805,43.00,43.52,42.31,42.90,698400
CAP.PA,20130812,42.84,43.58,42.58,42.75,495000
CAP.PA,20130819,42.83,42.90,41.62,42.50,523200
CAP.PA,20130826,42.40,42.55,40.47,41.44,700700
CAP.PA,20130902,41.54,43.72,41.34,43.63,776900
CAP.PA,20130909,43.72,44.49,43.35,43.40,711900
CAP.PA,20130916,43.87,45.62,43.65,45.55,616600
CAP.PA,20130923,45.45,45.59,43.60,44.06,611900
CAP.PA,20130930,43.84,44.74,43.60,43.88,658900
CAP.PA,20131007,43.81,45.60,42.88,44.80,623700
CAP.PA,20131014,44.45,48.39,43.55,48.06,1105400
CAP.PA,20131021,48.73,49.32,46.40,46.92,1461500
CAP.PA,20131028,46.83,48.71,46.44,47.99,714100
CAP.PA,20131104,48.00,48.97,46.01,48.19,1102400
CAP.PA,20131111,48.51,49.00,46.79,47.69,675100
CAP.PA,20131118,47.68,48.59,46.71,47.78,636200
CAP.PA,20131125,48.10,48.48,47.71,48.00,440700
CAP.PA,20131202,48.00,48.17,45.90,46.53,483900
CAP.PA,20131209,46.63,47.24,45.87,46.24,466400
CAP.PA,20131216,46.16,47.76,45.51,47.60,658200
CAP.PA,20131223,47.76,49.10,47.60,48.87,174000
CAP.PA,20131230,49.17,49.77,48.44,49.10,286100
CAP.PA,20140106,49.10,51.25,49.08,50.91,718800
CAP.PA,20140113,51.16,52.00,50.67,51.77,626300
CAP.PA,20140120,51.79,53.74,50.85,51.08,809600
CAP.PA,20140127,50.95,51.94,50.45,50.57,643800
CAP.PA,20140203,50.61,52.69,50.24,52.20,644800
CAP.PA,20140210,52.34,54.30,52.13,54.10,437200
CAP.PA,20140217,54.19,56.55,53.55,56.06,744300
CAP.PA,20140224,56.06,57.87,55.68,56.73,675000
CAP.PA,20140303,56.26,57.24,55.08,56.16,556200
CAP.PA,20140310,56.04,56.71,53.14,53.65,519800
CAP.PA,20140317,53.79,56.06,53.73,54.01,601300
CAP.PA,20140324,54.01,56.90,53.15,55.18,759600
CAP.PA,20140331,55.46,55.51,52.91,54.03,789600
CAP.PA,20140407,53.46,53.66,50.96,51.19,703900
CAP.PA,20140414,51.11,52.66,50.36,51.64,609300
CAP.PA,20140421,51.64,53.29,51.64,52.75,519500
CAP.PA,20140428,52.85,53.13,50.72,50.98,878000
CAP.PA,20140505,51.19,51.53,49.77,50.62,831400
CAP.PA,20140512,50.70,51.92,47.79,48.78,816500
CAP.PA,20140519,48.80,52.75,48.47,52.47,748100
CAP.PA,20140526,52.69,54.20,52.56,53.34,635800
CAP.PA,20140602,53.79,54.62,52.98,54.44,543700
CAP.PA,20140609,54.40,54.45,52.98,53.57,463500
CAP.PA,20140616,53.55,54.68,53.00,54.32,473700
CAP.PA,20140623,54.49,54.49,51.89,52.48,443400
CAP.PA,20140630,52.53,55.74,51.90,54.76,593500
CAP.PA,20140707,54.78,55.08,50.60,51.22,603100
CAP.PA,20140714,51.68,52.45,49.86,50.36,724700
CAP.PA,20140721,50.36,52.98,49.99,52.00,597700
CAP.PA,20140728,52.55,55.24,52.01,53.91,750700
CAP.PA,20140804,54.17,54.69,51.27,51.62,684500
CAP.PA,20140811,51.70,52.85,51.01,51.83,525800
CAP.PA,20140818,52.16,54.70,52.09,53.63,463800
CAP.PA,20140825,54.19,55.24,53.76,54.11,424100
CAP.PA,20140901,54.31,55.88,53.75,55.84,437800
CAP.PA,20140908,55.76,57.36,54.79,57.32,486900
CAP.PA,20140915,57.00,58.96,56.56,57.94,891300
CAP.PA,20140922,57.81,58.16,54.77,56.08,845800
CAP.PA,20140929,56.20,57.05,54.02,54.57,763700
CAP.PA,20141006,54.88,55.23,51.66,52.05,782500
CAP.PA,20141013,51.60,52.40,48.40,51.13,1086200
CAP.PA,20141020,50.79,52.42,49.11,51.21,1194200
CAP.PA,20141027,51.58,52.98,50.52,52.46,665300
CAP.PA,20141103,52.41,54.97,51.14,54.47,995900
CAP.PA,20141110,54.47,55.44,53.99,55.02,578900
CAP.PA,20141117,54.76,57.63,54.58,57.26,614000
CAP.PA,20141124,57.28,59.38,57.16,58.93,666200
CAP.PA,20141201,58.42,61.70,58.41,61.66,672100
CAP.PA,20141208,61.49,61.50,56.57,56.60,756300
CAP.PA,20141215,56.52,60.65,54.79,59.96,802400
CAP.PA,20141222,60.00,60.66,59.91,60.39,178300
CAP.PA,20141229,60.34,60.85,59.11,60.12,247700
CAP.PA,20150105,59.68,60.99,57.03,59.26,655900
CAP.PA,20150112,59.58,60.95,57.59,60.82,662500
CAP.PA,20150119,60.60,64.68,60.15,63.90,804200
CAP.PA,20150126,63.71,65.38,62.82,64.57,630500
