EN.PA,20000103,649.00,650.00,541.00,562.00,11080300
EN.PA,20000110,575.00,647.00,575.00,640.00,13313700
EN.PA,20000117,640.00,684.00,637.00,657.00,13434000
EN.PA,20000124,661.00,674.00,648.00,648.00,7495500
EN.PA,20000131,645.00,800.00,635.00,794.00,14652900
EN.PA,20000207,790.00,863.50,781.00,848.00,15497800
EN.PA,20000214,836.50,947.00,836.50,885.00,12162200
EN.PA,20000221,851.00,947.00,851.00,905.00,8049100
EN.PA,20000228,893.00,979.00,854.50,945.00,12411500
EN.PA,20000306,979.00,979.00,832.50,849.00,8606800
EN.PA,20000313,84.90,847.00,84.90,793.00,9047800
EN.PA,20000320,780.00,819.00,751.00,815.00,17229700
EN.PA,20000327,825.00,875.00,802.50,828.00,8826300
EN.PA,20000403,830.00,840.00,632.00,754.50,15223900
EN.PA,20000410,770.00,804.50,636.50,650.00,11238100
EN.PA,20000417,627.00,719.50,70.60,706.00,9650200
EN.PA,20000424,70.60,724.50,70.60,702.00,5849500
EN.PA,20000501,70.20,780.00,70.20,748.50,9349600
EN.PA,20000508,759.00,769.00,74.50,650.50,11806400
EN.PA,20000515,655.00,689.00,570.00,570.00,13443900
EN.PA,20000522,585.00,601.00,526.00,598.00,16143300
EN.PA,20000529,610.00,745.00,610.00,726.00,17307100
EN.PA,20000605,742.00,744.00,687.00,737.00,13935100
EN.PA,20000612,73.70,777.50,73.70,718.00,7640900
EN.PA,20000619,71.80,755.50,71.80,740.00,6109500
EN.PA,20000626,745.00,756.00,693.00,700.00,7675700
EN.PA,20000703,70.25,72.30,68.95,71.90,431500
EN.PA,20000710,74.00,76.20,71.05,75.55,674600
EN.PA,20000717,73.50,75.20,69.60,69.80,583600
EN.PA,20000724,69.80,70.50,65.00,65.05,373200
EN.PA,20000731,65.05,67.00,59.65,61.55,852000
EN.PA,20000807,61.70,66.30,60.10,64.60,654000
EN.PA,20000814,65.70,67.85,65.00,67.50,493400
EN.PA,20000821,67.50,67.70,63.60,64.50,709300
EN.PA,20000828,65.00,74.90,62.50,74.30,1287400
EN.PA,20000904,74.25,76.65,68.40,69.05,672600
EN.PA,20000911,69.90,70.00,65.25,66.05,750300
EN.PA,20000918,65.00,69.60,56.25,57.10,1262300
EN.PA,20000925,60.00,61.20,55.70,57.10,770400
EN.PA,20001002,56.05,58.75,50.20,51.05,868300
EN.PA,20001009,52.00,52.80,44.80,46.80,1948500
EN.PA,20001016,48.50,56.15,46.80,55.40,1267400
EN.PA,20001023,54.00,61.30,53.60,60.45,1052300
EN.PA,20001030,59.50,64.80,58.50,62.95,595600
EN.PA,20001106,63.50,65.00,53.40,53.75,784000
EN.PA,20001113,53.50,59.00,50.20,56.80,602700
EN.PA,20001120,57.15,57.45,52.20,56.50,725100
EN.PA,20001127,57.20,59.00,48.60,53.30,1493600
EN.PA,20001204,53.90,59.70,49.60,58.10,920300
EN.PA,20001211,58.80,59.25,51.25,52.35,1044000
EN.PA,20001218,50.50,52.00,47.00,48.00,1109500
EN.PA,20001227,47.94,49.70,47.10,48.25,303700
EN.PA,20010101,48.25,55.30,46.21,54.00,867700
EN.PA,20010108,52.50,54.85,48.98,53.50,1048000
EN.PA,20010115,53.20,56.70,52.05,56.50,1240400
EN.PA,20010122,56.95,59.50,53.70,58.50,1458800
EN.PA,20010129,57.95,58.20,49.42,52.15,3010200
EN.PA,20010205,52.05,53.00,48.14,48.49,1164700
EN.PA,20010212,48.87,49.40,41.50,42.00,1595100
EN.PA,20010219,41.90,43.08,39.80,41.65,1230100
EN.PA,20010226,42.71,43.69,40.40,41.30,1829700
EN.PA,20010305,41.00,46.50,40.66,44.10,992500
EN.PA,20010312,43.90,43.99,39.91,40.73,1701600
EN.PA,20010319,40.59,42.45,35.00,35.99,3062600
EN.PA,20010326,36.80,40.48,36.11,38.00,2757000
EN.PA,20010402,39.25,40.35,36.80,38.89,1397900
EN.PA,20010409,38.70,44.08,38.30,43.66,1530700
EN.PA,20010416,43.66,46.75,41.60,45.30,1488100
EN.PA,20010423,45.01,48.06,44.54,47.71,1603800
EN.PA,20010430,47.50,49.75,45.80,47.50,1483800
EN.PA,20010507,47.50,48.75,46.55,48.25,559300
EN.PA,20010514,47.10,47.30,43.67,46.01,1879200
EN.PA,20010521,46.38,46.87,45.00,45.41,594500
EN.PA,20010528,45.79,46.20,42.28,42.90,994400
EN.PA,20010604,42.90,44.20,42.50,43.68,541200
EN.PA,20010611,44.24,44.24,39.00,39.50,1174100
EN.PA,20010618,38.66,40.39,37.60,39.00,1070100
EN.PA,20010625,38.25,39.92,35.95,39.92,1365900
EN.PA,20010702,39.02,40.39,36.05,36.15,892700
EN.PA,20010709,36.18,36.98,34.50,36.26,1267700
EN.PA,20010716,36.86,37.22,35.61,36.24,650700
EN.PA,20010723,35.65,37.70,35.60,37.34,1146900
EN.PA,20010730,38.01,39.38,37.60,38.58,1236400
EN.PA,20010806,38.73,40.05,37.15,37.25,1315000
EN.PA,20010813,38.25,39.20,37.45,38.48,616500
EN.PA,20010820,38.10,39.20,37.36,38.30,717200
EN.PA,20010827,38.30,38.68,36.65,37.19,891900
EN.PA,20010903,37.95,37.95,33.70,33.85,1019000
EN.PA,20010910,33.50,34.94,28.04,28.77,1292900
EN.PA,20010917,27.80,29.30,23.00,26.61,2154100
EN.PA,20010924,27.00,30.30,26.60,29.10,844800
EN.PA,20011001,29.02,29.90,26.90,29.02,1486600
EN.PA,20011008,28.50,32.65,27.85,30.86,1098200
EN.PA,20011015,30.86,36.73,30.20,33.89,1307700
EN.PA,20011022,33.95,37.92,33.90,35.95,1093000
EN.PA,20011029,36.00,36.00,32.66,34.01,1013400
EN.PA,20011105,34.50,35.37,32.80,34.29,1194100
EN.PA,20011112,34.68,37.50,31.70,36.99,1725400
EN.PA,20011119,37.40,38.55,35.90,36.33,987700
EN.PA,20011126,36.94,39.22,36.35,38.50,1316700
EN.PA,20011203,38.50,40.80,37.43,40.50,1147500
EN.PA,20011210,40.10,40.10,37.54,38.15,830600
EN.PA,20011217,38.20,39.10,35.80,35.85,826200
EN.PA,20011224,35.90,37.10,35.80,36.80,279100
EN.PA,20011231,36.80,38.80,36.50,38.50,462000
EN.PA,20020107,38.50,38.78,36.08,36.40,943400
EN.PA,20020114,36.05,36.38,34.21,34.31,723500
EN.PA,20020121,34.31,35.65,32.97,34.90,967000
EN.PA,20020128,34.95,35.75,33.75,33.86,1038500
EN.PA,20020204,33.60,34.65,30.88,31.77,966600
EN.PA,20020211,32.20,33.62,30.65,33.35,1233000
EN.PA,20020218,33.06,33.50,30.51,31.23,906300
EN.PA,20020225,31.70,33.85,31.01,33.85,700700
EN.PA,20020304,34.80,38.95,34.51,37.37,1666300
EN.PA,20020311,37.88,37.89,35.34,36.63,878300
EN.PA,20020318,36.51,38.87,36.51,37.34,933900
EN.PA,20020325,37.85,38.38,37.07,37.42,424200
EN.PA,20020401,37.42,37.84,35.50,35.66,721100
EN.PA,20020408,35.70,35.70,32.66,33.95,1099100
EN.PA,20020415,34.05,37.20,33.43,35.80,1159800
EN.PA,20020422,36.00,36.13,32.82,33.24,1323800
EN.PA,20020429,33.30,33.84,30.62,30.85,1277100
EN.PA,20020506,31.90,33.13,31.16,32.22,1205200
EN.PA,20020513,32.47,34.75,31.70,34.39,931100
EN.PA,20020520,34.64,34.68,32.58,33.35,564400
EN.PA,20020527,33.42,34.20,31.60,31.66,1398800
EN.PA,20020603,31.47,32.10,28.08,28.13,1061500
EN.PA,20020610,28.65,29.30,25.85,26.77,1071600
EN.PA,20020617,26.86,28.75,26.05,26.99,1146100
EN.PA,20020624,27.12,28.39,25.32,28.29,1313700
EN.PA,20020701,28.00,29.27,26.10,29.27,1019400
EN.PA,20020708,28.79,29.27,25.30,25.66,1208000
EN.PA,20020715,25.65,26.15,23.70,25.22,1101600
EN.PA,20020722,25.10,25.22,21.15,22.92,1487700
EN.PA,20020729,23.00,24.80,21.81,22.00,1149200
EN.PA,20020805,22.50,23.90,20.40,23.34,1030700
EN.PA,20020812,23.32,23.38,21.60,23.00,570000
EN.PA,20020819,22.43,26.75,22.43,26.15,917800
EN.PA,20020826,26.00,26.59,24.38,25.25,1155100
EN.PA,20020902,25.10,25.30,23.10,23.59,697900
EN.PA,20020909,23.75,27.20,23.41,26.57,1448400
EN.PA,20020916,26.99,27.60,25.52,26.01,982800
EN.PA,20020923,25.48,26.08,23.65,25.83,1900600
EN.PA,20020930,24.90,28.18,24.10,24.87,1748800
EN.PA,20021007,24.47,26.47,23.74,25.47,996200
EN.PA,20021014,25.45,27.74,25.27,26.99,1569400
EN.PA,20021021,26.58,27.45,25.74,26.78,973500
EN.PA,20021028,27.33,27.87,24.94,26.34,1054100
EN.PA,20021104,26.50,27.55,25.66,26.04,1299400
EN.PA,20021111,25.87,27.45,25.58,27.37,802700
EN.PA,20021118,27.43,29.75,27.10,29.60,1241500
EN.PA,20021125,29.75,30.45,28.10,29.75,1831900
EN.PA,20021202,30.20,30.44,27.00,27.68,1093600
EN.PA,20021209,28.50,28.65,26.63,27.23,970900
EN.PA,20021216,26.75,27.67,25.01,26.79,1174100
EN.PA,20021223,27.50,27.50,25.78,25.99,260300
EN.PA,20021230,26.35,27.25,25.57,27.11,565800
EN.PA,20030106,27.07,28.28,26.05,26.56,642400
EN.PA,20030113,26.78,26.95,24.36,25.50,1656000
EN.PA,20030120,25.65,26.05,23.02,23.18,1265800
EN.PA,20030127,23.11,24.18,22.60,23.67,1396900
EN.PA,20030203,23.72,23.74,21.41,21.50,1605200
EN.PA,20030210,21.68,23.34,21.42,23.00,1100600
EN.PA,20030217,23.39,23.94,22.50,23.15,600500
EN.PA,20030224,22.97,23.00,21.82,22.54,1862800
EN.PA,20030303,22.65,22.70,19.76,19.76,1267100
EN.PA,20030310,19.80,21.11,16.61,21.01,1867100
EN.PA,20030317,19.55,22.00,19.35,21.84,1050600
EN.PA,20030324,21.49,21.50,17.98,18.78,1099200
EN.PA,20030331,18.43,20.28,17.25,19.97,1657600
EN.PA,20030407,20.99,21.35,19.59,20.18,2331300
EN.PA,20030414,20.19,22.66,19.77,21.94,2051800
EN.PA,20030421,21.94,22.54,20.88,21.70,857600
EN.PA,20030428,21.75,22.69,21.60,22.52,1141300
EN.PA,20030505,22.95,24.15,22.00,22.42,1723200
EN.PA,20030512,22.54,23.34,21.90,22.74,1081900
EN.PA,20030519,22.75,22.76,21.24,21.68,2021200
EN.PA,20030526,21.65,22.68,21.26,22.66,1056700
EN.PA,20030602,22.77,23.90,22.51,23.89,1144100
EN.PA,20030609,23.80,24.46,23.24,23.70,1015200
EN.PA,20030616,23.94,25.80,23.24,24.10,2354400
EN.PA,20030623,24.06,24.33,23.52,24.25,1563900
EN.PA,20030630,24.25,24.65,23.20,23.60,1269200
EN.PA,20030707,23.85,24.62,23.63,23.95,748000
EN.PA,20030714,24.00,24.74,23.41,23.81,631100
EN.PA,20030721,23.93,23.99,22.27,23.30,906800
EN.PA,20030728,23.52,23.98,23.10,23.30,910500
EN.PA,20030804,23.25,23.40,21.72,22.52,1137500
EN.PA,20030811,22.78,23.59,22.65,23.56,573700
EN.PA,20030818,23.73,24.18,23.30,23.82,623700
EN.PA,20030825,23.70,24.40,23.29,23.98,694500
EN.PA,20030901,24.38,26.16,24.25,24.85,1205000
EN.PA,20030908,24.88,25.46,24.12,24.42,1027300
EN.PA,20030915,24.64,25.00,24.44,24.60,710000
EN.PA,20030922,24.51,24.69,23.15,23.47,794900
EN.PA,20030929,23.50,24.10,22.22,23.98,964500
EN.PA,20031006,23.89,24.33,23.51,24.04,666500
EN.PA,20031013,24.10,24.75,24.03,24.44,656400
EN.PA,20031020,24.20,24.29,22.90,22.90,630100
EN.PA,20031027,23.32,24.00,22.97,23.40,1456500
EN.PA,20031103,23.67,24.40,23.30,24.40,1619700
EN.PA,20031110,24.27,25.08,24.02,24.95,1140900
EN.PA,20031117,24.60,24.94,24.22,24.61,1076900
EN.PA,20031124,24.70,26.73,24.66,25.90,2148400
EN.PA,20031201,26.37,27.00,26.05,26.67,1241700
EN.PA,20031208,26.70,27.02,26.25,26.34,1232100
EN.PA,20031215,26.90,27.10,26.23,26.39,2078000
EN.PA,20031222,26.42,27.59,26.41,27.59,852500
EN.PA,20031229,27.52,28.00,27.20,27.90,363800
EN.PA,20040105,27.94,29.14,27.75,28.97,1563100
EN.PA,20040112,28.85,29.49,27.98,29.46,1579500
EN.PA,20040119,29.50,29.50,28.66,28.92,1216700
EN.PA,20040126,28.87,29.89,28.87,28.95,1324000
EN.PA,20040202,28.99,29.41,28.20,29.04,1074100
EN.PA,20040209,28.80,29.50,28.55,29.00,803300
EN.PA,20040216,29.17,29.90,28.95,29.61,912300
EN.PA,20040223,29.71,29.85,28.74,29.64,1262400
EN.PA,20040301,29.70,30.79,29.70,30.40,1246800
EN.PA,20040308,30.50,30.70,27.98,28.66,1337300
EN.PA,20040315,29.00,29.08,27.80,28.45,1234300
EN.PA,20040322,28.20,28.26,27.05,27.94,1834100
EN.PA,20040329,28.05,28.55,27.80,28.46,1280600
EN.PA,20040405,28.69,29.04,28.06,28.20,1355300
EN.PA,20040412,28.20,28.74,27.68,28.53,1222900
EN.PA,20040419,28.51,29.61,28.29,29.43,1661500
EN.PA,20040426,29.43,29.70,28.01,28.49,2224100
EN.PA,20040503,28.40,29.27,28.26,28.75,2706600
EN.PA,20040510,28.35,28.55,27.40,27.46,1682100
EN.PA,20040517,27.21,28.30,26.75,28.03,1020000
EN.PA,20040524,28.15,28.50,27.75,28.24,1109300
EN.PA,20040531,28.11,28.42,27.48,28.08,755800
EN.PA,20040607,28.05,28.49,27.97,28.18,566600
EN.PA,20040614,28.15,28.71,27.72,28.36,1069200
EN.PA,20040621,28.45,28.70,27.45,27.60,1320300
EN.PA,20040628,27.60,28.04,27.27,27.38,1534300
EN.PA,20040705,27.35,27.50,27.03,27.11,711500
EN.PA,20040712,27.00,27.37,26.31,26.51,754100
EN.PA,20040719,26.38,26.90,25.94,26.06,858800
EN.PA,20040726,27.52,28.11,26.99,27.93,1690500
EN.PA,20040802,27.95,28.10,26.84,26.91,924100
EN.PA,20040809,27.00,27.19,26.55,26.96,1018800
EN.PA,20040816,26.96,27.52,26.87,27.15,945300
EN.PA,20040823,27.36,28.73,27.20,28.55,806900
EN.PA,20040830,28.59,28.69,27.58,28.07,1211700
EN.PA,20040906,28.28,29.20,28.20,29.12,992500
EN.PA,20040913,29.36,29.50,28.82,29.46,920700
EN.PA,20040920,29.50,29.64,29.24,29.55,1187400
EN.PA,20040927,29.64,30.80,29.55,30.80,1306900
EN.PA,20041004,30.95,31.70,30.92,31.31,1385100
EN.PA,20041011,31.47,31.50,30.59,30.84,1142500
EN.PA,20041018,30.98,31.45,30.52,30.59,846200
EN.PA,20041025,30.45,30.98,29.92,30.88,925900
EN.PA,20041101,30.87,32.45,30.82,32.31,996600
EN.PA,20041108,32.31,33.28,32.08,33.10,870400
EN.PA,20041115,33.21,33.60,32.75,33.00,917200
EN.PA,20041122,32.76,33.05,32.36,32.82,858400
EN.PA,20041129,32.76,33.06,32.07,32.52,907100
EN.PA,20041206,32.40,33.09,32.00,33.00,1264800
EN.PA,20041213,32.89,34.25,32.89,33.35,2050600
EN.PA,20041220,33.25,34.25,33.03,33.95,1082600
EN.PA,20041227,33.83,34.26,33.58,34.00,450600
EN.PA,20050103,34.11,35.24,30.01,30.18,2140400
EN.PA,20050110,30.15,30.17,28.81,29.24,2018600
EN.PA,20050117,29.32,29.50,28.81,28.95,1037700
EN.PA,20050124,28.80,29.50,28.75,29.45,908200
EN.PA,20050131,29.50,31.95,29.38,31.95,1526100
EN.PA,20050207,32.00,32.67,31.80,32.34,1179400
EN.PA,20050214,32.30,32.75,32.03,32.68,1108200
EN.PA,20050221,32.50,32.51,31.34,32.32,916100
EN.PA,20050228,32.32,32.88,31.50,31.53,1491800
EN.PA,20050307,31.52,31.68,30.57,30.63,958500
EN.PA,20050314,30.58,31.09,30.40,30.88,764000
EN.PA,20050321,30.98,31.05,30.05,30.86,714800
EN.PA,20050328,30.86,31.15,30.19,30.99,941100
EN.PA,20050404,30.97,31.67,30.62,31.56,1895200
EN.PA,20050411,31.50,31.79,30.96,30.96,897000
EN.PA,20050418,30.52,30.76,30.03,30.62,1157100
EN.PA,20050425,30.65,30.89,29.78,30.84,1416300
EN.PA,20050502,30.95,31.34,30.31,31.20,827500
EN.PA,20050509,31.01,31.28,30.65,31.11,801000
EN.PA,20050516,30.85,31.76,30.85,31.61,897300
EN.PA,20050523,31.53,31.70,31.04,31.38,1010300
EN.PA,20050530,31.40,31.72,31.10,31.19,646800
EN.PA,20050606,31.27,31.43,30.45,30.66,1649600
EN.PA,20050613,30.78,32.99,30.69,32.90,2021700
EN.PA,20050620,32.85,33.95,32.18,33.55,1916100
EN.PA,20050627,33.28,34.81,32.87,34.81,1611500
EN.PA,20050704,34.81,35.09,33.33,34.79,1354800
EN.PA,20050711,34.93,35.95,34.50,35.45,1077900
EN.PA,20050718,35.41,35.67,34.37,35.28,1096900
EN.PA,20050725,35.23,36.45,35.16,36.11,1170000
EN.PA,20050801,36.11,36.89,36.06,36.60,1022400
EN.PA,20050808,36.63,37.55,36.63,36.94,1056700
EN.PA,20050815,36.73,37.59,36.68,37.34,1048000
EN.PA,20050822,37.34,37.38,35.81,36.25,1142000
EN.PA,20050829,35.85,36.73,35.85,36.42,655100
EN.PA,20050905,36.45,37.05,36.28,36.69,684100
EN.PA,20050912,36.78,37.95,35.86,37.95,1155300
EN.PA,20050919,37.95,38.45,37.54,38.43,1089900
EN.PA,20050926,38.60,38.90,38.45,38.67,882600
EN.PA,20051003,38.70,40.38,38.67,39.80,1150400
EN.PA,20051010,39.85,40.00,38.11,38.42,1243500
EN.PA,20051017,38.42,38.55,37.06,37.20,1258400
EN.PA,20051024,37.35,39.05,37.10,38.96,1231200
EN.PA,20051031,39.25,42.67,39.05,41.63,1993300
EN.PA,20051107,41.50,41.75,40.78,41.60,1136100
EN.PA,20051114,41.60,41.97,40.50,40.94,1720500
EN.PA,20051121,41.00,41.89,40.85,41.28,1019700
EN.PA,20051128,41.28,41.50,40.43,41.20,1146300
EN.PA,20051205,41.17,41.27,40.00,40.87,740900
EN.PA,20051212,41.40,42.22,40.11,40.90,1351400
EN.PA,20051219,40.95,41.45,40.26,41.44,1150800
EN.PA,20051226,41.44,41.73,41.15,41.30,374500
EN.PA,20060102,41.17,44.70,40.68,42.68,1935100
EN.PA,20060109,42.50,44.15,42.21,43.85,1212800
EN.PA,20060116,43.56,44.40,42.05,43.34,1102200
EN.PA,20060123,42.76,45.43,42.22,45.06,947800
EN.PA,20060130,45.00,45.76,44.04,44.88,1093400
EN.PA,20060206,45.00,46.19,44.50,45.20,954700
EN.PA,20060213,45.20,45.69,44.41,44.77,932800
EN.PA,20060220,44.79,45.30,43.67,45.16,980800
EN.PA,20060227,45.39,45.40,41.67,41.88,1883400
EN.PA,20060306,42.17,43.35,41.86,43.20,1351600
EN.PA,20060313,43.42,44.19,42.82,43.72,939400
EN.PA,20060320,43.86,45.28,43.10,45.28,1156700
EN.PA,20060327,45.05,45.35,43.35,43.85,926400
EN.PA,20060403,43.86,44.80,42.85,42.90,1111600
EN.PA,20060410,42.88,43.12,40.50,41.35,1282300
EN.PA,20060417,41.35,42.89,40.90,42.80,1258400
EN.PA,20060424,42.32,44.22,42.25,43.25,2012700
EN.PA,20060502,43.34,44.87,42.00,44.72,1691700
EN.PA,20060508,44.78,47.40,44.78,46.52,3164900
EN.PA,20060515,46.75,46.75,42.50,43.34,1988000
EN.PA,20060522,43.29,43.33,40.70,43.26,1756700
EN.PA,20060529,43.39,43.39,41.71,42.62,1701800
EN.PA,20060605,42.72,43.28,39.21,39.39,2203000
EN.PA,20060612,39.62,40.78,37.61,38.50,1832600
EN.PA,20060619,38.90,39.93,38.40,38.92,970900
EN.PA,20060626,39.39,40.70,38.39,40.20,1141000
EN.PA,20060703,41.10,41.30,39.20,39.48,988300
EN.PA,20060710,39.40,39.50,36.28,36.52,1367800
EN.PA,20060717,36.67,37.77,36.05,36.76,1511200
EN.PA,20060724,36.86,38.72,36.71,38.72,1145800
EN.PA,20060731,38.88,39.70,38.42,38.84,1179000
EN.PA,20060807,38.60,39.95,38.26,38.32,1514800
EN.PA,20060814,38.70,39.92,38.43,39.70,955400
EN.PA,20060821,39.75,40.75,39.15,40.45,1161100
EN.PA,20060828,40.61,41.41,40.10,41.31,942400
EN.PA,20060904,41.31,42.04,40.91,41.41,1235500
EN.PA,20060911,41.24,41.88,40.70,41.75,1377300
EN.PA,20060918,41.74,42.26,40.85,41.35,1305400
EN.PA,20060925,41.62,42.32,41.44,42.18,1162000
EN.PA,20061002,42.40,43.35,41.77,43.25,1432500
EN.PA,20061009,43.28,45.46,42.73,44.83,2090500
EN.PA,20061016,44.99,45.93,44.26,45.81,931500
EN.PA,20061023,45.94,46.70,44.56,44.79,1619100
EN.PA,20061030,44.79,45.90,44.34,45.63,1054900
EN.PA,20061106,45.64,46.89,45.55,46.10,1009400
EN.PA,20061113,46.28,47.13,45.88,46.00,1397800
EN.PA,20061120,45.70,46.12,43.93,44.67,1693600
EN.PA,20061127,44.61,45.37,43.81,44.15,1659600
EN.PA,20061204,43.60,46.89,43.60,46.79,1870000
EN.PA,20061211,46.56,49.42,46.35,49.12,2300600
EN.PA,20061218,49.09,49.41,48.21,48.36,1448600
EN.PA,20061225,48.36,49.06,47.75,48.63,512800
EN.PA,20070101,48.63,49.81,48.63,48.84,800200
EN.PA,20070108,48.86,51.90,48.42,50.50,1424100
EN.PA,20070115,50.50,52.70,49.83,52.05,1201700
EN.PA,20070122,52.10,54.15,50.95,52.75,1406100
EN.PA,20070129,52.65,53.50,51.80,53.15,1022500
EN.PA,20070205,53.15,53.80,52.45,53.50,983100
EN.PA,20070212,53.00,55.95,52.55,54.20,1148600
EN.PA,20070219,54.21,54.70,53.35,54.63,1003100
EN.PA,20070226,54.84,55.80,49.59,51.97,1798700
EN.PA,20070305,51.00,53.25,50.20,53.10,1445600
EN.PA,20070312,53.45,53.92,51.00,53.10,1632400
EN.PA,20070319,53.50,56.54,53.21,56.34,1320400
EN.PA,20070326,56.49,58.05,55.29,57.85,1427900
EN.PA,20070402,57.60,60.20,57.30,59.29,1064900
EN.PA,20070409,59.29,61.69,59.01,59.81,1345300
EN.PA,20070416,59.30,59.78,58.24,59.63,1607200
EN.PA,20070423,59.90,60.20,58.08,58.90,1430700
EN.PA,20070430,58.30,60.06,57.70,59.98,1462000
EN.PA,20070507,61.01,63.00,59.65,60.44,1655600
EN.PA,20070514,60.75,63.93,60.27,63.44,1546300
EN.PA,20070521,63.51,65.75,63.18,65.09,1371500
EN.PA,20070528,65.08,66.00,63.66,65.80,1085000
EN.PA,20070604,66.29,67.43,63.14,63.50,2218100
EN.PA,20070611,63.99,65.24,61.98,64.92,1886500
EN.PA,20070618,64.60,64.96,61.60,62.49,1842500
EN.PA,20070625,61.87,62.65,60.50,62.19,1632300
EN.PA,20070702,62.02,64.16,61.45,62.99,1762400
EN.PA,20070709,63.44,64.10,60.36,63.64,1538000
EN.PA,20070716,63.99,64.20,61.15,61.15,1047100
EN.PA,20070723,61.00,62.18,57.49,57.61,1474800
EN.PA,20070730,57.70,59.22,55.74,55.80,1759100
EN.PA,20070806,55.20,56.77,52.56,52.58,2560800
EN.PA,20070813,53.28,54.58,49.55,50.76,2284800
EN.PA,20070820,51.60,54.94,51.10,54.67,1648000
EN.PA,20070827,55.09,58.15,53.68,57.81,1527300
EN.PA,20070903,58.37,58.95,56.74,56.86,1312200
EN.PA,20070910,56.80,61.03,55.00,58.52,2405800
EN.PA,20070917,58.70,60.76,56.50,60.51,1679600
EN.PA,20070924,60.81,61.39,59.61,60.49,1113000
EN.PA,20071001,60.40,62.32,59.84,60.85,1140200
EN.PA,20071008,60.84,64.97,60.35,64.36,1476900
EN.PA,20071015,64.50,65.25,62.55,62.94,1122000
EN.PA,20071022,63.07,66.58,61.00,65.30,1497100
EN.PA,20071029,65.30,66.58,63.56,64.00,967900
EN.PA,20071105,63.40,64.88,60.16,60.79,1480000
EN.PA,20071112,60.42,62.98,59.20,61.04,1300700
EN.PA,20071119,60.89,62.45,56.39,58.87,1451600
EN.PA,20071126,59.70,61.48,55.12,61.22,1657700
EN.PA,20071203,61.10,61.66,59.21,60.59,1318800
EN.PA,20071210,60.45,63.27,60.00,60.78,1255700
EN.PA,20071217,59.98,60.17,55.25,56.34,2088100
EN.PA,20071224,56.30,57.40,55.76,57.03,497000
EN.PA,20071231,57.03,57.25,52.10,52.46,1070100
EN.PA,20080107,52.40,55.09,51.63,52.13,1890600
EN.PA,20080114,52.00,53.90,48.81,50.29,2214400
EN.PA,20080121,49.49,52.75,45.76,52.10,3245400
EN.PA,20080128,51.54,53.90,49.65,52.36,1946300
EN.PA,20080204,52.70,52.90,47.00,47.19,2263100
EN.PA,20080211,47.00,50.25,45.18,48.24,2430900
EN.PA,20080218,49.15,49.85,47.65,48.91,1234900
EN.PA,20080225,49.53,50.99,45.15,45.44,2415400
EN.PA,20080303,45.40,45.40,43.15,43.81,2201000
EN.PA,20080310,43.80,44.53,42.10,42.44,2122000
EN.PA,20080317,41.40,42.25,39.84,40.35,1959700
EN.PA,20080324,40.35,42.30,39.87,40.21,1806300
EN.PA,20080331,39.81,44.77,39.44,44.40,2594600
EN.PA,20080407,44.95,45.95,42.76,44.86,2028300
EN.PA,20080414,44.39,47.69,43.97,47.46,1774000
EN.PA,20080421,47.59,49.70,46.10,49.66,1851300
EN.PA,20080428,48.48,49.83,47.25,48.70,1226200
EN.PA,20080505,48.53,49.08,46.90,47.50,1026300
EN.PA,20080512,47.70,51.78,46.85,51.38,1492900
EN.PA,20080519,51.58,52.26,49.50,49.50,1335100
EN.PA,20080526,49.22,52.49,49.22,52.49,1258000
EN.PA,20080602,52.50,52.51,46.72,46.72,1982700
EN.PA,20080609,46.59,46.80,44.60,46.77,1529600
EN.PA,20080616,46.02,46.28,41.76,42.20,1767800
EN.PA,20080623,42.15,42.97,40.05,42.05,1851600
EN.PA,20080630,41.90,42.57,39.91,41.42,1739000
EN.PA,20080707,41.61,42.41,39.97,39.97,1446600
EN.PA,20080714,40.42,44.17,38.70,44.17,1847200
EN.PA,20080721,43.84,44.74,41.40,42.88,1243000
EN.PA,20080728,42.88,42.88,40.55,41.24,1123100
EN.PA,20080804,41.09,45.50,40.08,44.54,1558500
EN.PA,20080811,44.69,47.42,43.16,44.15,1335000
EN.PA,20080818,44.15,44.55,41.00,42.20,1098600
EN.PA,20080825,42.12,42.39,40.15,41.24,1496500
EN.PA,20080901,40.85,43.07,38.26,38.27,1819800
EN.PA,20080908,39.78,40.50,36.86,38.15,1673200
EN.PA,20080915,37.10,37.74,33.39,37.72,3117400
EN.PA,20080922,37.72,37.72,33.49,33.49,1680700
EN.PA,20080929,33.40,33.47,28.40,30.37,2700400
EN.PA,20081006,28.50,31.00,24.04,28.67,4367800
EN.PA,20081013,31.00,35.28,26.08,27.33,3738100
EN.PA,20081020,28.11,30.45,24.33,26.53,2243300
EN.PA,20081027,25.25,34.60,24.67,33.18,2792900
EN.PA,20081103,33.35,34.59,30.30,31.24,1789300
EN.PA,20081110,31.92,32.26,27.59,28.86,1628500
EN.PA,20081117,28.78,29.40,24.30,24.75,1779500
EN.PA,20081124,25.24,32.22,25.24,32.22,1887600
EN.PA,20081201,32.17,32.30,27.20,27.31,1997400
EN.PA,20081208,28.99,30.87,28.63,29.69,1705400
EN.PA,20081215,30.27,31.24,29.76,30.57,1301400
EN.PA,20081222,30.03,30.50,28.48,29.86,542200
EN.PA,20081229,29.90,30.85,28.81,30.85,436200
EN.PA,20090105,31.00,34.60,30.50,33.36,1399700
EN.PA,20090112,33.19,33.42,27.15,28.52,1754000
EN.PA,20090119,28.98,29.17,25.18,25.75,1634500
EN.PA,20090126,25.59,28.15,25.52,26.76,1659200
EN.PA,20090202,26.50,29.66,25.70,29.65,1569200
EN.PA,20090209,29.47,30.25,27.48,28.46,1146900
EN.PA,20090216,28.24,28.28,23.07,23.07,1821500
EN.PA,20090223,23.58,24.00,21.76,22.80,2009100
EN.PA,20090302,22.23,23.95,21.83,22.73,1904200
EN.PA,20090309,23.00,27.33,22.03,26.09,2009900
EN.PA,20090316,27.01,28.20,26.42,27.44,1775700
EN.PA,20090323,27.90,28.63,26.51,26.64,1252500
EN.PA,20090330,26.27,30.50,25.55,30.38,1605700
EN.PA,20090406,30.50,31.10,28.50,30.65,1015500
EN.PA,20090413,30.65,31.80,30.05,31.80,1122500
EN.PA,20090420,31.82,33.50,29.02,33.00,1821800
EN.PA,20090427,32.66,33.50,30.75,32.52,1503000
EN.PA,20090504,32.67,35.87,32.55,34.39,1539500
EN.PA,20090511,34.60,34.60,29.16,30.15,1709100
EN.PA,20090518,29.78,31.75,29.55,30.44,778800
EN.PA,20090525,30.46,30.68,28.77,28.97,1343600
EN.PA,20090601,29.50,31.15,27.91,28.25,1613700
EN.PA,20090608,27.65,27.85,26.19,26.30,1465400
EN.PA,20090615,26.28,26.53,25.09,26.17,1912200
EN.PA,20090622,26.00,28.15,24.95,26.91,2137300
EN.PA,20090629,26.90,27.98,25.64,26.17,1570100
EN.PA,20090706,25.93,26.33,25.19,25.19,1080700
EN.PA,20090713,25.30,28.07,25.16,27.76,1514200
EN.PA,20090720,27.96,29.39,27.80,28.59,1353800
EN.PA,20090727,29.08,29.94,28.27,29.89,1212200
EN.PA,20090803,29.83,31.76,29.42,31.76,1332900
EN.PA,20090810,31.53,32.21,30.42,32.21,1518600
EN.PA,20090817,32.00,32.65,31.17,32.50,1974200
EN.PA,20090824,32.66,35.25,31.99,35.10,2514800
EN.PA,20090831,34.75,34.96,32.25,33.70,1675000
EN.PA,20090907,33.95,35.76,33.15,35.76,2037600
EN.PA,20090914,35.40,37.14,34.45,36.30,1911100
EN.PA,20090921,36.46,36.47,33.73,33.99,1387600
EN.PA,20090928,34.18,35.53,33.53,33.78,1285200
EN.PA,20091005,34.70,36.96,34.40,36.96,1371100
EN.PA,20091012,37.01,37.76,36.50,36.75,972200
EN.PA,20091019,36.82,37.52,35.06,35.30,1047600
EN.PA,20091026,35.48,35.68,32.15,32.15,1756000
EN.PA,20091102,32.15,35.20,32.05,34.71,1469300
EN.PA,20091109,35.17,36.35,34.79,35.17,1072600
EN.PA,20091116,35.85,35.95,33.65,34.02,1073700
EN.PA,20091123,34.42,35.48,32.52,33.48,1456200
EN.PA,20091130,33.47,35.80,33.00,35.49,1534400
EN.PA,20091207,35.49,35.53,33.85,34.31,1217400
EN.PA,20091214,34.63,35.69,34.18,35.03,2283900
EN.PA,20091221,35.28,36.50,35.10,36.44,1019300
EN.PA,20091228,36.50,36.69,36.06,36.42,507600
EN.PA,20100104,36.40,37.70,36.32,37.17,1258700
EN.PA,20100111,37.34,38.00,37.12,37.42,1318900
EN.PA,20100118,37.60,38.08,36.58,36.92,1515500
EN.PA,20100125,36.68,37.00,35.15,35.77,1654300
EN.PA,20100201,35.72,37.40,34.66,34.77,1786200
EN.PA,20100208,35.00,35.70,33.37,33.37,1721500
EN.PA,20100215,33.42,35.46,33.42,35.44,1208000
EN.PA,20100222,35.53,35.55,33.24,33.80,1496700
EN.PA,20100301,34.29,37.73,34.19,37.62,2309500
EN.PA,20100308,37.79,38.15,36.73,37.60,1320200
EN.PA,20100315,37.60,38.17,37.04,37.12,1197200
EN.PA,20100322,37.18,38.24,36.83,37.88,1181300
EN.PA,20100329,37.95,38.20,37.06,37.70,734800
EN.PA,20100405,37.70,39.68,37.23,39.68,1375300
EN.PA,20100412,39.78,40.56,38.71,39.53,1396100
EN.PA,20100419,39.33,39.89,37.81,39.01,1334600
EN.PA,20100426,39.35,39.68,35.66,37.47,1959000
EN.PA,20100503,37.15,38.10,31.51,33.34,2700800
EN.PA,20100510,33.50,36.54,32.65,34.93,2097900
EN.PA,20100517,34.74,35.37,31.90,32.84,1710700
EN.PA,20100524,33.30,34.92,31.44,34.47,1619400
EN.PA,20100531,34.53,35.45,33.60,33.76,1774200
EN.PA,20100607,33.29,35.67,32.90,35.33,1524700
EN.PA,20100614,35.54,36.53,34.75,35.38,1582700
EN.PA,20100621,35.90,35.97,32.11,32.31,1561700
EN.PA,20100628,32.55,33.24,30.40,30.79,2521700
EN.PA,20100705,31.10,32.35,30.40,32.13,1740100
EN.PA,20100712,32.19,33.06,30.88,30.92,1286800
EN.PA,20100719,30.77,32.82,30.42,32.50,1371400
EN.PA,20100726,32.98,33.52,31.97,32.40,1475200
EN.PA,20100802,32.58,34.30,32.58,33.33,1111200
EN.PA,20100809,33.82,34.24,32.01,32.42,939800
EN.PA,20100816,32.51,34.17,32.17,32.55,1192600
EN.PA,20100823,32.63,33.47,31.38,32.44,1330700
EN.PA,20100830,32.55,32.90,30.62,32.40,1560600
EN.PA,20100906,32.69,33.00,31.58,32.46,1312100
EN.PA,20100913,32.60,33.26,31.30,31.50,2214100
EN.PA,20100920,31.61,32.68,30.97,31.72,1458900
EN.PA,20100927,31.89,32.24,31.05,31.18,1086800
EN.PA,20101004,31.18,32.10,30.71,31.64,1301400
EN.PA,20101011,31.62,32.46,31.58,32.32,1463000
EN.PA,20101018,32.25,32.97,31.82,32.60,1121200
EN.PA,20101025,32.73,32.78,31.47,31.67,1034400
EN.PA,20101101,31.92,33.13,31.37,32.68,1492300
EN.PA,20101108,32.68,33.99,32.30,32.87,1750300
EN.PA,20101115,32.71,33.13,32.19,32.66,1225400
EN.PA,20101122,32.85,33.06,31.11,31.56,1320100
EN.PA,20101129,31.67,32.30,30.58,31.76,1985100
EN.PA,20101206,31.75,32.33,31.00,31.94,1706500
EN.PA,20101213,31.91,32.21,31.38,32.00,1629700
EN.PA,20101220,31.95,32.69,31.91,32.32,899400
EN.PA,20101227,32.32,32.69,31.90,32.26,396300
EN.PA,20110103,32.50,33.12,32.25,32.62,1084900
EN.PA,20110110,32.58,33.44,31.83,33.24,1576600
EN.PA,20110117,33.38,35.00,32.85,34.68,2391700
EN.PA,20110124,34.79,35.04,34.19,34.19,1243800
EN.PA,20110131,34.03,34.27,33.19,33.81,1357700
EN.PA,20110207,33.87,34.49,33.13,33.65,1265300
EN.PA,20110214,34.00,34.03,33.47,33.89,1495900
EN.PA,20110221,33.92,33.92,32.70,33.10,1544000
EN.PA,20110228,33.06,34.57,32.81,33.98,2022900
EN.PA,20110307,33.99,34.90,33.53,33.55,1460000
EN.PA,20110314,33.43,33.58,31.56,32.31,2342600
EN.PA,20110321,32.81,33.97,32.72,33.87,1254100
EN.PA,20110328,33.81,34.45,33.56,34.15,1071900
EN.PA,20110404,34.19,34.49,33.87,34.33,925100
EN.PA,20110411,34.15,34.33,33.40,33.62,1256900
EN.PA,20110418,33.58,34.38,32.96,34.37,1188000
EN.PA,20110426,34.38,34.83,33.25,33.62,1325400
EN.PA,20110502,33.94,34.40,33.06,33.88,1266300
EN.PA,20110509,33.80,34.32,33.46,33.89,907800
EN.PA,20110516,33.79,33.98,32.40,32.57,1790300
EN.PA,20110523,32.39,32.39,31.42,31.76,1577200
EN.PA,20110530,31.82,32.21,31.14,31.40,1068600
EN.PA,20110606,31.42,31.48,30.70,30.76,1112500
EN.PA,20110613,30.86,31.09,30.00,30.45,1322800
EN.PA,20110620,30.00,30.44,28.76,28.85,1795400
EN.PA,20110627,28.91,30.45,28.65,30.33,1346700
EN.PA,20110704,30.43,30.44,28.81,28.88,1286000
EN.PA,20110711,28.70,28.80,26.62,26.87,1931700
EN.PA,20110718,26.73,28.09,26.16,27.58,1467100
EN.PA,20110725,27.49,27.49,26.02,26.39,1437800
EN.PA,20110801,26.83,26.93,22.92,23.93,2594900
EN.PA,20110808,23.52,24.31,21.20,23.95,2810400
EN.PA,20110815,24.24,24.36,20.88,21.71,1883100
EN.PA,20110822,21.50,22.97,21.45,22.21,1551100
EN.PA,20110829,22.61,27.22,22.50,25.61,4278500
EN.PA,20110905,25.42,26.14,24.42,24.85,3152800
EN.PA,20110912,24.27,25.74,23.75,25.27,2438200
EN.PA,20110919,24.80,25.37,23.49,24.90,1758700
EN.PA,20110926,24.44,25.73,24.08,24.93,1878900
EN.PA,20111003,24.45,25.84,23.96,25.67,1714900
EN.PA,20111010,25.49,27.76,25.34,26.93,1975400
EN.PA,20111017,27.37,27.92,26.20,27.92,1513300
EN.PA,20111024,28.00,28.69,27.58,27.95,1932500
EN.PA,20111031,27.73,27.92,23.65,24.65,3108400
EN.PA,20111114,25.05,25.65,23.14,23.42,3810400
EN.PA,20111121,23.35,23.39,21.49,22.34,2143200
EN.PA,20111128,22.52,24.49,22.47,23.97,1783400
EN.PA,20111205,24.14,24.57,22.97,23.74,1279800
EN.PA,20111212,23.70,23.93,23.01,23.67,1556100
EN.PA,20111219,23.46,24.41,23.16,24.19,740200
EN.PA,20111226,24.19,24.38,23.64,24.34,331800
EN.PA,20120102,24.34,25.05,23.68,23.73,823900
EN.PA,20120109,23.75,24.09,22.50,23.86,1551800
EN.PA,20120116,23.51,25.00,23.35,24.65,1067400
EN.PA,20120123,24.59,24.78,23.73,24.09,994200
EN.PA,20120130,24.00,25.46,23.38,25.36,1993900
EN.PA,20120206,25.30,25.67,24.61,24.65,1054100
EN.PA,20120213,24.78,25.24,24.00,25.10,990500
EN.PA,20120220,25.22,25.74,24.41,24.72,906600
EN.PA,20120227,24.60,24.76,23.39,23.75,1382500
EN.PA,20120305,23.68,24.07,23.12,23.89,1112700
EN.PA,20120312,23.80,24.47,23.69,24.33,1164900
EN.PA,20120319,24.31,24.33,23.01,23.42,1010400
EN.PA,20120326,23.53,23.58,22.56,22.93,921800
EN.PA,20120402,23.07,23.18,21.47,21.59,1125400
EN.PA,20120409,21.59,21.89,20.79,21.15,1455000
EN.PA,20120416,21.10,21.74,20.21,20.47,1455700
EN.PA,20120423,20.34,22.10,20.00,22.00,1572600
EN.PA,20120430,20.69,21.24,20.31,20.44,1929900
EN.PA,20120507,20.39,21.88,20.11,21.32,1620500
EN.PA,20120514,21.20,21.20,19.61,20.19,1832600
EN.PA,20120521,20.25,21.15,19.93,20.59,1196500
EN.PA,20120528,20.88,21.00,18.92,19.08,1445500
EN.PA,20120604,18.92,20.44,18.90,19.68,1528600
EN.PA,20120611,20.17,20.43,18.82,19.96,1567600
EN.PA,20120618,20.17,20.74,19.73,20.49,989300
EN.PA,20120625,20.40,21.25,19.74,21.20,937200
EN.PA,20120702,21.17,21.53,20.03,20.03,2236700
EN.PA,20120709,20.01,20.55,19.64,20.01,853100
EN.PA,20120716,20.01,20.99,19.84,20.44,1153600
EN.PA,20120723,20.21,20.22,18.70,20.05,1427100
EN.PA,20120730,20.25,20.99,19.84,20.77,1069000
EN.PA,20120806,20.67,22.10,20.48,21.77,787800
EN.PA,20120813,21.70,22.50,21.67,22.45,496900
EN.PA,20120820,22.45,22.81,21.70,22.17,688200
EN.PA,20120827,22.08,22.65,19.18,19.77,2010000
EN.PA,20120903,19.70,20.58,19.08,20.50,1231200
EN.PA,20120910,20.44,21.36,20.05,21.22,1116300
EN.PA,20120917,21.03,21.35,19.94,20.30,1215300
EN.PA,20120924,20.18,20.20,19.00,19.00,1164800
EN.PA,20121001,18.96,19.69,18.84,19.28,1123300
EN.PA,20121008,19.15,19.83,18.90,19.32,1202100
EN.PA,20121015,19.27,20.15,19.25,19.78,957100
EN.PA,20121022,19.82,19.90,18.58,18.89,1106900
EN.PA,20121029,18.80,19.01,18.36,18.48,879100
EN.PA,20121105,18.44,18.53,17.56,18.08,1388100
EN.PA,20121112,18.06,18.42,17.54,17.67,1804300
EN.PA,20121119,17.79,18.39,17.56,18.37,1172000
EN.PA,20121126,18.35,19.14,18.00,18.99,1447600
EN.PA,20121203,19.01,20.42,18.99,19.94,2367300
EN.PA,20121210,19.90,21.76,19.79,21.30,2596200
EN.PA,20121217,21.20,22.31,21.20,22.31,2182100
EN.PA,20121224,22.36,22.78,22.16,22.16,474700
EN.PA,20121231,22.10,23.40,22.00,23.40,996600
EN.PA,20130107,23.40,23.83,21.61,22.81,1994100
EN.PA,20130114,22.94,22.97,22.18,22.75,1229800
EN.PA,20130121,22.75,22.94,21.52,21.87,1491200
EN.PA,20130128,22.04,22.33,20.69,21.34,1457500
EN.PA,20130204,21.30,21.33,20.16,20.48,1447700
EN.PA,20130211,20.50,20.70,19.67,20.45,1496500
EN.PA,20130218,20.48,20.51,19.45,20.10,1563200
EN.PA,20130225,20.18,22.15,19.32,21.62,2826900
EN.PA,20130304,21.61,22.63,21.42,22.26,1184400
EN.PA,20130311,22.25,24.18,21.74,22.78,2524200
EN.PA,20130318,22.51,23.23,21.76,22.27,1686300
EN.PA,20130325,22.50,22.64,21.02,21.16,1231800
EN.PA,20130401,21.16,22.06,20.41,20.58,1342400
EN.PA,20130408,20.75,21.62,20.61,21.26,1276000
EN.PA,20130415,21.30,21.42,20.42,21.00,1481300
EN.PA,20130422,21.12,22.27,20.91,22.02,1171800
EN.PA,20130429,22.14,22.43,20.98,21.63,1376100
EN.PA,20130506,21.49,21.57,20.56,21.25,1191000
EN.PA,20130513,21.22,21.95,20.10,20.27,1815700
EN.PA,20130520,20.42,20.90,19.97,20.19,1146000
EN.PA,20130527,20.35,21.23,20.25,20.58,1279500
EN.PA,20130603,20.54,20.65,19.57,19.80,1168000
EN.PA,20130610,19.90,20.14,19.25,19.93,962900
EN.PA,20130617,19.98,20.21,18.96,18.98,1015400
EN.PA,20130624,19.00,19.97,18.61,19.61,1065700
EN.PA,20130701,19.77,19.99,19.25,19.42,877000
EN.PA,20130708,19.58,20.78,19.58,20.42,858700
EN.PA,20130715,20.44,20.73,19.96,20.53,727400
EN.PA,20130722,20.55,22.30,20.39,21.99,1662000
EN.PA,20130729,21.98,22.72,21.69,22.72,1097700
EN.PA,20130805,22.69,23.48,22.15,23.47,967800
EN.PA,20130812,23.47,24.56,23.45,24.56,745300
EN.PA,20130819,24.55,24.57,23.53,23.93,911700
EN.PA,20130826,23.98,25.48,22.87,23.67,2200300
EN.PA,20130902,23.82,24.95,23.41,24.91,1139700
EN.PA,20130909,24.25,27.24,24.00,27.21,1634500
EN.PA,20130916,27.31,28.10,26.56,27.20,1367000
EN.PA,20130923,27.19,27.54,26.64,26.93,956100
EN.PA,20130930,26.69,27.24,26.36,26.65,805000
EN.PA,20131007,26.51,28.68,26.10,28.09,1042000
EN.PA,20131014,28.00,29.74,27.83,29.45,1184400
EN.PA,20131021,29.49,29.73,28.84,29.30,595800
EN.PA,20131028,29.33,29.51,28.40,29.01,731700
EN.PA,20131104,29.03,29.70,27.38,27.70,828400
EN.PA,20131111,27.85,30.02,27.61,29.08,1285000
EN.PA,20131118,29.08,29.41,27.61,27.78,796800
EN.PA,20131125,28.00,28.03,27.62,27.76,586200
EN.PA,20131202,27.75,27.96,25.60,25.97,1053900
EN.PA,20131209,25.98,26.65,25.55,25.80,800800
EN.PA,20131216,25.78,26.68,25.62,26.19,1178000
EN.PA,20131223,26.25,27.27,25.91,27.20,457900
EN.PA,20131230,27.23,27.61,27.04,27.33,426700
EN.PA,20140106,27.28,28.99,27.12,28.82,884400
EN.PA,20140113,28.90,31.75,28.44,31.09,1418700
EN.PA,20140120,31.00,31.43,28.47,28.60,1468300
EN.PA,20140127,28.54,29.08,27.87,28.39,1060700
EN.PA,20140203,28.26,28.81,27.31,28.78,868500
EN.PA,20140210,28.78,30.48,28.46,30.24,830900
EN.PA,20140217,29.89,30.28,28.66,29.86,1066200
EN.PA,20140224,29.83,31.95,29.09,29.21,1444300
EN.PA,20140303,28.78,31.75,28.20,30.08,2533100
EN.PA,20140310,31.60,33.67,28.50,30.51,3018200
EN.PA,20140317,30.29,31.40,29.44,29.85,2330200
EN.PA,20140324,30.01,30.33,28.90,30.28,1141400
EN.PA,20140331,30.48,31.24,29.70,30.83,1045000
EN.PA,20140407,29.30,30.33,28.46,28.92,1685500
EN.PA,20140414,28.84,29.56,28.02,29.40,686900
EN.PA,20140421,29.40,31.98,28.75,31.61,2016100
EN.PA,20140428,32.00,33.94,31.77,33.76,1949000
EN.PA,20140505,32.18,32.74,31.69,32.27,1226000
EN.PA,20140512,32.44,33.43,31.42,33.08,1454600
EN.PA,20140519,33.00,33.25,32.21,32.88,1139300
EN.PA,20140526,32.90,34.67,32.76,34.06,1105700
EN.PA,20140602,34.19,34.49,32.45,34.19,1592900
EN.PA,20140609,34.14,34.48,31.53,33.44,1892700
EN.PA,20140616,33.43,33.49,32.26,32.28,1011700
EN.PA,20140623,32.40,32.89,30.28,30.40,1332000
EN.PA,20140630,30.47,30.62,28.71,30.09,1573700
EN.PA,20140707,30.02,30.25,28.16,28.56,1161100
EN.PA,20140714,28.64,29.84,28.32,29.24,990200
EN.PA,20140721,29.27,30.52,29.01,29.92,943300
EN.PA,20140728,30.08,30.39,27.52,28.42,1212000
EN.PA,20140804,28.60,28.60,26.89,27.40,926400
EN.PA,20140811,27.61,28.26,26.98,27.24,905000
EN.PA,20140818,27.60,28.67,27.50,28.39,605000
EN.PA,20140825,28.62,29.20,27.63,27.93,1029200
EN.PA,20140901,27.82,28.07,27.36,28.06,1021400
EN.PA,20140908,28.04,28.47,27.59,27.70,799100
EN.PA,20140915,27.57,27.74,26.62,26.79,1198100
EN.PA,20140922,26.78,26.89,25.54,25.67,1047000
EN.PA,20140929,25.59,25.83,24.77,25.08,1305700
EN.PA,20141006,25.20,25.33,23.70,24.54,1198300
EN.PA,20141013,24.30,25.93,23.91,25.38,2069900
EN.PA,20141020,25.39,26.40,25.07,26.18,984900
EN.PA,20141027,26.36,27.84,25.63,27.55,1439500
EN.PA,20141103,27.60,28.51,27.24,27.67,1211200
EN.PA,20141110,27.59,28.47,26.70,28.20,1486000
EN.PA,20141117,27.95,30.17,27.95,29.97,1703400
EN.PA,20141124,30.05,30.62,29.61,30.25,1409300
EN.PA,20141201,30.01,31.06,29.73,30.97,983100
EN.PA,20141208,31.17,31.56,28.90,29.00,1350800
EN.PA,20141215,28.92,30.36,27.88,29.85,1525800
EN.PA,20141222,29.93,30.47,29.62,30.31,317100
EN.PA,20141229,30.38,30.45,29.59,30.02,366200
EN.PA,20150105,29.89,30.21,28.39,29.60,1045200
EN.PA,20150112,29.69,30.98,29.66,30.81,1364600
EN.PA,20150119,30.83,32.64,30.30,32.35,1212800
EN.PA,20150126,32.42,33.09,31.49,31.66,1071100
