KN.PA,20000103,73.90,75.00,68.65,70.20,1013100
KN.PA,20000110,70.20,71.30,69.10,69.50,956600
KN.PA,20000117,69.55,70.50,65.00,65.50,1244600
KN.PA,20000124,65.20,66.00,65.00,65.00,648400
KN.PA,20000131,66.00,67.70,65.00,66.00,818200
KN.PA,20000207,66.00,67.70,65.00,65.35,741700
KN.PA,20000214,65.00,68.20,65.00,65.50,721300
KN.PA,20000221,65.00,68.00,64.90,67.00,574500
KN.PA,20000228,66.60,66.60,65.00,65.00,301100
KN.PA,20000306,65.00,66.00,65.00,65.75,474500
KN.PA,20000313,6.58,75.50,6.58,73.00,125500
KN.PA,20000320,73.00,73.50,69.00,71.00,80700
KN.PA,20000327,70.00,79.50,70.00,79.00,176600
KN.PA,20000403,79.00,79.00,72.00,75.00,88100
KN.PA,20000410,77.00,77.00,7.34,73.35,37000
KN.PA,20000417,70.00,74.00,7.21,72.15,65300
KN.PA,20000424,7.21,75.95,7.21,75.00,38200
KN.PA,20000501,7.50,78.90,7.50,77.50,71100
KN.PA,20000508,78.00,80.00,7.90,79.00,59000
KN.PA,20000515,79.90,79.90,76.50,78.00,60200
KN.PA,20000522,77.50,78.30,72.80,73.50,176700
KN.PA,20000529,74.50,74.90,72.40,74.00,22400
KN.PA,20000605,75.20,76.20,73.50,75.80,47300
KN.PA,20000612,7.58,78.40,7.58,77.00,26300
KN.PA,20000619,7.70,76.50,7.70,75.00,17300
KN.PA,20000626,74.50,76.00,73.00,74.90,67400
KN.PA,20000703,72.80,82.00,7.83,78.30,120200
KN.PA,20000710,80.00,80.20,7.80,78.00,109200
KN.PA,20000717,79.35,79.35,76.70,79.20,93100
KN.PA,20000724,7.92,82.70,7.92,82.00,171600
KN.PA,20000731,80.00,84.50,79.50,84.50,219000
KN.PA,20000807,84.50,85.20,8.41,83.50,300200
KN.PA,20000814,83.85,85.00,83.30,84.00,213700
KN.PA,20000821,84.00,85.50,83.55,85.00,118000
KN.PA,20000828,84.90,86.00,84.10,85.00,217600
KN.PA,20000904,84.95,87.50,84.55,87.50,290500
KN.PA,20000911,88.00,96.80,87.55,93.00,220000
KN.PA,20000918,90.05,93.00,85.10,86.50,90200
KN.PA,20000925,90.00,91.00,86.80,88.80,135500
KN.PA,20001002,89.00,91.50,88.00,90.00,85800
KN.PA,20001009,91.00,95.20,89.05,89.90,305500
KN.PA,20001016,90.90,91.80,84.50,89.05,251800
KN.PA,20001023,90.60,90.60,89.00,90.00,101400
KN.PA,20001030,90.50,91.00,9.00,90.35,46000
KN.PA,20001106,90.10,90.85,89.65,90.00,72900
KN.PA,20001113,90.00,90.30,85.00,90.15,107400
KN.PA,20001120,90.40,94.00,90.05,93.50,169200
KN.PA,20001127,94.00,94.80,91.00,92.00,72900
KN.PA,20001204,92.50,94.10,91.30,92.95,90700
KN.PA,20001211,93.00,94.40,90.10,91.40,167800
KN.PA,20001218,91.85,92.50,91.20,92.50,190300
KN.PA,20001227,92.00,94.45,91.70,94.45,108800
KN.PA,20010102,94.10,94.50,92.30,94.00,98500
KN.PA,20010108,94.00,96.00,92.50,94.90,260100
KN.PA,20010115,94.00,95.70,93.50,95.00,145800
KN.PA,20010122,94.80,98.90,94.70,98.50,130100
KN.PA,20010129,98.50,99.90,97.50,99.00,151900
KN.PA,20010205,98.50,99.85,97.10,98.75,86400
KN.PA,20010212,98.70,102.20,98.00,101.50,181500
KN.PA,20010219,100.90,101.90,99.90,101.00,150300
KN.PA,20010226,100.00,102.00,97.50,100.00,250400
KN.PA,20010305,99.10,101.90,99.00,101.80,108300
KN.PA,20010312,101.00,101.80,96.00,98.00,147000
KN.PA,20010319,97.00,98.00,93.00,97.00,335400
KN.PA,20010326,96.00,101.70,96.00,101.00,262700
KN.PA,20010402,101.00,101.70,100.00,100.10,154900
KN.PA,20010409,99.50,101.00,99.00,100.80,65800
KN.PA,20010417,100.00,102.00,99.50,100.50,136200
KN.PA,20010423,100.00,100.50,99.15,99.70,92700
KN.PA,20010430,99.60,101.50,98.10,98.70,148800
KN.PA,20010508,98.80,99.75,98.10,98.65,149400
KN.PA,20010514,98.10,101.00,98.05,98.95,90800
KN.PA,20010521,98.50,99.30,98.10,98.95,108600
KN.PA,20010528,98.50,100.50,98.50,99.50,117100
KN.PA,20010605,96.95,97.25,96.00,96.90,121200
KN.PA,20010611,96.50,98.25,95.90,98.10,131200
KN.PA,20010618,97.80,98.80,97.70,98.60,125000
KN.PA,20010625,98.00,99.00,97.55,98.85,115800
KN.PA,20010702,98.50,99.00,97.00,98.00,116200
KN.PA,20010709,97.50,99.80,97.45,99.75,174200
KN.PA,20010716,99.50,100.20,99.00,99.70,151000
KN.PA,20010723,99.60,101.90,99.20,101.90,171600
KN.PA,20010730,100.50,102.00,100.50,101.50,100000
KN.PA,20010806,101.10,102.00,100.50,101.40,49600
KN.PA,20010813,101.40,102.00,101.00,101.50,49000
KN.PA,20010820,101.40,101.70,100.50,101.50,64500
KN.PA,20010827,101.50,101.50,100.50,101.40,40300
KN.PA,20010903,100.80,101.50,100.30,100.50,70200
KN.PA,20010910,100.30,100.50,90.00,95.00,329400
KN.PA,20010917,94.00,95.50,86.50,87.00,524600
KN.PA,20010924,86.20,93.00,86.00,91.00,240100
KN.PA,20011001,91.00,91.60,89.00,91.50,109800
KN.PA,20011008,90.50,94.90,90.00,93.90,119200
KN.PA,20011015,93.00,93.70,91.00,93.50,125600
KN.PA,20011022,93.50,95.00,93.00,94.90,72700
KN.PA,20011029,96.00,97.00,93.00,95.60,80400
KN.PA,20011105,95.00,97.00,94.00,96.00,121400
KN.PA,20011112,95.50,98.50,94.80,97.50,146100
KN.PA,20011119,97.50,98.00,94.70,97.20,190400
KN.PA,20011126,96.50,97.60,96.00,96.95,54700
KN.PA,20011203,96.00,97.00,95.00,97.00,94800
KN.PA,20011210,97.00,97.00,94.80,95.00,90700
KN.PA,20011217,95.00,96.60,94.00,96.00,114000
KN.PA,20011224,95.50,96.90,94.50,96.90,131700
KN.PA,20020102,96.50,97.50,95.20,96.20,178800
KN.PA,20020107,96.00,96.40,93.55,95.20,84800
KN.PA,20020114,95.00,95.00,91.80,92.50,131900
KN.PA,20020121,92.00,94.00,91.70,92.80,59900
KN.PA,20020128,92.50,93.00,90.10,92.00,191200
KN.PA,20020204,91.80,92.00,90.10,92.00,69700
KN.PA,20020211,92.00,92.00,90.00,91.00,71600
KN.PA,20020218,90.00,92.00,87.30,90.00,108700
KN.PA,20020225,88.50,91.85,88.00,91.50,36100
KN.PA,20020304,91.00,92.00,90.70,92.00,35300
KN.PA,20020311,91.00,92.00,90.00,90.75,38800
KN.PA,20020318,90.50,91.50,90.00,91.50,49700
KN.PA,20020325,90.30,92.00,9.20,92.00,49600
KN.PA,20020401,9.20,94.00,9.20,92.80,44200
KN.PA,20020408,92.80,93.20,91.15,92.60,57900
KN.PA,20020415,93.90,93.90,92.00,93.10,50200
KN.PA,20020422,92.50,93.50,92.00,92.30,32700
KN.PA,20020429,92.05,94.00,9.25,94.00,110000
KN.PA,20020506,93.50,94.00,92.00,92.80,26700
KN.PA,20020513,92.50,93.65,91.75,92.40,58500
KN.PA,20020520,92.00,92.40,91.50,92.00,37200
KN.PA,20020527,92.10,92.40,89.90,91.40,77800
KN.PA,20020603,91.40,91.90,90.00,91.70,88400
KN.PA,20020610,91.00,91.80,88.20,89.30,67200
KN.PA,20020617,89.00,90.00,86.00,86.70,158300
KN.PA,20020624,86.00,89.00,83.50,89.00,66500
KN.PA,20020701,88.00,89.25,85.50,88.30,65500
KN.PA,20020708,88.00,88.30,84.00,86.00,69300
KN.PA,20020715,85.50,86.60,82.00,82.00,81900
KN.PA,20020722,81.80,82.00,73.50,78.30,65000
KN.PA,20020729,78.00,79.80,76.55,77.50,49400
KN.PA,20020805,77.50,79.50,75.50,78.95,51400
KN.PA,20020812,78.50,78.50,74.60,75.00,45600
KN.PA,20020819,74.50,78.30,74.50,77.00,39300
KN.PA,20020826,76.00,78.90,74.00,77.00,31100
KN.PA,20020902,77.00,77.15,73.00,75.00,55700
KN.PA,20020909,74.00,77.50,73.50,74.95,37600
KN.PA,20020916,74.00,74.90,70.50,72.00,119700
KN.PA,20020923,71.50,74.50,70.00,73.70,207600
KN.PA,20020930,72.50,72.80,70.00,70.75,270600
KN.PA,20021007,70.40,72.85,70.10,71.85,127100
KN.PA,20021014,70.80,78.00,70.50,78.00,81100
KN.PA,20021021,78.00,78.00,72.60,73.00,46800
KN.PA,20021028,73.05,76.00,73.05,75.90,78600
KN.PA,20021104,72.70,79.00,72.70,73.55,35500
KN.PA,20021111,74.00,78.80,73.20,77.50,25500
KN.PA,20021118,75.00,79.00,75.00,79.00,109100
KN.PA,20021125,77.50,82.75,76.00,82.75,51900
KN.PA,20021202,82.00,82.10,74.70,76.60,69600
KN.PA,20021209,75.80,78.20,75.00,77.90,61700
KN.PA,20021216,75.00,77.90,75.00,76.80,120300
KN.PA,20021223,76.00,77.50,7.64,76.80,161600
KN.PA,20021230,75.55,82.50,75.50,81.00,60000
KN.PA,20030106,79.00,81.00,77.05,79.00,55700
KN.PA,20030113,78.00,79.30,75.00,75.00,109900
KN.PA,20030120,75.00,75.95,73.50,74.00,102300
KN.PA,20030127,73.50,74.10,71.90,74.10,90200
KN.PA,20030203,73.80,74.85,71.95,73.10,92900
KN.PA,20030210,73.00,74.90,71.90,74.90,64600
KN.PA,20030217,74.00,75.00,72.50,72.95,66800
KN.PA,20030224,72.50,73.00,71.00,71.50,44000
KN.PA,20030303,71.00,72.00,70.50,70.65,56100
KN.PA,20030310,70.50,75.05,69.70,73.00,128000
KN.PA,20030317,71.00,75.00,70.60,73.00,190500
KN.PA,20030324,72.50,73.40,69.90,70.70,69200
KN.PA,20030331,69.90,74.80,69.10,74.80,76600
KN.PA,20030407,74.20,76.50,72.50,73.45,62500
KN.PA,20030414,72.80,76.00,7.55,75.50,29100
KN.PA,20030421,7.55,76.50,7.55,75.50,53400
KN.PA,20030428,75.00,80.30,7.60,75.20,100000
KN.PA,20030505,75.25,76.90,73.50,75.50,75900
KN.PA,20030512,74.50,77.00,74.50,77.00,48800
KN.PA,20030519,76.00,76.95,74.30,76.65,26700
KN.PA,20030526,75.00,77.50,75.00,77.50,45700
KN.PA,20030602,77.50,81.00,77.50,80.80,60800
KN.PA,20030609,81.00,81.00,79.00,79.50,64800
KN.PA,20030616,79.00,80.50,77.05,77.05,99900
KN.PA,20030623,77.10,80.00,76.15,80.00,68500
KN.PA,20030630,80.00,80.30,79.10,79.95,38200
KN.PA,20030707,79.50,79.95,79.00,79.50,32600
KN.PA,20030714,79.50,85.00,79.20,83.55,161000
KN.PA,20030721,82.75,85.05,82.00,84.20,62100
KN.PA,20030728,83.50,84.90,82.00,82.30,30300
KN.PA,20030804,82.70,83.00,81.50,82.45,26600
KN.PA,20030811,82.40,86.50,82.00,86.50,24800
KN.PA,20030818,86.00,89.90,85.20,89.25,40000
KN.PA,20030825,88.50,89.10,87.05,88.00,373300
KN.PA,20030901,87.00,90.00,87.00,89.40,42700
KN.PA,20030908,89.20,89.50,85.50,87.40,82700
KN.PA,20030915,87.40,90.50,87.10,87.10,201000
KN.PA,20030922,87.00,88.40,85.50,86.45,37700
KN.PA,20030929,86.00,87.75,85.70,87.25,30900
KN.PA,20031006,87.25,92.00,87.25,91.80,113400
KN.PA,20031013,90.00,92.00,90.00,91.20,68900
KN.PA,20031020,90.50,92.05,89.75,90.70,86100
KN.PA,20031027,90.00,92.00,90.00,91.50,41700
KN.PA,20031103,91.50,92.00,90.00,91.90,36100
KN.PA,20031110,90.80,91.50,90.00,91.50,28300
KN.PA,20031117,90.50,91.45,88.50,91.35,48100
KN.PA,20031124,91.00,91.75,90.05,91.40,40700
KN.PA,20031201,90.50,91.90,90.30,90.65,44700
KN.PA,20031208,90.00,91.00,89.60,90.70,40300
KN.PA,20031215,90.00,91.45,89.40,90.50,192300
KN.PA,20031222,89.30,90.50,9.00,90.00,18600
KN.PA,20031229,88.50,90.00,8.86,88.45,22900
KN.PA,20040105,87.55,90.00,85.20,86.35,43500
KN.PA,20040112,86.00,89.60,85.25,87.10,199400
KN.PA,20040119,86.10,87.85,85.25,87.85,103800
KN.PA,20040126,87.95,90.45,85.50,90.45,97200
KN.PA,20040202,88.55,95.00,88.50,93.90,170500
KN.PA,20040209,92.00,94.50,91.50,94.00,73400
KN.PA,20040216,92.15,93.85,90.50,92.50,155600
KN.PA,20040223,92.50,93.95,91.25,93.75,45700
KN.PA,20040301,92.50,99.00,92.45,97.40,85800
KN.PA,20040308,96.60,99.40,94.00,97.00,72500
KN.PA,20040315,95.00,95.95,92.00,95.10,67000
KN.PA,20040322,94.20,98.00,94.05,96.95,47200
KN.PA,20040329,95.05,97.95,94.05,97.95,58900
KN.PA,20040405,96.60,98.00,9.72,97.20,34600
KN.PA,20040412,9.72,98.95,9.72,96.90,55100
KN.PA,20040419,96.00,96.95,91.70,92.25,131300
KN.PA,20040426,92.20,94.45,90.20,91.20,49300
KN.PA,20040503,91.20,94.00,90.05,91.00,31600
KN.PA,20040510,91.00,91.05,88.55,89.85,39300
KN.PA,20040517,89.00,91.10,87.50,89.70,26900
KN.PA,20040524,89.50,91.95,88.00,91.10,54100
KN.PA,20040531,91.00,92.00,88.00,90.15,93500
KN.PA,20040607,89.50,91.50,88.60,89.10,51600
KN.PA,20040614,89.00,90.30,88.15,90.25,41100
KN.PA,20040621,90.30,93.00,90.00,91.20,148600
KN.PA,20040628,90.50,92.50,90.50,92.00,322500
KN.PA,20040705,91.50,92.90,90.75,92.25,127500
KN.PA,20040712,91.00,92.30,90.85,91.60,53500
KN.PA,20040719,90.90,92.50,89.40,90.55,74700
KN.PA,20040726,89.80,92.50,89.80,92.05,45600
KN.PA,20040802,91.00,92.00,90.10,90.80,78600
KN.PA,20040809,90.25,90.95,88.75,89.75,68800
KN.PA,20040816,89.35,91.30,89.00,91.00,138200
KN.PA,20040823,90.50,93.40,90.50,93.00,54800
KN.PA,20040830,91.55,94.50,91.55,94.50,81400
KN.PA,20040906,93.75,96.00,93.75,96.00,158000
KN.PA,20040913,95.50,95.80,94.10,94.45,69000
KN.PA,20040920,93.75,93.85,90.50,91.00,71100
KN.PA,20040927,90.25,92.40,90.05,92.00,171200
KN.PA,20041004,92.00,94.90,91.50,94.45,117400
KN.PA,20041011,94.00,95.00,92.25,92.95,159600
KN.PA,20041018,92.50,94.70,92.50,94.10,72700
KN.PA,20041025,93.30,94.90,92.00,93.85,67500
KN.PA,20041101,93.50,94.40,92.75,93.25,88800
KN.PA,20041108,93.05,94.85,93.05,94.70,75900
KN.PA,20041115,93.75,95.50,92.80,93.25,117000
KN.PA,20041122,92.75,98.10,92.75,96.50,311000
KN.PA,20041129,95.70,97.90,95.70,97.00,94400
KN.PA,20041206,96.25,96.75,94.75,96.30,62700
KN.PA,20041213,95.75,109.60,95.75,107.20,218300
KN.PA,20041220,102.00,104.30,100.00,101.00,146400
KN.PA,20041227,100.00,102.40,99.40,100.70,43700
KN.PA,20050103,100.00,104.00,100.00,103.00,254000
KN.PA,20050110,101.10,105.00,101.10,102.50,289100
KN.PA,20050117,102.00,103.00,101.10,101.80,163100
KN.PA,20050124,101.00,102.20,100.60,101.90,92700
KN.PA,20050131,101.00,108.20,101.00,107.10,778600
KN.PA,20050207,106.00,111.00,104.50,110.80,283000
KN.PA,20050214,107.00,115.00,107.00,111.60,146900
KN.PA,20050221,111.60,114.00,110.50,112.40,113700
KN.PA,20050228,111.00,112.90,108.00,111.00,114300
KN.PA,20050307,109.60,112.30,109.00,111.50,96300
KN.PA,20050314,109.20,113.00,109.00,111.50,106200
KN.PA,20050321,109.30,112.80,11.27,112.70,62600
KN.PA,20050328,11.27,115.90,11.27,115.50,127600
KN.PA,20050404,114.50,116.30,113.10,114.90,88000
KN.PA,20050411,113.70,115.80,112.50,112.90,146600
KN.PA,20050418,111.00,112.50,110.20,111.70,132400
KN.PA,20050425,110.50,113.70,110.00,113.70,167800
KN.PA,20050502,112.00,115.40,112.00,115.40,91600
KN.PA,20050509,115.40,115.50,111.40,113.00,158900
KN.PA,20050516,112.00,117.00,111.50,116.00,157000
KN.PA,20050523,115.10,121.20,115.10,117.00,232300
KN.PA,20050530,117.00,118.00,11.63,116.30,116200
KN.PA,20050606,116.80,118.80,116.00,118.50,108200
KN.PA,20050613,117.50,120.50,117.00,118.20,128500
KN.PA,20050620,117.50,120.80,116.80,118.00,173000
KN.PA,20050627,117.00,121.20,117.00,121.00,162600
KN.PA,20050704,117.70,122.00,117.70,120.50,148600
KN.PA,20050711,119.20,123.40,119.20,122.30,152800
KN.PA,20050718,121.30,122.30,120.20,121.60,94600
KN.PA,20050725,120.10,121.80,119.30,120.20,175700
KN.PA,20050801,120.00,122.00,118.50,121.00,134700
KN.PA,20050808,120.50,121.00,118.10,118.60,93200
KN.PA,20050815,119.00,119.50,114.00,115.50,74200
KN.PA,20050822,115.00,117.00,112.50,114.20,78300
KN.PA,20050829,114.60,117.50,112.60,117.30,112800
KN.PA,20050905,116.60,121.30,116.60,120.50,131400
KN.PA,20050912,119.30,123.80,118.50,123.80,174500
KN.PA,20050919,122.70,123.90,120.80,123.00,342100
KN.PA,20050926,123.00,126.50,122.90,125.50,355600
KN.PA,20051003,125.00,127.00,124.50,125.00,234000
KN.PA,20051010,125.00,126.90,124.30,125.00,186500
KN.PA,20051017,124.40,125.10,121.80,125.10,203400
KN.PA,20051024,124.00,125.80,123.80,123.90,220200
KN.PA,20051031,123.10,126.90,123.10,126.10,169700
KN.PA,20051107,125.50,131.20,125.00,130.60,165700
KN.PA,20051114,130.50,133.70,128.40,133.70,187400
KN.PA,20051121,132.00,134.50,131.40,133.00,196300
KN.PA,20051128,134.00,139.80,133.00,139.40,258900
KN.PA,20051205,138.00,140.80,138.00,139.50,165200
KN.PA,20051212,137.00,140.00,137.00,139.60,178800
KN.PA,20051219,138.00,140.50,137.00,140.00,170100
KN.PA,20051226,14.00,140.70,14.00,140.70,119600
KN.PA,20060102,139.60,141.00,139.20,140.40,135100
KN.PA,20060109,139.20,141.90,138.10,141.90,183000
KN.PA,20060116,140.80,144.50,140.00,144.10,245800
KN.PA,20060123,142.30,159.00,140.00,152.40,212700
KN.PA,20060130,152.40,157.80,150.30,155.00,230800
KN.PA,20060206,153.30,156.60,141.20,155.70,175600
KN.PA,20060213,155.10,161.30,154.90,160.00,139400
KN.PA,20060220,160.00,180.00,158.80,174.70,293500
KN.PA,20060227,176.00,183.00,174.70,179.50,310300
KN.PA,20060306,179.00,198.80,172.90,191.70,451000
KN.PA,20060313,193.10,212.00,193.10,210.00,904800
KN.PA,20060320,210.50,229.50,210.50,227.40,807200
KN.PA,20060327,225.00,226.50,216.20,222.80,343400
KN.PA,20060403,217.50,225.40,213.60,215.20,335000
KN.PA,20060410,211.00,225.80,22.50,225.00,443800
KN.PA,20060417,22.50,223.00,22.50,211.60,1395700
KN.PA,20060424,210.10,218.00,210.00,214.80,2908700
KN.PA,20060502,210.90,216.70,204.90,211.00,3605400
KN.PA,20060508,208.20,215.00,202.70,205.00,2915900
KN.PA,20060515,204.00,206.00,180.10,188.70,7139000
KN.PA,20060522,181.60,207.80,170.00,206.00,8102200
KN.PA,20060529,206.90,207.00,193.50,200.10,5408200
KN.PA,20060605,198.00,205.60,188.10,189.00,4979700
KN.PA,20060612,190.00,190.00,173.10,177.10,5641200
KN.PA,20060619,177.10,183.00,175.20,176.20,3418300
KN.PA,20060626,176.20,180.40,173.00,179.90,3310000
KN.PA,20060703,179.50,192.80,175.00,189.70,4694600
KN.PA,20060710,189.00,190.00,182.00,183.00,5748100
KN.PA,20060717,182.00,188.00,179.00,183.10,3423700
KN.PA,20060724,183.20,191.00,183.20,191.00,2869700
KN.PA,20060731,191.00,199.10,190.50,198.10,2783600
KN.PA,20060807,198.00,198.00,194.30,195.00,1910100
KN.PA,20060814,196.40,198.50,195.20,197.20,1363900
KN.PA,20060821,196.90,205.00,195.50,202.30,2006100
KN.PA,20060828,201.30,204.40,199.10,204.00,1399100
KN.PA,20060904,204.40,204.50,194.50,199.30,3122800
KN.PA,20060911,197.40,215.30,197.40,215.30,3473500
KN.PA,20060918,215.20,215.20,204.20,209.00,3378100
KN.PA,20060925,208.10,225.00,208.10,218.40,2745000
KN.PA,20061002,217.40,233.30,217.00,233.30,5400900
KN.PA,20061009,233.70,237.70,222.00,227.80,5541400
KN.PA,20061016,226.10,227.40,213.00,218.30,4193300
KN.PA,20061023,217.50,226.90,216.00,217.50,5371800
KN.PA,20061030,214.10,224.60,214.00,222.50,4365900
KN.PA,20061106,220.40,227.80,209.00,209.00,7793300
KN.PA,20061113,208.60,216.50,206.10,211.00,6654900
KN.PA,20061120,20.63,21.60,20.51,20.94,622800
KN.PA,20061127,21.00,21.35,20.25,21.15,562700
KN.PA,20061204,21.38,21.75,20.20,21.75,6795900
KN.PA,20061211,21.78,21.92,21.04,21.75,3103100
KN.PA,20061218,21.74,21.81,21.38,21.66,1477300
KN.PA,20061225,21.66,21.66,21.02,21.28,562200
KN.PA,20070101,21.28,22.48,21.25,21.82,1274800
KN.PA,20070108,21.73,22.61,21.71,22.19,1774600
KN.PA,20070115,22.20,23.19,22.20,22.78,1847400
KN.PA,20070122,22.66,22.82,21.92,22.23,1741300
KN.PA,20070129,22.14,22.27,21.45,21.97,2003900
KN.PA,20070205,21.86,22.08,21.50,22.00,1081400
KN.PA,20070212,21.81,22.24,21.40,21.86,1727500
KN.PA,20070219,21.66,21.99,21.22,21.30,863100
KN.PA,20070226,21.09,21.34,19.75,20.00,1800500
KN.PA,20070305,19.65,20.24,19.45,19.92,1461800
KN.PA,20070312,19.90,20.20,17.43,18.12,5382000
KN.PA,20070319,18.30,19.08,18.19,18.75,2350500
KN.PA,20070326,18.79,18.86,17.89,18.21,1623900
KN.PA,20070402,18.23,19.03,18.21,18.97,1813600
KN.PA,20070409,18.97,19.68,18.89,19.40,1662500
KN.PA,20070416,19.41,20.25,19.20,20.16,2374000
KN.PA,20070423,20.00,20.48,19.25,20.10,1835500
KN.PA,20070430,19.90,20.82,19.90,20.80,1477300
KN.PA,20070507,20.70,20.91,19.80,20.54,1476500
KN.PA,20070514,20.35,20.44,19.90,20.20,1833900
KN.PA,20070521,20.11,20.20,19.52,19.78,2511900
KN.PA,20070528,19.75,20.05,18.93,19.40,2199200
KN.PA,20070604,19.29,19.45,17.90,18.24,2627500
KN.PA,20070611,18.37,19.22,18.01,19.15,2184700
KN.PA,20070618,19.07,19.29,18.10,18.20,2052000
KN.PA,20070625,18.10,18.26,17.71,18.08,1689700
KN.PA,20070702,18.38,18.49,17.81,18.17,1517900
KN.PA,20070709,18.16,18.97,17.47,18.87,2081600
KN.PA,20070716,18.80,18.85,17.69,17.69,1710400
KN.PA,20070723,17.65,17.81,15.30,15.80,3234000
KN.PA,20070730,15.99,16.49,13.46,13.75,6030900
KN.PA,20070806,15.00,16.81,14.44,14.90,8070000
KN.PA,20070813,15.12,15.76,13.92,14.78,4891300
KN.PA,20070820,15.40,15.75,14.81,15.13,2438800
KN.PA,20070827,15.35,16.20,14.65,15.63,2680900
KN.PA,20070903,15.70,16.24,14.82,14.97,2465400
KN.PA,20070910,15.00,15.39,14.46,14.71,2243000
KN.PA,20070917,14.68,15.60,14.16,15.40,2247300
KN.PA,20070924,15.26,15.73,14.66,15.55,2368800
KN.PA,20071001,15.23,16.69,15.06,16.61,2507200
KN.PA,20071008,17.00,18.12,16.22,16.46,6948300
KN.PA,20071015,16.34,16.54,15.33,15.42,2504900
KN.PA,20071022,15.70,16.49,15.04,15.41,2698700
KN.PA,20071029,15.52,15.67,13.75,14.08,3637500
KN.PA,20071105,14.00,14.05,12.11,12.34,5088000
KN.PA,20071112,12.28,13.72,12.11,12.25,4360400
KN.PA,20071119,12.33,14.09,10.94,13.62,6606300
KN.PA,20071126,13.60,14.34,12.51,13.82,5450400
KN.PA,20071203,14.03,15.20,13.60,14.97,3583400
KN.PA,20071210,14.80,15.29,13.96,14.10,2455800
KN.PA,20071217,13.76,13.84,12.88,13.21,2455400
KN.PA,20071224,13.01,13.36,12.97,13.10,411900
KN.PA,20071231,12.92,13.54,12.27,12.48,1172700
KN.PA,20080107,12.40,13.00,12.21,12.92,2400100
KN.PA,20080114,12.81,13.27,11.21,11.30,2997000
KN.PA,20080121,11.01,12.10,10.25,11.37,5289500
KN.PA,20080128,11.21,11.89,10.82,11.53,2865900
KN.PA,20080204,11.60,11.75,10.75,10.82,2482900
KN.PA,20080211,10.79,11.35,9.16,9.84,4327200
KN.PA,20080218,9.90,10.34,9.65,9.85,2896200
KN.PA,20080225,10.00,10.39,9.65,9.74,2675600
KN.PA,20080303,9.59,9.94,9.07,9.11,2636500
KN.PA,20080310,9.01,9.56,8.58,8.75,4258400
KN.PA,20080317,8.35,9.38,7.87,9.32,5031500
KN.PA,20080324,9.32,10.39,9.32,10.10,2871300
KN.PA,20080331,9.91,11.50,9.86,10.40,4009100
KN.PA,20080407,10.50,10.71,9.81,9.93,2249100
KN.PA,20080414,9.73,10.49,9.56,10.43,2337100
KN.PA,20080421,10.40,10.54,9.76,10.33,2225800
KN.PA,20080428,10.39,11.31,10.36,11.27,2007500
KN.PA,20080505,11.08,11.53,10.85,10.96,2126800
KN.PA,20080512,10.94,12.54,10.56,11.50,5133700
KN.PA,20080519,11.41,11.54,10.03,10.03,3470000
KN.PA,20080526,10.07,10.20,9.55,9.78,4834300
KN.PA,20080602,9.81,9.81,9.07,9.07,3777000
KN.PA,20080609,8.97,9.07,8.40,8.69,3382200
KN.PA,20080616,8.89,9.16,8.01,8.15,2386900
KN.PA,20080623,8.15,8.34,7.23,7.43,3331000
KN.PA,20080630,7.32,7.46,6.60,6.86,4939300
KN.PA,20080707,6.95,7.03,5.80,5.83,5921800
KN.PA,20080714,5.90,5.95,4.31,5.77,11560100
KN.PA,20080721,5.80,6.10,5.17,5.57,5904500
KN.PA,20080728,5.57,5.57,4.95,5.11,3671700
KN.PA,20080804,5.18,6.18,5.01,6.15,5282300
KN.PA,20080811,6.19,7.55,5.98,6.19,7605400
KN.PA,20080818,6.17,6.33,5.55,6.07,3363400
KN.PA,20080825,6.04,6.04,5.14,5.76,5652300
KN.PA,20080901,5.68,6.60,3.50,3.58,14918400
KN.PA,20080908,4.04,4.18,3.26,3.49,23221800
KN.PA,20080915,3.22,3.31,2.30,3.07,49613000
KN.PA,20080922,3.15,3.15,2.50,2.55,31240900
KN.PA,20080929,2.50,2.69,1.75,2.68,38553700
KN.PA,20081006,2.36,2.50,2.00,2.25,19816000
KN.PA,20081013,2.60,2.60,1.85,2.10,13052800
KN.PA,20081020,2.13,2.15,1.24,1.70,11349900
KN.PA,20081027,1.56,1.72,1.35,1.71,11760200
KN.PA,20081103,1.82,2.30,1.77,2.12,12249500
KN.PA,20081110,2.20,2.26,1.70,1.71,7160200
KN.PA,20081117,1.74,1.77,1.28,1.37,9155600
KN.PA,20081124,1.49,1.65,1.40,1.59,5380900
KN.PA,20081201,1.61,1.62,1.37,1.48,4468000
KN.PA,20081208,1.58,1.61,1.42,1.48,3711800
KN.PA,20081215,1.46,1.47,1.20,1.32,7152400
KN.PA,20081222,1.33,1.33,1.20,1.24,1906400
KN.PA,20081229,1.25,1.35,1.22,1.34,1639300
KN.PA,20090105,1.35,1.49,1.25,1.35,6041500
KN.PA,20090112,1.35,1.40,1.20,1.21,3641400
KN.PA,20090119,1.25,1.25,1.01,1.09,5094600
KN.PA,20090126,1.10,1.23,1.05,1.23,3847100
KN.PA,20090202,1.19,1.22,1.13,1.18,2799800
KN.PA,20090209,1.20,1.29,1.10,1.12,4017400
KN.PA,20090216,1.17,1.22,1.00,1.01,5110300
KN.PA,20090223,1.07,1.15,1.01,1.10,6623800
KN.PA,20090302,1.05,1.06,0.76,0.82,9057200
KN.PA,20090309,0.84,1.25,0.76,1.04,10641900
KN.PA,20090316,1.15,1.31,1.08,1.26,8667300
KN.PA,20090323,1.33,1.48,1.30,1.39,8343000
KN.PA,20090330,1.36,1.37,1.17,1.37,7563100
KN.PA,20090406,1.39,1.59,1.36,1.58,6658600
KN.PA,20090413,1.58,2.02,1.58,1.90,10975300
KN.PA,20090420,1.90,1.90,1.62,1.78,7895400
KN.PA,20090427,1.76,1.83,1.71,1.74,4814600
KN.PA,20090504,1.78,2.01,1.76,1.94,9487900
KN.PA,20090511,2.00,2.02,1.34,1.46,10696000
KN.PA,20090518,1.48,1.57,1.40,1.51,7343600
KN.PA,20090525,1.53,1.54,1.41,1.44,5503500
KN.PA,20090601,1.46,1.56,1.45,1.55,4823300
KN.PA,20090608,1.56,1.57,1.50,1.54,3460300
KN.PA,20090615,1.53,1.53,1.32,1.44,5532400
KN.PA,20090622,1.47,1.47,1.33,1.39,4539600
KN.PA,20090629,1.40,1.40,1.30,1.32,2815500
KN.PA,20090706,1.32,1.34,1.25,1.25,3945000
KN.PA,20090713,1.26,1.38,1.25,1.37,3536300
KN.PA,20090720,1.37,1.40,1.34,1.37,3225200
KN.PA,20090727,1.38,1.96,1.35,1.83,18096500
KN.PA,20090803,1.78,2.50,1.77,2.43,25547000
KN.PA,20090810,2.59,2.71,1.88,2.23,29062900
KN.PA,20090817,2.20,2.40,2.10,2.28,10328700
KN.PA,20090824,2.29,3.86,2.18,3.38,36883000
KN.PA,20090831,3.36,3.39,3.02,3.20,21669000
KN.PA,20090907,3.30,3.48,3.26,3.35,12661600
KN.PA,20090914,3.28,4.14,3.25,3.88,23477900
KN.PA,20090921,3.98,4.14,3.81,4.05,12496200
KN.PA,20090928,4.08,4.15,3.70,3.85,9673900
KN.PA,20091005,3.85,4.16,3.70,4.03,8351800
KN.PA,20091012,4.10,4.12,3.92,3.97,6409500
KN.PA,20091019,3.99,4.65,3.76,4.50,17913100
KN.PA,20091026,4.48,4.57,3.60,3.84,14454100
KN.PA,20091102,3.80,4.00,3.51,3.91,10529200
KN.PA,20091109,3.97,4.30,3.70,4.06,12704100
KN.PA,20091116,4.10,4.10,3.77,3.80,7199100
KN.PA,20091123,3.81,3.86,3.23,3.63,21343900
KN.PA,20091130,3.65,3.68,3.51,3.57,11622400
KN.PA,20091207,3.61,3.62,3.46,3.49,6391000
KN.PA,20091214,3.52,3.63,3.24,3.27,10225900
KN.PA,20091221,3.35,3.47,3.29,3.43,6573100
KN.PA,20091228,3.46,3.57,3.40,3.55,3888900
KN.PA,20100104,3.56,3.96,3.56,3.95,12999600
KN.PA,20100111,3.97,4.02,3.64,3.65,8503700
KN.PA,20100118,3.69,3.72,3.26,3.37,6720400
KN.PA,20100125,3.32,3.43,3.28,3.37,6033800
KN.PA,20100201,3.36,3.60,3.16,3.21,8889200
KN.PA,20100208,3.25,3.39,3.06,3.17,8257800
KN.PA,20100215,3.19,3.51,3.06,3.43,6488500
KN.PA,20100222,3.48,3.82,3.44,3.62,12377300
KN.PA,20100301,3.63,3.69,3.54,3.67,5469100
KN.PA,20100308,3.69,3.69,3.50,3.61,5239700
KN.PA,20100315,3.61,3.88,3.59,3.77,7569300
KN.PA,20100322,3.75,3.95,3.65,3.93,7297800
KN.PA,20100329,3.95,4.08,3.91,4.04,6209100
KN.PA,20100405,4.04,4.16,3.91,4.07,5980500
KN.PA,20100412,4.07,4.15,4.01,4.02,4875300
KN.PA,20100419,3.94,4.04,3.83,3.84,5030800
KN.PA,20100426,3.88,4.11,3.66,3.91,7923800
KN.PA,20100503,3.91,3.94,3.17,3.19,10333100
KN.PA,20100510,3.70,4.05,3.51,3.76,11763900
KN.PA,20100517,3.65,3.90,3.37,3.56,8066600
KN.PA,20100524,3.64,3.67,3.25,3.60,6697900
KN.PA,20100531,3.60,3.80,3.43,3.51,5041400
KN.PA,20100607,3.43,3.72,3.37,3.61,5671000
KN.PA,20100614,3.65,3.91,3.60,3.91,5576500
KN.PA,20100621,3.93,3.97,3.61,3.63,4093500
KN.PA,20100628,3.66,3.71,3.38,3.42,4254200
KN.PA,20100705,3.44,3.82,3.32,3.80,5404000
KN.PA,20100712,3.68,3.84,3.63,3.63,4140400
KN.PA,20100719,3.60,3.85,3.53,3.82,3742300
KN.PA,20100726,3.85,4.22,3.83,4.10,6893000
KN.PA,20100802,4.15,4.47,4.13,4.41,7390600
KN.PA,20100809,4.47,4.49,4.16,4.36,4520500
KN.PA,20100816,4.36,4.41,4.11,4.11,3294200
KN.PA,20100823,4.12,4.37,4.12,4.32,3830700
KN.PA,20100830,4.33,4.45,4.18,4.42,3979700
KN.PA,20100906,4.53,4.81,4.48,4.78,9767100
KN.PA,20100913,4.84,4.90,4.51,4.63,14832100
KN.PA,20100920,4.59,4.62,4.16,4.35,9415100
KN.PA,20100927,4.35,4.42,4.15,4.22,4207900
KN.PA,20101004,4.22,4.43,4.16,4.32,4747200
KN.PA,20101011,4.34,4.44,4.24,4.36,4033100
KN.PA,20101018,4.33,4.61,4.32,4.53,3915000
KN.PA,20101025,4.54,4.54,4.35,4.41,3197300
KN.PA,20101101,4.44,4.53,4.32,4.42,3276200
KN.PA,20101108,4.43,4.49,3.86,4.01,10275200
KN.PA,20101115,4.08,4.08,3.73,3.80,5849600
KN.PA,20101122,3.85,3.88,3.54,3.65,6668400
KN.PA,20101129,3.66,3.72,3.35,3.71,7483400
KN.PA,20101206,3.71,3.79,3.64,3.77,3422400
KN.PA,20101213,3.79,3.81,3.55,3.55,3606800
KN.PA,20101220,3.55,3.67,3.53,3.59,1593400
KN.PA,20101227,3.59,3.61,3.50,3.50,1581000
KN.PA,20110103,3.56,3.76,3.54,3.62,3234600
KN.PA,20110110,3.61,3.94,3.51,3.90,5426000
KN.PA,20110117,3.89,4.00,3.85,3.92,4192600
KN.PA,20110124,3.95,3.98,3.80,3.90,4550600
KN.PA,20110131,3.85,4.00,3.80,3.95,4258600
KN.PA,20110207,3.95,4.13,3.89,3.94,6508600
KN.PA,20110214,3.99,4.22,3.92,4.13,6002900
KN.PA,20110221,4.16,4.39,3.96,4.28,9901100
KN.PA,20110228,4.27,4.36,4.15,4.18,7148000
KN.PA,20110307,4.17,4.25,4.06,4.10,5826800
KN.PA,20110314,4.05,4.22,3.85,4.01,10748600
KN.PA,20110321,4.07,4.16,4.04,4.11,5704200
KN.PA,20110328,4.10,4.17,3.99,4.09,5002300
KN.PA,20110404,4.08,4.22,4.00,4.16,5100400
KN.PA,20110411,4.14,4.18,3.92,3.96,5357500
KN.PA,20110418,3.98,3.99,3.70,3.80,7668900
KN.PA,20110426,3.83,3.92,3.78,3.88,4929600
KN.PA,20110502,3.92,3.96,3.77,3.90,6206800
KN.PA,20110509,3.89,3.99,3.80,3.83,7791100
KN.PA,20110516,3.78,3.90,3.73,3.85,7085500
KN.PA,20110523,3.80,3.92,3.67,3.87,7121500
KN.PA,20110530,3.87,3.94,3.54,3.62,5970100
KN.PA,20110606,3.62,3.63,3.46,3.47,5754500
KN.PA,20110613,3.47,3.56,3.42,3.55,5844700
KN.PA,20110620,3.52,3.55,3.23,3.26,9082500
KN.PA,20110627,3.27,3.59,3.23,3.59,7366600
KN.PA,20110704,3.60,3.60,3.31,3.32,5950000
KN.PA,20110711,3.32,3.36,3.09,3.13,10662400
KN.PA,20110718,3.13,3.47,2.99,3.36,8810400
KN.PA,20110725,3.33,3.34,3.10,3.18,5502400
KN.PA,20110801,3.30,3.30,2.54,3.07,11577800
KN.PA,20110808,3.00,3.17,2.61,3.12,16030100
KN.PA,20110815,3.17,3.25,2.79,2.89,6022700
KN.PA,20110822,2.89,2.94,2.68,2.69,4664500
KN.PA,20110829,2.74,2.85,2.70,2.71,3834100
KN.PA,20110905,2.66,2.68,2.40,2.41,6928200
KN.PA,20110912,2.32,2.56,2.18,2.39,12331300
KN.PA,20110919,2.35,2.37,1.91,2.11,5261800
KN.PA,20110926,2.11,2.53,2.03,2.38,5615000
KN.PA,20111003,2.34,2.60,2.09,2.42,5325400
KN.PA,20111010,2.45,2.51,2.23,2.24,5105900
KN.PA,20111017,2.29,2.35,2.14,2.29,3762100
KN.PA,20111024,2.35,2.63,2.27,2.52,5104400
KN.PA,20111031,2.51,2.51,2.03,2.18,5385600
KN.PA,20111107,2.17,2.19,2.00,2.16,4404800
KN.PA,20111114,2.19,2.22,1.94,1.95,2809000
KN.PA,20111121,1.98,1.98,1.67,1.70,3905900
KN.PA,20111128,1.77,2.20,1.77,2.13,5806100
KN.PA,20111205,2.20,2.33,2.08,2.17,4404800
KN.PA,20111212,2.20,2.22,1.87,1.96,4291000
KN.PA,20111219,1.93,2.12,1.89,2.00,2635700
KN.PA,20111226,2.00,2.03,1.91,1.94,1115100
KN.PA,20120102,1.97,2.12,1.92,1.97,3451500
KN.PA,20120109,1.96,2.08,1.79,2.02,4179600
KN.PA,20120116,1.95,2.36,1.93,2.25,5999000
KN.PA,20120123,2.27,2.48,2.24,2.37,4944500
KN.PA,20120130,2.36,2.46,2.23,2.41,4640200
KN.PA,20120206,2.39,2.48,2.27,2.30,4556800
KN.PA,20120213,2.34,2.39,2.21,2.34,4805600
KN.PA,20120220,2.38,2.69,2.33,2.63,9825500
KN.PA,20120227,2.63,2.78,2.52,2.73,8777800
KN.PA,20120305,2.73,2.78,2.54,2.76,8030300
KN.PA,20120312,2.74,3.05,2.70,3.03,9135100
KN.PA,20120319,3.02,3.06,2.85,2.97,5906100
KN.PA,20120326,2.97,3.07,2.80,2.88,7336900
KN.PA,20120402,2.91,2.92,2.56,2.61,7443300
KN.PA,20120409,2.61,2.61,2.39,2.39,5787900
KN.PA,20120416,2.36,2.45,2.27,2.31,8306500
KN.PA,20120423,2.27,2.37,2.11,2.33,7138000
KN.PA,20120430,2.37,2.38,2.19,2.21,5112700
KN.PA,20120507,2.15,2.27,2.03,2.14,6117800
KN.PA,20120514,2.08,2.10,1.85,1.91,6965400
KN.PA,20120521,1.92,2.01,1.87,1.94,6390900
KN.PA,20120528,1.96,1.97,1.77,1.81,5529700
KN.PA,20120604,1.78,2.08,1.78,2.02,8306900
KN.PA,20120611,2.08,2.11,1.90,2.04,6649100
KN.PA,20120618,2.10,2.13,1.91,2.04,6438500
KN.PA,20120625,2.02,2.12,1.89,2.12,6720000
KN.PA,20120702,2.14,2.28,2.01,2.01,6336100
KN.PA,20120709,2.02,2.08,1.96,1.99,3564900
KN.PA,20120716,2.00,2.04,1.93,1.93,3978600
KN.PA,20120723,1.90,2.04,1.76,2.04,7012000
KN.PA,20120730,2.04,2.10,1.87,2.06,5734500
KN.PA,20120806,2.04,2.19,1.99,2.14,4498100
KN.PA,20120813,2.13,2.24,2.10,2.23,2758600
KN.PA,20120820,2.22,2.28,2.10,2.13,2976200
KN.PA,20120827,2.13,2.20,2.09,2.17,2722300
KN.PA,20120903,2.17,2.55,2.11,2.47,5884300
KN.PA,20120910,2.46,2.75,2.35,2.59,8070000
KN.PA,20120917,2.58,2.67,2.51,2.61,5876700
KN.PA,20120924,2.58,2.62,2.43,2.45,5556300
KN.PA,20121001,2.43,2.65,2.43,2.62,4770100
KN.PA,20121008,2.61,2.61,2.50,2.53,3967400
KN.PA,20121015,2.53,2.74,2.52,2.65,4365400
KN.PA,20121022,2.63,2.70,2.52,2.57,4280600
KN.PA,20121029,2.56,2.60,2.49,2.55,3091500
KN.PA,20121105,2.52,2.68,2.46,2.53,4406400
KN.PA,20121112,2.52,2.59,2.28,2.30,6180000
KN.PA,20121119,2.33,2.43,2.32,2.42,3923600
KN.PA,20121126,2.41,2.48,2.34,2.46,3341400
KN.PA,20121203,2.46,2.56,2.44,2.55,3363100
KN.PA,20121210,2.56,2.56,2.48,2.55,3505200
KN.PA,20121217,2.53,2.64,2.50,2.59,2863400
KN.PA,20121224,2.57,2.62,2.54,2.55,900700
KN.PA,20121231,2.54,2.67,2.53,2.66,1500300
KN.PA,20130107,2.69,2.94,2.69,2.88,5529600
KN.PA,20130114,2.91,2.96,2.77,2.92,4099900
KN.PA,20130121,2.91,2.98,2.86,2.94,3008000
KN.PA,20130128,2.96,3.02,2.86,2.95,4041400
KN.PA,20130204,2.96,2.96,2.76,2.84,3807800
KN.PA,20130211,2.83,2.89,2.80,2.84,3080700
KN.PA,20130218,3.35,3.69,3.28,3.35,16642600
KN.PA,20130225,3.30,3.38,3.10,3.23,5665100
KN.PA,20130304,3.20,3.30,3.17,3.25,3513400
KN.PA,20130311,3.26,3.31,3.21,3.29,3387900
KN.PA,20130318,3.25,3.28,3.13,3.17,4567500
KN.PA,20130325,3.25,3.25,2.93,2.96,5041500
KN.PA,20130401,2.96,2.99,2.85,2.87,4523900
KN.PA,20130408,2.88,3.14,2.86,3.06,9339700
KN.PA,20130415,3.07,3.17,2.95,3.10,6677300
KN.PA,20130422,3.16,3.36,3.15,3.29,6590500
KN.PA,20130429,3.30,3.41,3.25,3.35,4080800
KN.PA,20130506,3.35,3.57,3.34,3.50,4151300
KN.PA,20130513,3.53,3.65,3.51,3.62,3979200
KN.PA,20130520,3.64,3.70,3.48,3.50,4871300
KN.PA,20130527,3.54,3.69,3.51,3.64,4332800
KN.PA,20130603,3.62,3.66,3.49,3.52,3132300
KN.PA,20130610,3.50,3.55,3.26,3.40,3423300
KN.PA,20130617,3.39,3.47,3.23,3.23,3693700
KN.PA,20130624,3.26,3.33,3.15,3.22,3457000
KN.PA,20130701,3.26,3.46,3.17,3.38,3173300
KN.PA,20130708,3.41,3.48,3.38,3.43,2107100
KN.PA,20130715,3.46,3.64,3.43,3.62,2770500
KN.PA,20130722,3.64,3.82,3.63,3.76,3892100
KN.PA,20130729,3.79,3.93,3.75,3.90,3372100
KN.PA,20130805,3.91,3.99,3.67,3.86,6632100
KN.PA,20130812,3.88,3.92,3.30,3.43,7014300
KN.PA,20130819,3.44,3.46,3.29,3.43,3860800
KN.PA,20130826,3.44,3.44,3.20,3.26,3604200
KN.PA,20130902,3.31,3.57,3.28,3.53,5115600
KN.PA,20130909,3.53,3.68,3.51,3.60,3747500
KN.PA,20130916,3.65,3.72,3.62,3.64,3402800
KN.PA,20130923,3.64,3.66,3.57,3.58,2753100
KN.PA,20130930,3.55,3.80,3.52,3.80,4032900
KN.PA,20131007,3.77,3.89,3.74,3.85,3409300
KN.PA,20131014,3.83,3.97,3.80,3.95,3513900
KN.PA,20131021,3.94,3.99,3.87,3.93,2681300
KN.PA,20131028,3.94,3.99,3.83,3.95,2316100
KN.PA,20131104,3.95,4.28,3.87,4.08,5121300
KN.PA,20131111,4.11,4.22,4.02,4.07,3133200
KN.PA,20131118,4.07,4.12,3.94,3.99,3115200
KN.PA,20131125,4.00,4.10,3.98,4.06,2147000
KN.PA,20131202,4.07,4.09,3.81,3.90,3137000
KN.PA,20131209,3.92,4.14,3.89,4.09,4330400
KN.PA,20131216,4.07,4.28,4.07,4.24,4026900
KN.PA,20131223,4.21,4.28,4.21,4.27,849200
KN.PA,20131230,4.26,4.30,4.22,4.29,1302200
KN.PA,20140106,4.29,4.70,4.29,4.56,4602700
KN.PA,20140113,4.58,4.82,4.58,4.66,5023700
KN.PA,20140120,4.64,4.70,4.43,4.46,4359600
KN.PA,20140127,4.43,4.62,4.32,4.36,5103800
KN.PA,20140203,4.35,4.62,4.20,4.59,5193100
KN.PA,20140210,4.59,4.74,4.56,4.71,2786100
KN.PA,20140217,4.70,4.99,4.66,4.98,4415200
KN.PA,20140224,4.96,5.25,4.95,5.23,4016300
KN.PA,20140303,5.12,5.28,4.90,5.13,4804400
KN.PA,20140310,5.12,5.23,4.76,4.89,3484200
KN.PA,20140317,4.88,5.25,4.87,5.14,4397100
KN.PA,20140324,5.14,5.35,5.10,5.34,3569900
KN.PA,20140331,5.36,5.65,5.31,5.57,4712600
KN.PA,20140407,5.51,5.57,5.12,5.18,4343500
KN.PA,20140414,5.13,5.25,4.95,5.25,3428200
KN.PA,20140421,5.25,5.29,5.05,5.08,2459100
KN.PA,20140428,5.09,5.20,5.01,5.11,2245900
KN.PA,20140505,5.07,5.24,4.97,5.05,3785300
KN.PA,20140512,5.07,5.16,4.63,4.81,4395200
KN.PA,20140519,4.80,4.92,4.61,4.86,4971400
KN.PA,20140526,4.85,5.01,4.84,5.00,3499500
KN.PA,20140602,5.01,5.28,4.97,5.27,3790800
KN.PA,20140609,5.26,5.29,5.02,5.15,2840700
KN.PA,20140616,5.09,5.12,4.91,4.91,3844500
KN.PA,20140623,4.93,4.94,4.73,4.78,3609100
KN.PA,20140630,4.79,5.09,4.65,4.94,4129500
KN.PA,20140707,4.93,5.00,4.57,4.72,3634000
KN.PA,20140714,4.74,4.91,4.64,4.79,2975100
KN.PA,20140721,4.78,5.05,4.69,4.94,3412500
KN.PA,20140728,4.97,5.16,4.81,4.85,4731100
KN.PA,20140804,4.90,5.16,4.75,4.83,5780900
KN.PA,20140811,4.87,5.14,4.85,5.01,3727400
KN.PA,20140818,5.09,5.25,5.02,5.20,3059700
KN.PA,20140825,5.25,5.45,5.19,5.35,3142100
KN.PA,20140901,5.34,5.57,5.23,5.53,3630600
KN.PA,20140908,5.51,5.62,5.48,5.60,3560900
KN.PA,20140915,5.58,5.69,5.39,5.60,3879000
KN.PA,20140922,5.57,5.63,5.30,5.44,3410200
KN.PA,20140929,5.42,5.54,5.28,5.43,4185600
KN.PA,20141006,5.46,5.59,5.25,5.30,5433300
KN.PA,20141013,5.24,5.39,4.66,5.16,8281200
KN.PA,20141020,5.16,5.57,5.10,5.55,5371900
KN.PA,20141027,5.61,5.63,5.14,5.49,5549300
KN.PA,20141103,5.49,5.54,5.19,5.23,5403300
KN.PA,20141110,5.24,5.30,5.05,5.18,3405100
KN.PA,20141117,5.15,5.44,5.11,5.42,3300600
KN.PA,20141124,5.42,5.69,5.42,5.68,3693400
KN.PA,20141201,5.66,5.82,5.56,5.82,3633900
KN.PA,20141208,5.80,5.86,5.41,5.42,3249500
KN.PA,20141215,5.40,5.61,5.17,5.47,4919700
KN.PA,20141222,5.47,5.59,5.47,5.59,874700
KN.PA,20141229,5.56,5.66,5.44,5.62,1076200
KN.PA,20150105,5.60,5.66,5.21,5.34,4308700
KN.PA,20150112,5.35,5.50,5.21,5.49,4450500
KN.PA,20150119,5.49,6.05,5.47,5.90,5765600
KN.PA,20150126,5.78,5.95,5.60,5.65,4449100
