UG.PA,20000103,164.58,164.72,150.14,158.80,255300
UG.PA,20000110,161.69,176.49,159.52,174.68,268600
UG.PA,20000117,176.49,176.85,164.36,167.39,163400
UG.PA,20000124,166.74,169.63,156.64,158.80,385100
UG.PA,20000131,156.42,164.50,152.81,159.88,341600
UG.PA,20000207,161.33,164.87,143.93,145.09,253900
UG.PA,20000214,145.09,162.41,143.64,156.64,234900
UG.PA,20000221,156.64,163.13,150.86,156.71,254100
UG.PA,20000228,157.36,171.79,151.15,169.63,301600
UG.PA,20000306,168.19,168.76,144.65,148.77,240800
UG.PA,20000313,148.77,172.95,148.77,169.27,243800
UG.PA,20000320,168.91,172.30,159.09,161.98,135300
UG.PA,20000327,162.41,163.71,157.29,163.13,166000
UG.PA,20000403,165.15,173.24,158.51,173.24,173700
UG.PA,20000410,168.55,170.78,160.97,163.35,139300
UG.PA,20000417,158.80,165.08,155.91,162.12,132100
UG.PA,20000424,162.12,170.35,158.80,164.29,169400
UG.PA,20000501,164.29,167.82,158.80,163.35,135400
UG.PA,20000508,163.49,170.28,161.76,164.22,97800
UG.PA,20000515,164.58,167.39,158.87,161.18,118300
UG.PA,20000522,161.18,165.30,156.27,159.88,148800
UG.PA,20000529,161.69,163.13,156.06,160.90,202200
UG.PA,20000605,161.69,165.15,159.16,163.71,123100
UG.PA,20000612,163.71,168.91,159.88,165.15,119000
UG.PA,20000619,165.15,167.90,152.30,154.18,198300
UG.PA,20000626,150.14,162.41,150.14,151.73,232900
UG.PA,20000703,154.69,167.25,151.22,166.67,129100
UG.PA,20000710,163.13,168.55,159.74,161.98,107400
UG.PA,20000717,161.76,167.32,159.38,165.15,143400
UG.PA,20000724,165.15,169.56,158.08,159.02,124400
UG.PA,20000731,158.80,162.99,155.70,160.61,111400
UG.PA,20000807,157.50,161.69,156.42,156.42,67400
UG.PA,20000814,157.29,158.73,154.62,156.64,100100
UG.PA,20000821,156.56,161.62,152.45,160.82,137200
UG.PA,20000828,160.24,160.24,148.70,150.00,432200
UG.PA,20000904,150.86,164.22,149.06,160.24,392100
UG.PA,20000911,160.61,161.33,155.91,157.43,142000
UG.PA,20000918,155.99,156.56,146.10,151.15,228600
UG.PA,20000925,154.69,154.69,144.37,145.30,203100
UG.PA,20001002,145.45,156.64,145.45,154.83,171700
UG.PA,20001009,153.17,158.59,147.97,150.65,163200
UG.PA,20001016,151.08,151.58,144.58,147.54,167300
UG.PA,20001023,146.53,154.47,146.53,150.00,195200
UG.PA,20001030,150.14,160.90,147.83,159.16,134700
UG.PA,20001106,159.52,166.74,156.13,163.57,271000
UG.PA,20001113,161.11,165.88,160.32,161.26,149300
UG.PA,20001120,160.97,169.41,159.67,166.02,188400
UG.PA,20001127,166.09,173.24,165.30,170.35,334000
UG.PA,20001204,168.19,175.19,162.19,174.32,199700
UG.PA,20001211,171.29,179.01,164.00,171.51,335400
UG.PA,20001218,172.52,184.07,167.54,168.91,409000
UG.PA,20001227,168.91,176.13,168.91,174.90,91600
UG.PA,20010102,178.29,189.70,169.99,187.68,290400
UG.PA,20010108,184.79,193.45,181.18,185.15,311900
UG.PA,20010115,181.97,204.28,181.97,202.11,416500
UG.PA,20010122,202.11,204.28,195.62,199.73,282400
UG.PA,20010129,198.86,201.24,192.01,199.95,309400
UG.PA,20010205,197.27,200.52,193.88,194.82,188400
UG.PA,20010212,195.62,202.11,194.82,201.68,186500
UG.PA,20010219,202.83,229.25,199.37,225.21,508000
UG.PA,20010226,224.13,231.92,211.64,222.32,497900
UG.PA,20010305,224.49,232.43,217.41,226.65,245400
UG.PA,20010312,226.29,228.82,199.87,205.79,280700
UG.PA,20010319,205.94,211.35,191.28,197.85,246300
UG.PA,20010326,199.51,214.38,196.91,207.16,271400
UG.PA,20010402,208.46,213.66,194.17,213.66,288500
UG.PA,20010409,214.24,223.98,209.33,222.83,180700
UG.PA,20010417,218.06,230.91,216.84,226.73,260300
UG.PA,20010423,228.02,235.32,219.80,229.25,356500
UG.PA,20010430,229.54,234.16,224.63,226.58,152600
UG.PA,20010508,227.38,230.62,224.34,226.65,151000
UG.PA,20010514,232.43,244.63,225.35,242.97,531700
UG.PA,20010521,241.31,252.35,232.50,237.84,266900
UG.PA,20010528,234.67,240.37,231.06,236.11,350600
UG.PA,20010605,238.93,244.63,233.29,235.82,512900
UG.PA,20010611,233.87,238.93,226.73,226.80,292500
UG.PA,20010618,228.68,232.07,225.35,228.75,326000
UG.PA,20010625,225.35,231.49,225.21,231.49,277000
UG.PA,20010702,38.87,39.41,38.29,38.44,1819400
UG.PA,20010709,38.98,38.98,37.68,38.15,2105200
UG.PA,20010716,38.40,38.91,37.64,38.11,1214700
UG.PA,20010723,38.08,39.20,37.46,39.09,1536200
UG.PA,20010730,39.09,39.16,38.29,38.73,1299100
UG.PA,20010806,38.73,39.01,37.72,38.29,925300
UG.PA,20010813,38.51,39.77,37.64,38.26,1236400
UG.PA,20010820,38.26,38.87,36.85,38.33,1963500
UG.PA,20010827,38.08,39.01,37.46,37.82,2046100
UG.PA,20010903,37.90,38.04,36.63,37.10,1724500
UG.PA,20010910,37.07,37.50,31.14,31.26,2397900
UG.PA,20010917,30.55,32.77,25.55,27.79,3291100
UG.PA,20010924,27.79,30.24,27.08,28.23,2197500
UG.PA,20011001,29.93,31.69,28.96,29.80,1711900
UG.PA,20011008,29.67,33.27,28.87,32.57,1971200
UG.PA,20011015,32.66,33.85,31.65,32.88,1781000
UG.PA,20011022,33.15,34.46,32.34,32.80,1750200
UG.PA,20011029,33.20,33.75,31.87,32.38,1180400
UG.PA,20011105,32.14,34.79,32.14,34.43,1172400
UG.PA,20011112,34.43,36.60,33.80,36.03,1484900
UG.PA,20011119,36.09,36.89,35.21,35.80,1090400
UG.PA,20011126,36.24,36.49,33.80,34.13,1618300
UG.PA,20011203,33.59,34.65,32.76,34.11,1586800
UG.PA,20011210,33.78,34.09,31.80,31.99,1240900
UG.PA,20011217,32.43,34.21,31.76,33.93,1185000
UG.PA,20011224,33.96,34.94,33.37,34.47,348400
UG.PA,20011231,34.47,34.76,33.88,33.90,755900
UG.PA,20020107,33.93,34.21,31.98,32.77,1610700
UG.PA,20020114,32.48,32.92,31.58,31.72,1724000
UG.PA,20020121,31.34,32.70,31.34,32.48,1806300
UG.PA,20020128,32.34,33.77,32.13,33.31,1619700
UG.PA,20020204,33.64,33.64,31.40,32.63,1587400
UG.PA,20020211,32.55,35.15,32.48,34.29,2162800
UG.PA,20020218,34.29,35.11,33.28,34.72,1630500
UG.PA,20020225,34.68,36.74,34.68,36.52,1666100
UG.PA,20020304,36.81,37.93,36.70,37.57,1628000
UG.PA,20020311,37.57,39.56,37.53,39.20,1753900
UG.PA,20020318,39.23,40.53,39.23,40.42,1577900
UG.PA,20020325,40.78,41.22,39.88,40.42,962400
UG.PA,20020401,40.42,41.97,38.76,39.16,2060600
UG.PA,20020408,38.65,39.63,37.82,39.05,1305400
UG.PA,20020415,39.27,40.75,39.16,40.17,1060400
UG.PA,20020422,39.99,40.42,38.33,38.62,1345200
UG.PA,20020429,38.62,41.94,37.97,41.79,2210900
UG.PA,20020506,41.65,42.91,41.07,42.19,1419900
UG.PA,20020513,42.12,43.89,42.01,43.09,1991200
UG.PA,20020520,43.49,43.49,41.83,43.17,1642200
UG.PA,20020527,42.73,43.53,40.78,40.78,1681600
UG.PA,20020603,40.67,41.76,39.16,39.66,1315400
UG.PA,20020610,40.03,41.07,37.61,37.97,1358600
UG.PA,20020617,38.26,39.34,36.96,38.22,1396400
UG.PA,20020624,38.26,38.87,36.34,37.93,2112500
UG.PA,20020701,37.43,37.90,34.01,36.08,1442500
UG.PA,20020708,35.48,36.09,32.47,32.95,1534800
UG.PA,20020715,33.41,33.51,30.53,31.95,1975500
UG.PA,20020722,32.23,34.10,29.00,33.12,2138000
UG.PA,20020729,33.87,36.06,33.29,34.86,1803100
UG.PA,20020805,35.39,35.39,31.26,31.78,2015800
UG.PA,20020812,31.66,33.58,31.49,32.59,1066400
UG.PA,20020819,32.59,35.25,32.57,34.50,1048800
UG.PA,20020826,34.30,35.17,32.84,32.93,1759800
UG.PA,20020902,32.84,33.35,29.67,30.51,1318900
UG.PA,20020909,30.55,32.72,29.45,29.99,972100
UG.PA,20020916,29.75,30.58,28.04,28.34,1363000
UG.PA,20020923,28.15,29.02,25.64,27.75,1758800
UG.PA,20020930,27.12,28.59,26.35,26.88,1524800
UG.PA,20021007,26.27,28.79,23.24,28.65,1935300
UG.PA,20021014,28.44,31.76,27.52,30.76,1460800
UG.PA,20021021,30.80,32.37,29.53,30.61,1596000
UG.PA,20021028,31.58,31.98,29.30,30.48,1547500
UG.PA,20021104,30.86,31.72,29.27,29.88,1684000
UG.PA,20021111,29.49,32.12,29.31,31.48,1206700
UG.PA,20021118,31.44,33.78,31.13,33.45,980000
UG.PA,20021125,33.93,33.93,31.62,32.73,2345700
UG.PA,20021202,32.92,33.28,30.44,31.11,1158700
UG.PA,20021209,31.75,31.75,29.34,29.57,1278900
UG.PA,20021216,29.23,30.02,27.57,28.12,1555800
UG.PA,20021223,28.04,28.37,27.11,27.43,506500
UG.PA,20021230,27.75,29.70,27.21,29.02,732700
UG.PA,20030106,29.02,29.59,28.25,29.18,1557900
UG.PA,20030113,29.59,29.78,27.95,28.11,1031300
UG.PA,20030120,27.84,28.83,26.73,27.11,1195600
UG.PA,20030127,26.71,28.17,26.13,28.09,1667400
UG.PA,20030203,28.51,29.02,26.92,27.10,1257400
UG.PA,20030210,26.95,28.08,26.29,27.91,1352700
UG.PA,20030217,28.30,29.79,27.90,29.74,1297400
UG.PA,20030224,29.81,29.94,27.98,29.59,2266600
UG.PA,20030303,29.74,29.81,25.85,25.94,1685600
UG.PA,20030310,25.81,26.67,24.20,26.35,1653600
UG.PA,20030317,25.27,29.08,25.27,28.88,1330100
UG.PA,20030324,28.73,28.73,25.91,26.69,1323600
UG.PA,20030331,26.13,28.19,24.77,27.50,1708900
UG.PA,20030407,28.32,29.22,26.39,26.99,2435700
UG.PA,20030414,27.07,29.07,26.82,28.74,1054700
UG.PA,20030421,28.74,30.26,28.32,28.69,1116200
UG.PA,20030428,28.62,30.50,28.58,30.46,1118000
UG.PA,20030505,30.68,31.47,29.46,30.14,1242200
UG.PA,20030512,30.66,30.66,28.84,29.20,1577000
UG.PA,20030519,28.87,29.10,27.15,27.60,2026800
UG.PA,20030526,27.57,28.15,26.27,28.04,2759700
UG.PA,20030602,28.14,28.84,26.90,28.14,2896600
UG.PA,20030609,28.11,29.41,27.52,29.08,1983400
UG.PA,20030616,28.84,30.61,28.58,29.49,1770300
UG.PA,20030623,29.38,30.21,28.58,29.85,2339900
UG.PA,20030630,29.70,30.75,28.99,29.80,1899300
UG.PA,20030707,30.03,31.16,29.83,31.16,1899900
UG.PA,20030714,31.18,31.65,30.06,30.27,1420000
UG.PA,20030721,30.50,30.61,27.34,28.40,3274500
UG.PA,20030728,28.24,28.64,27.32,28.06,2669600
UG.PA,20030804,28.14,28.50,27.57,27.78,1211000
UG.PA,20030811,27.99,28.88,27.52,28.79,1239300
UG.PA,20030818,29.00,30.61,28.20,30.17,2131700
UG.PA,20030825,29.91,30.63,29.28,30.01,1805500
UG.PA,20030901,30.23,30.74,28.71,29.12,2331300
UG.PA,20030908,29.12,29.23,27.73,27.80,1983600
UG.PA,20030915,28.09,29.44,27.96,28.27,1735700
UG.PA,20030922,28.11,28.11,26.07,26.71,3086700
UG.PA,20030929,26.84,27.25,25.63,26.43,3162700
UG.PA,20031006,26.56,27.38,26.10,26.71,2101800
UG.PA,20031013,26.87,27.17,26.32,26.78,2101600
UG.PA,20031020,26.42,27.53,26.06,26.17,2148200
UG.PA,20031027,26.43,26.98,26.17,26.64,1699600
UG.PA,20031103,26.71,27.00,26.14,26.81,1714200
UG.PA,20031110,26.74,28.17,26.42,27.94,2159900
UG.PA,20031117,27.65,27.77,26.56,27.03,1913500
UG.PA,20031124,27.10,28.84,26.92,28.32,2792400
UG.PA,20031201,28.19,28.87,28.19,28.42,1341000
UG.PA,20031208,28.44,29.49,28.22,29.37,1873700
UG.PA,20031215,29.65,30.17,28.28,28.94,1711400
UG.PA,20031222,28.76,29.02,28.42,28.84,437600
UG.PA,20031229,28.80,29.50,28.56,29.50,535500
UG.PA,20040105,29.38,29.70,29.02,29.41,1710000
UG.PA,20040112,29.48,30.06,28.37,29.03,2384300
UG.PA,20040119,29.19,29.26,27.61,27.91,2422800
UG.PA,20040126,27.96,28.26,27.11,27.22,2066600
UG.PA,20040202,27.42,27.73,26.66,27.14,1958000
UG.PA,20040209,27.18,29.41,27.14,28.70,2821900
UG.PA,20040216,28.91,29.52,28.58,29.19,1294700
UG.PA,20040223,29.56,29.67,28.61,28.91,1739400
UG.PA,20040301,29.18,30.94,29.02,30.37,2059500
UG.PA,20040308,30.41,31.04,29.05,29.61,2029100
UG.PA,20040315,29.70,30.32,28.88,29.44,1359900
UG.PA,20040322,29.24,29.78,28.15,29.66,1911000
UG.PA,20040329,29.64,31.04,29.41,30.97,1611600
UG.PA,20040405,30.94,31.28,30.46,30.73,1182200
UG.PA,20040412,30.73,31.62,30.39,31.54,1647300
UG.PA,20040419,31.65,33.62,31.55,33.56,3989200
UG.PA,20040426,33.54,33.62,31.77,32.35,2680900
UG.PA,20040503,32.63,32.84,31.58,31.75,1281400
UG.PA,20040510,31.36,32.43,31.07,32.23,2232900
UG.PA,20040517,31.90,33.28,31.47,32.31,1310700
UG.PA,20040524,32.69,33.75,32.05,33.37,3843300
UG.PA,20040531,33.38,33.93,32.46,32.93,1921700
UG.PA,20040607,32.95,33.85,32.95,33.42,1521700
UG.PA,20040614,33.25,33.34,32.30,33.01,1671700
UG.PA,20040621,33.20,33.33,32.38,32.89,2735500
UG.PA,20040628,32.99,33.28,32.27,32.38,1566200
UG.PA,20040705,32.32,32.45,31.79,32.31,1275400
UG.PA,20040712,32.34,32.89,32.09,32.11,1037700
UG.PA,20040719,32.16,32.50,31.77,31.78,1042300
UG.PA,20040726,31.88,34.76,31.31,34.61,2475100
UG.PA,20040802,34.32,35.61,34.29,34.63,1931200
UG.PA,20040809,34.58,34.70,33.74,34.53,1393200
UG.PA,20040816,34.40,34.99,33.87,34.40,1296700
UG.PA,20040823,34.47,35.73,33.99,35.73,922200
UG.PA,20040830,35.64,36.02,35.07,35.54,1264100
UG.PA,20040906,35.61,37.75,35.55,37.03,1481300
UG.PA,20040913,37.21,37.90,36.63,37.53,1253400
UG.PA,20040920,37.57,38.04,35.68,35.99,2011000
UG.PA,20040927,36.00,36.81,35.51,36.81,1402200
UG.PA,20041004,37.07,37.61,36.02,36.38,1440600
UG.PA,20041011,36.34,36.34,33.85,34.02,2668700
UG.PA,20041018,34.03,34.97,33.79,34.62,1145700
UG.PA,20041025,34.24,35.14,33.67,34.77,1456700
UG.PA,20041101,34.71,35.20,34.14,34.90,1191900
UG.PA,20041108,34.90,35.86,34.84,35.69,1121500
UG.PA,20041115,35.87,35.90,33.84,33.90,1697000
UG.PA,20041122,33.71,34.18,33.23,33.44,849700
UG.PA,20041129,33.46,34.00,32.96,33.13,1652600
UG.PA,20041206,33.20,33.20,32.20,32.47,1519400
UG.PA,20041213,32.70,33.17,32.53,32.79,1458500
UG.PA,20041220,32.83,33.95,32.74,33.89,801500
UG.PA,20041227,33.67,33.93,33.58,33.71,446100
UG.PA,20050103,33.93,35.64,33.93,34.89,1417700
UG.PA,20050110,35.11,35.11,34.11,34.51,1072000
UG.PA,20050117,34.77,34.79,33.74,33.76,1150300
UG.PA,20050124,33.54,34.43,33.24,34.24,1768900
UG.PA,20050131,34.63,35.35,34.25,35.20,1202300
UG.PA,20050207,35.37,36.38,35.26,36.09,1798500
UG.PA,20050214,36.09,37.10,35.87,36.96,1081100
UG.PA,20050221,37.03,37.03,34.58,36.03,2062000
UG.PA,20050228,36.31,36.31,35.12,35.44,1413400
UG.PA,20050307,35.36,36.45,35.30,35.77,1147000
UG.PA,20050314,35.77,36.01,34.91,35.10,930100
UG.PA,20050321,35.18,35.89,34.76,35.76,812200
UG.PA,20050328,35.76,35.84,35.13,35.84,982000
UG.PA,20050404,35.51,36.27,34.95,35.51,1304900
UG.PA,20050411,35.34,35.96,33.49,33.73,2579000
UG.PA,20050418,33.33,34.05,32.91,33.46,1621800
UG.PA,20050425,33.35,33.75,32.63,33.00,1261500
UG.PA,20050502,33.07,34.06,32.85,33.80,1108400
UG.PA,20050509,33.68,34.21,33.02,34.10,1294800
UG.PA,20050516,33.85,34.91,33.64,34.78,1159600
UG.PA,20050523,34.92,34.97,34.29,34.65,1827900
UG.PA,20050530,34.45,35.22,33.93,34.76,1356000
UG.PA,20050606,34.49,34.71,34.02,34.27,1132800
UG.PA,20050613,34.25,34.71,33.86,34.43,1130400
UG.PA,20050620,34.39,35.54,34.21,34.93,1372200
UG.PA,20050627,34.55,35.66,34.43,35.62,1189000
UG.PA,20050704,35.69,35.69,34.14,35.14,1077900
UG.PA,20050711,35.37,36.20,35.30,36.16,1115100
UG.PA,20050718,36.06,37.57,36.03,37.32,1329500
UG.PA,20050725,37.35,38.58,35.73,38.33,1817700
UG.PA,20050801,38.18,39.12,37.82,38.15,1389500
UG.PA,20050808,38.18,38.69,37.68,37.75,1162500
UG.PA,20050815,37.86,37.90,36.92,37.39,900900
UG.PA,20050822,37.50,38.04,36.49,36.60,765000
UG.PA,20050829,36.20,36.92,35.87,36.13,1014400
UG.PA,20050905,36.16,37.57,36.09,37.46,1310700
UG.PA,20050912,37.53,37.82,36.74,37.64,1048600
UG.PA,20050919,37.50,38.91,36.96,38.62,1274100
UG.PA,20050926,39.30,41.58,39.05,40.78,2264900
UG.PA,20051003,40.75,41.83,40.46,40.53,1627900
UG.PA,20051010,40.64,41.18,39.74,40.39,1355300
UG.PA,20051017,40.24,40.71,37.72,38.04,1489300
UG.PA,20051024,37.97,38.80,35.08,35.79,2340200
UG.PA,20051031,35.98,36.78,35.41,35.67,1874600
UG.PA,20051107,35.73,37.17,35.59,37.14,1758100
UG.PA,20051114,37.25,37.57,35.48,37.21,1506500
UG.PA,20051121,37.53,37.53,36.13,36.38,1117500
UG.PA,20051128,36.45,38.18,36.31,37.61,1444400
UG.PA,20051205,37.53,37.79,36.31,36.92,1051200
UG.PA,20051212,36.92,37.10,35.96,36.08,2021500
UG.PA,20051219,35.95,36.16,34.52,35.37,1681900
UG.PA,20051226,35.37,35.92,35.01,35.15,602700
UG.PA,20060102,35.33,37.28,35.30,35.75,1816500
UG.PA,20060109,35.74,37.03,35.02,35.61,2679200
UG.PA,20060116,35.54,35.54,34.11,34.14,2163400
UG.PA,20060123,33.77,35.87,33.64,35.44,2009300
UG.PA,20060130,35.25,36.08,34.46,35.01,1941900
UG.PA,20060206,35.26,35.55,33.78,35.30,2704600
UG.PA,20060213,35.30,36.34,34.90,35.33,2116700
UG.PA,20060220,35.38,35.86,35.05,35.36,1372700
UG.PA,20060227,35.17,35.80,34.32,34.43,1581300
UG.PA,20060306,34.50,34.82,33.74,34.63,1460500
UG.PA,20060313,34.76,37.17,34.38,36.96,2610100
UG.PA,20060320,36.92,37.82,36.42,37.57,1504800
UG.PA,20060327,37.61,37.86,36.52,37.53,1104900
UG.PA,20060403,37.61,38.40,36.92,37.17,1337200
UG.PA,20060410,37.17,37.50,35.73,36.13,1017000
UG.PA,20060417,36.13,36.81,35.84,36.38,1028200
UG.PA,20060424,36.24,38.04,35.98,37.61,1931100
UG.PA,20060502,37.43,37.82,37.17,37.53,1006800
UG.PA,20060508,37.68,39.20,37.28,37.28,1629100
UG.PA,20060515,37.21,37.79,35.70,36.13,1889300
UG.PA,20060522,35.96,36.96,34.88,36.78,1976300
UG.PA,20060529,36.74,37.07,34.86,35.54,1707000
UG.PA,20060605,35.54,35.69,34.29,34.88,1776800
UG.PA,20060612,34.72,35.81,34.29,35.01,1591300
UG.PA,20060619,35.15,35.93,34.36,34.71,1708400
UG.PA,20060626,34.94,35.48,33.60,35.12,1883400
UG.PA,20060703,35.25,35.64,34.79,34.98,1354900
UG.PA,20060710,34.80,35.58,34.07,34.07,1507100
UG.PA,20060717,34.21,34.58,32.35,32.66,2196400
UG.PA,20060724,32.49,33.51,28.92,29.86,5072100
UG.PA,20060731,29.98,30.07,28.35,28.69,2510900
UG.PA,20060807,28.50,29.48,28.09,28.93,2013100
UG.PA,20060814,29.25,31.44,29.06,31.17,2157100
UG.PA,20060821,31.20,31.36,30.39,30.69,1266300
UG.PA,20060828,30.68,32.03,30.53,31.83,1686200
UG.PA,20060904,31.85,32.09,30.31,31.26,2470900
UG.PA,20060911,31.00,31.69,30.62,31.00,2019000
UG.PA,20060918,31.20,31.28,30.13,30.67,1494500
UG.PA,20060925,30.67,33.28,30.67,32.10,2658500
UG.PA,20061002,32.36,32.37,30.89,31.16,1803500
UG.PA,20061009,30.68,31.16,29.81,30.50,2520500
UG.PA,20061016,30.55,31.28,30.05,30.92,2481200
UG.PA,20061023,30.80,32.82,30.42,32.48,4477800
UG.PA,20061030,32.06,33.23,31.79,32.86,2443400
UG.PA,20061106,33.08,34.34,32.94,33.67,2315200
UG.PA,20061113,33.75,36.42,33.45,35.28,2991600
UG.PA,20061120,35.04,35.93,33.88,34.65,2118800
UG.PA,20061127,34.48,35.15,33.20,33.56,2477000
UG.PA,20061204,33.44,34.15,33.05,33.45,2010500
UG.PA,20061211,33.78,35.69,33.56,35.30,1972700
UG.PA,20061218,35.23,35.80,34.65,34.80,1337900
UG.PA,20061225,34.80,36.52,34.80,36.24,729300
UG.PA,20070101,36.24,39.38,36.24,38.87,2592200
UG.PA,20070108,38.87,39.63,38.33,39.05,2356000
UG.PA,20070115,39.12,39.34,37.90,38.11,2106800
UG.PA,20070122,38.15,38.94,37.03,37.39,2199000
UG.PA,20070129,37.97,37.97,36.27,36.96,2453500
UG.PA,20070205,36.92,39.59,35.93,36.74,4772600
UG.PA,20070212,36.74,37.64,36.24,37.39,2088800
UG.PA,20070219,37.68,38.54,37.57,38.18,1502300
UG.PA,20070226,38.22,38.70,34.87,35.27,2936700
UG.PA,20070305,34.65,36.96,34.22,36.89,2302800
UG.PA,20070312,36.85,37.25,34.94,35.37,2690800
UG.PA,20070319,35.86,38.00,35.33,37.68,1935200
UG.PA,20070326,37.63,38.26,36.52,38.08,1823900
UG.PA,20070402,38.03,38.83,37.85,38.17,1359100
UG.PA,20070409,38.17,41.00,38.00,40.39,1967500
UG.PA,20070416,40.42,42.95,40.42,41.45,3232100
UG.PA,20070423,41.87,43.27,41.29,42.62,2062200
UG.PA,20070430,42.40,43.67,42.23,43.63,1226400
UG.PA,20070507,43.63,43.68,41.07,42.15,1958300
UG.PA,20070514,42.46,43.58,42.08,43.48,1701300
UG.PA,20070521,43.39,45.03,41.19,42.35,3138900
UG.PA,20070528,42.58,43.61,41.18,43.51,1643800
UG.PA,20070604,43.67,44.20,40.60,41.18,2366200
UG.PA,20070611,41.63,43.66,40.64,43.52,2135200
UG.PA,20070618,43.87,44.34,42.59,42.85,1709500
UG.PA,20070625,42.67,43.22,41.79,43.15,1353000
UG.PA,20070702,43.19,47.10,42.74,46.94,2360500
UG.PA,20070709,46.83,47.57,44.43,46.12,2120800
UG.PA,20070716,46.20,46.82,44.53,46.17,1929100
UG.PA,20070723,46.08,48.62,42.30,43.13,3708100
UG.PA,20070730,43.34,45.66,42.66,44.79,2233100
UG.PA,20070806,44.39,45.61,41.25,41.65,2672700
UG.PA,20070813,42.48,43.24,40.44,42.08,2524900
UG.PA,20070820,42.46,44.73,42.16,44.11,2217500
UG.PA,20070827,44.22,45.29,42.49,45.11,2000200
UG.PA,20070903,45.44,45.48,39.84,40.17,3491900
UG.PA,20070910,40.13,41.38,39.34,39.99,2471400
UG.PA,20070917,40.06,41.74,39.28,40.98,2323300
UG.PA,20070924,41.07,42.59,40.60,41.78,1755100
UG.PA,20071001,41.53,43.45,41.53,43.27,2234400
UG.PA,20071008,43.67,44.65,43.04,43.36,1953700
UG.PA,20071015,42.95,42.95,40.58,40.88,2783100
UG.PA,20071022,41.18,44.46,39.56,44.36,3113300
UG.PA,20071029,44.61,46.38,43.86,45.13,2614800
UG.PA,20071105,45.03,45.03,40.92,41.19,2108300
UG.PA,20071112,40.96,42.19,39.37,39.58,1935100
UG.PA,20071119,39.35,40.18,36.27,37.80,2432700
UG.PA,20071126,38.37,39.20,35.59,38.33,2838200
UG.PA,20071203,38.34,38.91,35.76,38.78,2772900
UG.PA,20071210,39.34,41.76,38.99,39.60,3605100
UG.PA,20071217,38.99,39.11,36.81,37.79,2907800
UG.PA,20071224,38.30,38.91,37.25,37.80,366500
UG.PA,20071231,37.53,38.39,33.17,33.57,1995400
UG.PA,20080107,33.64,35.56,32.85,35.37,3983500
UG.PA,20080114,35.21,36.20,32.55,34.32,4421300
UG.PA,20080121,33.95,36.56,32.73,35.51,6398500
UG.PA,20080128,35.01,37.39,34.45,36.71,4131100
UG.PA,20080204,37.22,38.26,33.18,33.43,3591900
UG.PA,20080211,33.02,36.78,32.32,35.96,3995700
UG.PA,20080218,36.89,38.57,36.03,36.67,2967500
UG.PA,20080225,37.44,38.75,36.22,36.50,3113600
UG.PA,20080303,35.85,38.08,34.54,35.02,3721800
UG.PA,20080310,34.99,35.51,33.06,33.62,3049600
UG.PA,20080317,32.55,34.81,32.28,34.56,2746800
UG.PA,20080324,34.56,36.39,34.56,34.89,1932900
UG.PA,20080331,34.60,35.82,33.71,34.01,2891900
UG.PA,20080407,34.35,34.48,32.55,33.77,2251300
UG.PA,20080414,33.26,34.51,31.54,34.42,2963300
UG.PA,20080421,34.34,34.37,31.47,32.66,3203900
UG.PA,20080428,33.17,33.88,31.50,33.51,2114700
UG.PA,20080505,33.47,33.78,31.83,32.37,2086500
UG.PA,20080512,32.37,33.39,32.14,32.46,2071100
UG.PA,20080519,32.50,32.80,29.32,29.44,3264500
UG.PA,20080526,29.38,30.53,28.61,28.87,2988100
UG.PA,20080602,29.01,29.31,27.46,27.49,3004100
UG.PA,20080609,27.53,28.05,25.55,26.97,3257000
UG.PA,20080616,26.79,27.16,24.58,24.98,3014300
UG.PA,20080623,24.51,25.62,23.53,24.11,3371700
UG.PA,20080630,24.00,25.05,23.08,23.21,2907700
UG.PA,20080707,23.29,23.72,21.51,21.51,3583300
UG.PA,20080714,22.09,23.58,20.56,22.64,3987700
UG.PA,20080721,22.82,25.84,22.03,24.17,4509500
UG.PA,20080728,24.17,24.17,22.20,22.36,2717200
UG.PA,20080804,22.37,24.78,22.16,24.54,2596800
UG.PA,20080811,24.54,25.97,23.62,25.05,2988800
UG.PA,20080818,24.81,25.26,23.14,24.40,1851900
UG.PA,20080825,24.43,24.83,23.15,23.47,1793300
UG.PA,20080901,23.15,25.39,23.00,23.13,2688500
UG.PA,20080908,24.04,24.53,22.67,23.23,2700300
UG.PA,20080915,22.74,22.99,20.21,22.81,4509500
UG.PA,20080922,22.40,22.79,19.82,19.99,3306100
UG.PA,20080929,19.92,19.99,17.52,17.85,3102500
UG.PA,20081006,17.20,17.74,13.10,13.68,6098200
UG.PA,20081013,14.76,17.11,13.66,14.22,5028500
UG.PA,20081020,14.75,15.16,10.91,12.72,4488300
UG.PA,20081027,11.97,15.04,11.30,15.01,4156700
UG.PA,20081103,15.24,16.60,12.71,12.99,3310800
UG.PA,20081110,13.45,13.77,11.08,11.13,2928900
UG.PA,20081117,11.15,11.51,8.68,8.81,4132100
UG.PA,20081124,9.11,11.39,8.88,10.26,4191300
UG.PA,20081201,10.46,11.00,9.25,9.31,5006700
UG.PA,20081208,9.94,10.18,8.89,9.15,5196700
UG.PA,20081215,9.46,9.49,8.63,8.70,3605500
UG.PA,20081222,8.64,8.67,8.16,8.23,935800
UG.PA,20081229,8.32,9.16,8.19,9.01,1597200
UG.PA,20090105,9.13,10.22,8.72,9.97,4359500
UG.PA,20090112,10.21,10.81,9.75,9.78,5415500
UG.PA,20090119,9.90,10.39,8.25,8.50,5832100
UG.PA,20090126,8.42,9.85,8.32,9.60,3998500
UG.PA,20090202,9.54,10.72,8.87,10.55,4691800
UG.PA,20090209,10.55,11.22,9.38,10.38,5942200
UG.PA,20090216,10.29,10.91,9.83,9.93,4000200
UG.PA,20090223,10.00,10.21,9.06,9.86,3617600
UG.PA,20090302,9.61,10.25,9.09,9.18,3212100
UG.PA,20090309,9.31,11.40,8.84,10.66,3602300
UG.PA,20090316,10.90,11.91,10.43,11.78,4396600
UG.PA,20090323,11.79,11.96,10.52,11.08,3538500
UG.PA,20090330,10.73,13.19,9.96,13.14,4996700
UG.PA,20090406,13.55,13.64,11.59,13.35,2976000
UG.PA,20090413,13.35,14.01,12.74,13.96,2552000
UG.PA,20090420,13.90,13.90,11.96,12.81,5219700
UG.PA,20090427,12.51,13.11,11.73,12.74,2304200
UG.PA,20090504,12.99,13.38,12.52,12.67,3026600
UG.PA,20090511,12.70,12.72,11.32,12.41,3321500
UG.PA,20090518,12.27,14.38,11.98,14.21,3146200
UG.PA,20090525,14.44,15.84,13.76,15.39,2896300
UG.PA,20090601,15.99,17.87,15.17,16.24,4315000
UG.PA,20090608,16.15,16.52,15.53,16.33,2227400
UG.PA,20090615,16.30,16.32,14.26,14.60,2726900
UG.PA,20090622,14.71,14.71,13.05,13.25,4270100
UG.PA,20090629,13.12,13.89,12.72,12.87,2790000
UG.PA,20090706,12.75,12.95,11.69,11.98,2729200
UG.PA,20090713,11.91,13.21,11.78,13.15,2601500
UG.PA,20090720,13.27,13.88,13.02,13.64,2529800
UG.PA,20090727,13.77,15.50,13.00,15.36,4490500
UG.PA,20090803,15.36,16.42,14.85,15.34,3251500
UG.PA,20090810,15.27,15.74,14.55,14.82,2770500
UG.PA,20090817,14.65,14.82,14.11,14.70,2629400
UG.PA,20090824,14.88,15.40,14.57,14.93,2890500
UG.PA,20090831,14.87,14.87,13.39,14.45,3541500
UG.PA,20090907,14.60,15.66,14.14,15.43,3371500
UG.PA,20090914,14.73,16.30,14.45,15.10,4894400
UG.PA,20090921,15.19,15.38,14.59,15.17,2589400
UG.PA,20090928,15.11,15.43,14.18,14.19,3309900
UG.PA,20091005,14.28,15.95,13.94,15.70,3328800
UG.PA,20091012,15.88,17.43,15.78,16.97,3339800
UG.PA,20091019,17.09,17.68,16.17,17.25,4756900
UG.PA,20091026,17.34,17.68,15.32,16.06,3861300
UG.PA,20091102,16.10,17.17,16.02,16.86,2961200
UG.PA,20091109,17.14,18.40,16.97,17.58,4187500
UG.PA,20091116,17.72,18.53,17.42,17.54,2630100
UG.PA,20091123,17.71,18.07,16.27,17.01,4355200
UG.PA,20091130,17.19,18.51,16.59,17.45,3387900
UG.PA,20091207,17.32,17.58,16.64,17.14,2446400
UG.PA,20091214,17.34,17.46,16.49,16.52,3337200
UG.PA,20091221,16.67,17.06,16.36,16.94,2391300
UG.PA,20091228,17.13,17.25,16.98,17.08,831400
UG.PA,20100104,17.14,19.47,17.12,19.13,4066300
UG.PA,20100111,19.47,19.84,18.41,18.55,2659200
UG.PA,20100118,18.73,18.93,17.76,18.01,2743200
UG.PA,20100125,17.85,18.21,16.60,17.06,3289600
UG.PA,20100201,16.75,17.56,15.88,16.12,3462900
UG.PA,20100208,16.22,16.37,13.84,14.13,5848900
UG.PA,20100215,14.29,15.00,13.90,14.92,3675300
UG.PA,20100222,15.04,15.04,13.57,13.99,4106500
UG.PA,20100301,14.15,15.87,13.74,15.78,3948300
UG.PA,20100308,15.81,15.94,15.25,15.78,2951300
UG.PA,20100315,15.77,15.95,15.54,15.65,2185500
UG.PA,20100322,15.59,16.67,15.47,16.30,2937200
UG.PA,20100329,16.43,16.59,15.64,15.85,2011900
UG.PA,20100405,15.85,16.08,15.50,15.81,1816200
UG.PA,20100412,15.90,16.22,15.62,15.67,2710200
UG.PA,20100419,15.63,17.28,15.53,16.96,5172900
UG.PA,20100426,17.12,17.19,15.72,16.20,3215100
UG.PA,20100503,16.22,16.46,13.71,13.89,5090300
UG.PA,20100510,14.75,15.04,13.87,13.96,4562800
UG.PA,20100517,13.93,14.41,13.18,13.58,4805200
UG.PA,20100524,13.72,14.51,12.94,14.11,3374800
UG.PA,20100531,14.01,15.22,13.55,14.63,3560100
UG.PA,20100607,14.30,15.58,14.03,15.46,3246500
UG.PA,20100614,15.53,16.47,15.53,16.39,3435900
UG.PA,20100621,16.61,16.88,15.59,15.65,2890500
UG.PA,20100628,15.74,16.23,14.45,15.05,3407400
UG.PA,20100705,15.19,16.82,14.95,16.70,2837100
UG.PA,20100712,16.70,17.81,16.59,17.16,3040800
UG.PA,20100719,17.01,17.67,16.14,17.47,2911600
UG.PA,20100726,17.54,18.26,16.23,16.44,4697100
UG.PA,20100802,16.55,17.15,16.14,16.24,3361300
UG.PA,20100809,16.31,16.53,15.23,15.42,2739500
UG.PA,20100816,15.47,16.39,15.28,15.43,2270000
UG.PA,20100823,15.40,15.54,14.58,15.04,1975800
UG.PA,20100830,15.16,16.01,14.66,15.76,2080800
UG.PA,20100906,15.85,16.92,15.29,16.65,2321500
UG.PA,20100913,16.82,17.62,16.62,17.45,3467100
UG.PA,20100920,17.45,18.13,17.24,18.13,2401000
UG.PA,20100927,18.15,18.53,17.45,17.92,2995100
UG.PA,20101004,17.92,18.30,17.11,18.24,2472000
UG.PA,20101011,18.24,20.63,17.66,20.12,4435700
UG.PA,20101018,19.98,21.46,19.32,21.37,4290500
UG.PA,20101025,21.39,21.62,20.53,20.64,2563700
UG.PA,20101101,20.79,21.01,20.25,20.84,2321400
UG.PA,20101108,20.85,21.97,20.46,21.11,2115400
UG.PA,20101115,20.88,22.45,20.37,22.43,2326800
UG.PA,20101122,22.59,23.21,21.77,21.97,2462800
UG.PA,20101129,22.11,22.58,20.73,22.31,2392000
UG.PA,20101206,22.29,23.26,21.76,21.98,2279700
UG.PA,20101213,22.09,22.59,21.47,21.49,2020700
UG.PA,20101220,21.65,22.30,21.26,21.26,856400
UG.PA,20101227,21.23,21.40,20.47,20.51,819100
UG.PA,20110103,20.77,23.13,20.74,22.74,1993700
UG.PA,20110110,22.62,23.63,22.16,23.33,2250200
UG.PA,20110117,23.41,24.25,22.36,22.59,2379800
UG.PA,20110124,22.72,23.38,21.93,22.35,2267500
UG.PA,20110131,22.36,22.54,20.56,21.01,2974700
UG.PA,20110207,21.15,22.63,20.86,21.76,4427700
UG.PA,20110214,21.89,21.99,21.17,21.39,2232200
UG.PA,20110221,21.37,21.63,19.89,20.83,2596300
UG.PA,20110228,21.03,21.57,20.06,20.35,2996600
UG.PA,20110307,20.39,21.31,20.01,20.10,2507100
UG.PA,20110314,19.87,20.10,18.64,19.68,3295800
UG.PA,20110321,19.99,20.28,18.95,19.93,2535300
UG.PA,20110328,19.85,20.77,19.53,20.70,1753500
UG.PA,20110404,20.66,21.01,20.35,20.72,1637600
UG.PA,20110411,20.59,20.63,19.56,19.64,1656800
UG.PA,20110418,19.69,21.15,19.03,21.07,2676400
UG.PA,20110426,21.09,22.30,21.01,22.13,2407900
UG.PA,20110502,22.30,22.48,21.15,22.18,1926800
UG.PA,20110509,22.18,22.91,21.88,22.10,1918200
UG.PA,20110516,21.92,22.08,21.17,21.32,2277900
UG.PA,20110523,21.10,21.24,20.43,21.11,2242600
UG.PA,20110530,21.14,21.49,19.83,20.36,1969400
UG.PA,20110606,20.36,20.57,19.71,19.82,2237800
UG.PA,20110613,20.14,21.01,19.96,20.93,2497600
UG.PA,20110620,20.39,22.18,20.39,21.56,2309800
UG.PA,20110627,21.54,22.48,21.36,22.19,1781000
UG.PA,20110704,22.19,23.32,22.17,22.56,1923200
UG.PA,20110711,22.21,22.29,20.73,21.60,2302000
UG.PA,20110718,21.51,21.76,20.57,21.72,2193000
UG.PA,20110725,21.68,22.37,18.79,19.16,3899800
UG.PA,20110801,19.36,19.42,15.01,16.18,5406100
UG.PA,20110808,15.83,16.50,13.72,15.48,5529000
UG.PA,20110815,15.70,15.81,12.94,13.20,3743200
UG.PA,20110822,12.97,14.50,12.95,13.97,4042600
UG.PA,20110829,14.32,15.62,14.23,14.33,3134200
UG.PA,20110905,14.04,14.14,12.24,12.27,4439300
UG.PA,20110912,11.91,13.58,11.52,13.17,3930000
UG.PA,20110919,12.94,13.33,10.92,11.62,3017500
UG.PA,20110926,11.41,12.29,11.14,11.67,3661600
UG.PA,20111003,11.28,12.81,10.47,12.59,3795700
UG.PA,20111010,12.70,13.43,12.37,12.98,3205800
UG.PA,20111017,13.17,13.49,11.55,12.23,3731200
UG.PA,20111024,12.29,12.78,11.62,12.00,5964400
UG.PA,20111031,11.89,11.95,10.32,10.60,3871200
UG.PA,20111107,10.53,10.90,9.78,10.17,3704200
UG.PA,20111114,10.30,10.30,9.09,9.17,2801200
UG.PA,20111121,9.15,9.17,8.37,8.81,3900900
UG.PA,20111128,8.99,10.49,8.94,10.25,3837800
UG.PA,20111205,10.41,10.55,8.93,9.29,3961500
UG.PA,20111212,9.21,9.29,8.37,8.52,3242700
UG.PA,20111219,8.49,9.33,8.42,8.97,2187900
UG.PA,20111226,8.97,9.07,8.50,8.74,769500
UG.PA,20120102,8.74,9.58,8.65,9.24,2345400
UG.PA,20120109,9.26,9.99,8.80,9.78,4212400
UG.PA,20120116,9.67,10.80,9.53,10.77,3359400
UG.PA,20120123,10.76,11.24,10.30,10.42,3428200
UG.PA,20120130,10.38,11.77,9.91,11.77,4131400
UG.PA,20120206,11.64,11.76,11.06,11.16,3110200
UG.PA,20120213,11.31,11.44,9.63,10.48,6777800
UG.PA,20120220,10.57,12.55,10.22,11.44,8510800
UG.PA,20120227,11.30,12.11,10.02,10.49,9799400
UG.PA,20120305,10.44,10.55,9.49,9.67,9092900
UG.PA,20120312,9.66,11.16,9.56,10.85,10354600
UG.PA,20120319,10.89,11.46,10.34,10.66,7155400
UG.PA,20120326,10.77,10.83,9.84,9.99,4705900
UG.PA,20120402,10.09,10.09,8.71,8.96,6475200
UG.PA,20120409,8.96,8.96,8.07,8.14,6877800
UG.PA,20120416,8.14,8.41,7.33,7.48,8948200
UG.PA,20120423,7.42,7.84,7.08,7.51,6448400
UG.PA,20120430,7.55,7.75,6.88,6.89,4937400
UG.PA,20120507,6.74,7.33,6.58,7.30,5462600
UG.PA,20120514,7.23,7.25,6.60,6.74,5218100
UG.PA,20120521,6.76,7.30,6.70,6.80,5329200
UG.PA,20120528,6.86,7.17,6.32,6.47,5744500
UG.PA,20120604,6.44,7.11,6.41,6.65,6656200
UG.PA,20120611,6.85,6.90,5.94,6.22,9857800
UG.PA,20120618,6.35,6.85,6.00,6.36,7475300
UG.PA,20120625,6.35,6.44,5.83,6.41,7148300
UG.PA,20120702,6.39,6.67,5.85,5.86,9375200
UG.PA,20120709,5.86,6.18,5.27,5.36,11620600
UG.PA,20120716,5.37,5.56,4.72,5.43,14984900
UG.PA,20120723,5.35,5.57,4.71,4.97,11019000
UG.PA,20120730,5.00,5.29,4.85,4.89,5847400
UG.PA,20120806,4.91,5.66,4.89,5.40,5808100
UG.PA,20120813,5.38,5.85,5.26,5.79,3549400
UG.PA,20120820,5.82,5.83,5.24,5.35,4202300
UG.PA,20120827,5.39,5.43,4.90,4.98,4317200
UG.PA,20120903,4.98,5.32,4.72,5.32,6759200
UG.PA,20120910,5.33,5.91,5.18,5.83,7297100
UG.PA,20120917,5.81,6.02,5.35,5.38,10734500
UG.PA,20120924,5.33,5.44,4.91,5.09,6826200
UG.PA,20121001,5.10,5.24,5.02,5.19,3422000
UG.PA,20121008,5.15,5.16,4.73,4.98,5330600
UG.PA,20121015,4.99,5.18,4.76,5.05,6458900
UG.PA,20121022,5.02,5.08,4.31,4.37,9289500
UG.PA,20121029,4.38,4.38,3.95,3.97,7349000
UG.PA,20121105,3.97,4.12,3.57,3.66,7424900
UG.PA,20121112,3.71,3.83,3.61,3.64,5850900
UG.PA,20121119,3.71,3.96,3.70,3.93,4489700
UG.PA,20121126,3.95,4.03,3.85,3.90,2870800
UG.PA,20121203,3.91,3.94,3.68,3.75,3614200
UG.PA,20121210,3.75,4.53,3.70,4.35,8533700
UG.PA,20121217,4.38,4.90,4.37,4.59,9726000
UG.PA,20121224,4.58,4.64,4.47,4.50,1496900
UG.PA,20121231,4.47,5.14,4.43,5.11,4547500
UG.PA,20130107,5.14,5.65,4.97,5.05,8468900
UG.PA,20130114,5.08,5.53,5.06,5.17,6481200
UG.PA,20130121,5.19,5.20,5.00,5.08,4424200
UG.PA,20130128,5.12,5.36,4.59,4.87,6937500
UG.PA,20130204,4.92,5.10,4.56,4.95,6215800
UG.PA,20130211,4.95,5.38,4.82,5.28,8370500
UG.PA,20130218,5.38,5.41,4.72,4.73,4393200
UG.PA,20130225,4.77,4.89,4.55,4.60,4588300
UG.PA,20130304,4.62,5.54,4.52,5.46,8233300
UG.PA,20130311,5.46,5.58,5.29,5.40,4014800
UG.PA,20130318,5.29,5.68,5.06,5.09,5617700
UG.PA,20130325,5.19,5.19,4.60,4.67,4429800
UG.PA,20130401,4.67,4.90,4.55,4.60,4394800
UG.PA,20130408,4.64,4.91,4.58,4.67,4132200
UG.PA,20130415,4.67,4.73,4.28,4.43,4350000
UG.PA,20130422,4.48,5.22,4.33,5.17,7507700
UG.PA,20130429,5.18,5.18,4.80,4.95,3811800
UG.PA,20130506,4.96,5.13,4.86,5.12,2968700
UG.PA,20130513,5.11,5.99,5.02,5.91,8870500
UG.PA,20130520,5.91,6.35,5.65,5.79,8281700
UG.PA,20130527,5.81,6.22,5.63,5.65,10566600
UG.PA,20130603,5.61,5.78,5.52,5.70,3550800
UG.PA,20130610,5.75,5.76,5.39,5.53,3650200
UG.PA,20130617,5.54,5.62,4.87,4.88,4458700
UG.PA,20130624,4.89,5.42,4.67,5.23,7285200
UG.PA,20130701,5.22,6.00,4.77,5.87,8041000
UG.PA,20130708,5.90,6.60,5.86,6.51,8188300
UG.PA,20130715,6.57,7.17,6.38,7.05,8005800
UG.PA,20130722,7.06,7.24,6.80,6.97,5421600
UG.PA,20130729,7.05,8.22,6.99,7.93,8553900
UG.PA,20130805,7.96,9.02,7.82,8.78,6295400
UG.PA,20130812,8.88,9.24,8.62,9.21,3931100
UG.PA,20130819,9.26,9.54,8.87,9.43,4152000
UG.PA,20130826,9.45,9.76,8.83,8.89,5193400
UG.PA,20130902,9.10,9.72,8.59,9.69,5318700
UG.PA,20130909,9.69,10.82,9.55,10.31,5991500
UG.PA,20130916,10.52,10.57,10.01,10.37,3705300
UG.PA,20130923,10.37,10.54,10.17,10.36,2937200
UG.PA,20130930,10.26,10.47,9.79,10.33,3492400
UG.PA,20131007,10.24,10.48,10.07,10.23,3243400
UG.PA,20131014,9.79,9.79,7.91,8.93,12722000
UG.PA,20131021,8.99,9.32,8.18,8.23,5919400
UG.PA,20131028,8.27,8.31,7.56,8.26,6847000
UG.PA,20131104,8.36,8.72,8.15,8.16,4746400
UG.PA,20131111,8.21,8.61,8.05,8.47,2794400
UG.PA,20131118,8.72,9.13,8.21,8.46,5611300
UG.PA,20131125,8.80,9.80,8.68,9.67,4719100
UG.PA,20131202,9.67,10.09,9.46,9.93,4271600
UG.PA,20131209,10.02,10.16,7.73,7.73,10220200
UG.PA,20131216,7.64,7.92,7.32,7.81,6419200
UG.PA,20131223,7.86,7.90,7.71,7.86,857000
UG.PA,20131230,7.90,8.19,7.77,8.07,1995300
UG.PA,20140106,8.11,8.38,7.88,8.28,3571500
UG.PA,20140113,8.59,9.76,8.52,9.50,6555200
UG.PA,20140120,9.05,9.55,8.32,9.29,7999600
UG.PA,20140127,9.22,9.71,9.11,9.43,3653300
UG.PA,20140203,9.39,9.51,9.01,9.50,2833500
UG.PA,20140210,9.50,10.54,9.40,10.25,5701300
UG.PA,20140217,10.36,11.28,9.83,10.79,7175900
UG.PA,20140224,10.74,11.24,10.41,10.63,3847100
UG.PA,20140303,10.42,11.57,10.27,11.19,4351800
UG.PA,20140310,11.12,11.33,10.22,10.38,2947900
UG.PA,20140317,10.45,11.25,10.32,10.98,3048100
UG.PA,20140324,10.96,11.33,10.42,11.18,3341400
UG.PA,20140331,11.25,11.98,11.15,11.95,2778800
UG.PA,20140407,11.79,12.05,11.24,11.32,3330900
UG.PA,20140414,11.20,11.20,10.38,11.03,3768900
UG.PA,20140421,11.03,11.42,10.42,10.60,2376700
UG.PA,20140428,10.65,10.95,9.75,10.20,13637500
UG.PA,20140505,10.20,10.20,9.07,9.51,11135100
UG.PA,20140512,9.50,9.90,9.20,9.30,7742600
UG.PA,20140519,9.36,10.24,9.22,10.12,4690400
UG.PA,20140526,10.22,10.59,10.16,10.38,3822800
UG.PA,20140602,10.42,10.56,9.87,10.45,4140500
UG.PA,20140609,10.58,10.60,9.91,10.08,2870600
UG.PA,20140616,10.02,11.39,9.90,10.78,6100400
UG.PA,20140623,10.80,11.27,10.60,11.01,3540500
UG.PA,20140630,11.05,11.48,10.59,11.27,3467500
UG.PA,20140707,11.28,11.48,10.51,10.76,3783000
UG.PA,20140714,10.81,11.75,10.81,11.23,4583900
UG.PA,20140721,11.26,11.27,10.72,10.88,3785500
UG.PA,20140728,10.98,11.50,10.44,10.80,6685900
UG.PA,20140804,10.93,11.15,9.58,9.95,5789200
UG.PA,20140811,10.10,10.50,10.03,10.18,2850600
UG.PA,20140818,10.35,10.81,10.26,10.65,2446600
UG.PA,20140825,10.80,11.08,10.52,10.69,2814600
UG.PA,20140901,10.70,11.26,10.40,11.15,3573600
UG.PA,20140908,11.18,11.24,10.81,10.93,2432900
UG.PA,20140915,10.90,10.94,10.40,10.40,3409700
UG.PA,20140922,10.36,10.55,9.88,10.28,4618500
UG.PA,20140929,10.28,10.52,9.90,10.39,4611800
UG.PA,20141006,10.49,10.52,8.92,9.10,6734100
UG.PA,20141013,8.92,9.34,8.21,9.27,8427600
UG.PA,20141020,9.28,9.65,9.07,9.20,6243200
UG.PA,20141027,9.33,9.64,8.78,9.46,6395600
UG.PA,20141103,9.48,9.57,9.03,9.10,4751900
UG.PA,20141110,9.11,9.20,8.73,9.03,3883700
UG.PA,20141117,8.95,9.64,8.89,9.60,4311600
UG.PA,20141124,9.64,10.32,9.57,10.30,3909700
UG.PA,20141201,10.23,10.90,10.01,10.88,4356500
UG.PA,20141208,10.81,10.99,9.90,9.91,3570400
UG.PA,20141215,9.85,10.50,9.35,10.33,4530500
UG.PA,20141222,10.34,10.39,10.14,10.29,949900
UG.PA,20141229,10.30,10.36,10.06,10.20,945000
UG.PA,20150105,10.14,10.47,9.64,10.23,3917000
UG.PA,20150112,10.50,11.43,10.37,11.30,6160800
UG.PA,20150119,11.30,12.64,11.20,12.34,6618400
UG.PA,20150126,12.23,13.20,12.15,12.85,4607400
