VK.PA,20000103,42.60,48.24,40.89,47.30,2335000
VK.PA,20000110,45.75,47.40,45.01,47.00,1959400
VK.PA,20000117,47.26,51.45,46.00,49.05,2571200
VK.PA,20000124,48.00,50.00,45.11,47.91,1241300
VK.PA,20000131,48.00,48.25,42.50,45.97,1519400
VK.PA,20000207,45.10,46.90,40.80,41.00,898700
VK.PA,20000214,40.50,43.30,40.20,40.41,883800
VK.PA,20000221,40.30,43.20,39.80,42.45,535900
VK.PA,20000228,42.35,43.00,40.10,40.40,759700
VK.PA,20000306,40.10,40.90,37.50,39.18,991000
VK.PA,20000313,39.18,39.40,37.10,38.50,402300
VK.PA,20000320,38.00,38.50,34.00,37.00,871900
VK.PA,20000327,38.00,38.00,32.25,32.50,1300100
VK.PA,20000403,33.55,41.00,33.40,41.00,1528200
VK.PA,20000410,41.47,42.80,39.00,39.00,1081100
VK.PA,20000417,34.00,39.00,34.00,39.00,1659600
VK.PA,20000424,39.00,41.00,39.00,40.10,2090400
VK.PA,20000501,40.10,40.10,38.80,40.00,856700
VK.PA,20000508,40.00,42.75,39.50,42.29,2011600
VK.PA,20000515,42.40,44.80,42.00,42.25,2409600
VK.PA,20000522,42.00,42.76,38.30,41.10,420000
VK.PA,20000529,39.70,41.00,38.00,38.99,583700
VK.PA,20000605,38.50,38.99,37.20,37.70,453000
VK.PA,20000612,37.70,41.87,37.65,41.60,2116100
VK.PA,20000619,41.60,43.90,41.60,43.20,1130300
VK.PA,20000626,43.45,47.50,43.10,44.00,2822100
VK.PA,20000703,45.58,45.58,44.17,44.50,292500
VK.PA,20000710,44.60,46.00,43.10,44.52,936200
VK.PA,20000717,44.02,45.30,43.55,44.90,412900
VK.PA,20000724,44.90,45.50,42.60,42.80,1233100
VK.PA,20000731,42.60,48.00,42.35,47.72,1445600
VK.PA,20000807,48.00,48.00,44.50,45.70,1366500
VK.PA,20000814,45.85,47.95,45.60,46.76,2419600
VK.PA,20000821,46.70,50.90,46.50,49.91,2436600
VK.PA,20000828,49.50,49.99,47.00,47.50,988900
VK.PA,20000904,47.00,50.00,46.00,50.00,1195200
VK.PA,20000911,50.00,50.50,48.00,50.50,623200
VK.PA,20000918,50.40,50.40,44.50,45.00,2322300
VK.PA,20000925,46.00,47.78,44.29,47.70,755900
VK.PA,20001002,47.50,52.00,46.50,51.80,1687200
VK.PA,20001009,52.00,53.50,49.20,52.00,2038900
VK.PA,20001016,51.90,54.45,50.15,54.15,1024200
VK.PA,20001023,54.00,55.00,53.00,53.90,681000
VK.PA,20001030,53.80,55.85,52.75,55.00,373000
VK.PA,20001106,54.50,59.80,54.50,58.20,1300100
VK.PA,20001113,57.20,59.50,55.15,59.45,578300
VK.PA,20001120,57.50,59.70,55.60,58.15,1143500
VK.PA,20001127,58.40,59.20,55.00,57.20,1697500
VK.PA,20001204,57.00,57.00,54.00,55.50,794900
VK.PA,20001211,54.00,55.00,47.50,51.45,1738100
VK.PA,20001218,51.60,59.00,51.50,59.00,2003600
VK.PA,20001227,56.05,58.40,56.00,56.90,672200
VK.PA,20010101,56.90,56.90,53.60,54.00,612300
VK.PA,20010108,54.00,55.00,50.45,53.00,887500
VK.PA,20010115,53.00,55.00,51.00,51.50,1109200
VK.PA,20010122,51.40,52.80,49.26,52.80,1831300
VK.PA,20010129,52.80,56.20,50.70,56.00,1014100
VK.PA,20010205,56.10,57.00,54.10,55.50,473900
VK.PA,20010212,55.00,57.25,53.50,56.00,785300
VK.PA,20010219,55.00,59.00,54.00,58.50,1827600
VK.PA,20010226,58.00,58.75,52.00,53.85,2007800
VK.PA,20010305,54.10,66.95,54.00,65.50,5029500
VK.PA,20010312,66.00,66.90,59.50,59.95,1317800
VK.PA,20010319,59.50,62.00,56.00,62.00,703100
VK.PA,20010326,61.80,64.90,58.80,64.90,779200
VK.PA,20010402,63.00,65.05,59.50,63.65,623400
VK.PA,20010409,64.05,64.05,61.50,63.00,470000
VK.PA,20010416,63.00,65.75,62.00,65.10,571500
VK.PA,20010423,65.50,68.00,65.00,67.05,849200
VK.PA,20010430,67.20,69.50,65.10,69.50,832000
VK.PA,20010507,69.50,69.90,68.00,68.50,167700
VK.PA,20010514,68.20,74.00,68.20,72.25,1712300
VK.PA,20010521,72.95,72.95,65.15,67.40,1005500
VK.PA,20010528,67.90,69.40,64.25,67.00,859600
VK.PA,20010604,67.00,69.35,66.10,67.50,570800
VK.PA,20010611,68.00,70.90,64.50,65.00,1939000
VK.PA,20010618,67.00,70.15,64.95,68.05,978900
VK.PA,20010625,68.00,68.70,61.10,65.50,862600
VK.PA,20010702,67.85,67.85,62.20,62.20,2337600
VK.PA,20010709,62.70,65.70,61.25,61.80,2078800
VK.PA,20010716,60.50,60.50,53.90,54.70,2276900
VK.PA,20010723,55.00,58.50,54.90,56.90,626800
VK.PA,20010730,56.90,57.05,53.45,53.80,1369900
VK.PA,20010806,53.90,54.85,49.10,49.88,1436200
VK.PA,20010813,52.80,54.80,51.00,53.50,1945400
VK.PA,20010820,54.50,56.00,52.50,55.00,1349900
VK.PA,20010827,55.80,55.90,53.60,53.75,1384700
VK.PA,20010903,54.00,55.00,53.00,53.65,966900
VK.PA,20010910,53.30,55.80,43.53,44.50,810500
VK.PA,20010917,42.00,49.50,38.15,41.00,2214400
VK.PA,20010924,41.05,49.77,41.05,45.89,1529100
VK.PA,20011001,48.70,48.70,45.00,47.85,639000
VK.PA,20011008,47.00,49.00,46.50,48.90,1000600
VK.PA,20011015,49.00,49.70,45.10,49.10,1091900
VK.PA,20011022,49.80,51.60,49.40,50.50,505700
VK.PA,20011029,51.95,54.50,48.78,52.00,621800
VK.PA,20011105,51.00,52.75,49.10,49.69,674100
VK.PA,20011112,51.00,53.20,48.95,48.95,2509000
VK.PA,20011119,49.40,52.40,48.70,51.20,1237400
VK.PA,20011126,52.50,52.50,50.25,50.85,657800
VK.PA,20011203,51.00,53.00,50.55,52.70,592900
VK.PA,20011210,52.85,55.85,52.30,52.50,902100
VK.PA,20011217,52.60,54.75,51.55,52.50,449500
VK.PA,20011224,53.50,55.40,52.35,53.25,189900
VK.PA,20011231,53.25,56.00,53.25,55.70,172900
VK.PA,20020107,57.30,59.80,55.20,59.40,1375100
VK.PA,20020114,59.50,59.60,55.65,57.35,1305900
VK.PA,20020121,57.25,57.85,55.90,56.95,365300
VK.PA,20020128,57.50,58.00,55.70,57.50,426800
VK.PA,20020204,58.05,59.00,57.50,57.70,996400
VK.PA,20020211,58.00,61.10,57.50,59.65,1066600
VK.PA,20020218,59.60,61.80,59.15,59.65,1602200
VK.PA,20020225,59.60,63.50,59.20,61.00,770700
VK.PA,20020304,62.00,64.00,60.40,63.80,1734900
VK.PA,20020311,64.05,66.65,64.00,66.65,2000300
VK.PA,20020318,66.00,66.20,63.15,63.50,1345900
VK.PA,20020325,63.60,64.00,62.70,63.00,273100
VK.PA,20020401,63.00,65.30,63.00,64.90,419700
VK.PA,20020408,64.05,65.05,63.80,64.70,628200
VK.PA,20020415,64.30,65.45,61.00,64.50,1050000
VK.PA,20020422,64.80,65.40,62.15,62.80,646600
VK.PA,20020429,62.00,64.50,61.75,64.50,905800
VK.PA,20020506,64.20,65.65,63.20,65.25,983200
VK.PA,20020513,65.10,66.70,64.10,66.50,940300
VK.PA,20020520,66.15,68.30,66.10,67.90,739900
VK.PA,20020527,68.20,71.40,66.60,67.40,2382800
VK.PA,20020603,67.00,67.25,63.50,63.80,982200
VK.PA,20020610,65.70,67.00,59.10,62.00,1896300
VK.PA,20020617,62.60,65.60,59.80,61.00,843800
VK.PA,20020624,60.00,63.80,52.00,61.75,1047500
VK.PA,20020701,64.50,64.50,58.90,60.00,743700
VK.PA,20020708,61.50,61.50,59.55,60.00,661100
VK.PA,20020715,59.95,60.10,57.90,58.00,1262700
VK.PA,20020722,58.00,58.00,49.03,52.05,1015900
VK.PA,20020729,53.30,56.00,52.00,52.00,1051400
VK.PA,20020805,50.90,53.45,48.00,50.75,1438500
VK.PA,20020812,50.75,50.90,49.00,50.75,1166300
VK.PA,20020819,49.95,53.90,49.50,53.00,1255600
VK.PA,20020826,52.50,54.80,51.00,53.20,515200
VK.PA,20020902,53.20,53.65,50.15,52.40,503700
VK.PA,20020909,53.00,55.00,51.05,53.20,677500
VK.PA,20020916,52.95,54.40,50.00,52.00,1207000
VK.PA,20020923,50.25,51.85,43.80,50.65,1361400
VK.PA,20020930,49.50,51.70,48.51,49.35,987100
VK.PA,20021007,49.44,49.44,47.10,47.20,1225000
VK.PA,20021014,47.40,54.20,46.71,53.55,3337200
VK.PA,20021021,53.80,55.30,53.15,54.20,846300
VK.PA,20021028,53.80,55.80,53.80,55.20,656000
VK.PA,20021104,55.50,58.20,54.55,55.60,911300
VK.PA,20021111,55.05,55.55,52.80,54.40,467500
VK.PA,20021118,54.40,55.00,46.60,53.00,7201800
VK.PA,20021125,53.20,62.60,52.90,57.35,5156800
VK.PA,20021202,58.20,59.00,56.05,58.00,690400
VK.PA,20021209,58.00,58.85,55.65,56.00,1012800
VK.PA,20021216,56.00,56.95,53.25,55.60,1169100
VK.PA,20021223,55.10,56.30,54.20,56.00,297800
VK.PA,20021230,56.00,57.80,55.10,57.00,493200
VK.PA,20030106,57.10,58.00,54.10,54.30,1346200
VK.PA,20030113,55.50,56.50,54.35,55.85,507200
VK.PA,20030120,55.80,55.85,54.20,54.50,333600
VK.PA,20030127,54.00,54.35,51.00,53.50,1734500
VK.PA,20030203,52.50,53.50,50.30,50.30,819500
VK.PA,20030210,50.50,51.35,50.25,51.30,335500
VK.PA,20030217,51.00,51.50,50.00,50.00,741400
VK.PA,20030224,49.51,51.00,48.50,51.00,3878300
VK.PA,20030303,51.00,51.00,47.00,47.66,1869800
VK.PA,20030310,47.06,48.00,45.29,46.86,697200
VK.PA,20030317,46.60,46.60,45.20,45.36,523900
VK.PA,20030324,45.80,46.50,43.45,45.87,687900
VK.PA,20030331,45.00,45.88,44.03,44.12,526200
VK.PA,20030407,44.12,45.90,44.12,45.90,517500
VK.PA,20030414,45.80,49.63,45.11,48.10,358700
VK.PA,20030421,48.10,53.25,48.10,52.50,462800
VK.PA,20030428,51.60,52.65,51.20,51.85,494900
VK.PA,20030505,51.90,52.40,49.50,51.05,858000
VK.PA,20030512,51.00,52.00,50.15,52.00,553200
VK.PA,20030519,51.50,52.95,51.30,52.95,465900
VK.PA,20030526,53.15,55.20,52.15,55.20,344900
VK.PA,20030602,55.20,55.80,54.10,54.90,385500
VK.PA,20030609,55.80,59.45,54.90,55.50,878400
VK.PA,20030616,55.40,55.90,54.15,54.20,596200
VK.PA,20030623,54.70,56.20,54.15,56.00,2543000
VK.PA,20030630,55.50,57.40,53.45,54.30,771200
VK.PA,20030707,54.15,57.70,54.15,55.15,795400
VK.PA,20030714,55.20,58.90,55.20,58.10,587000
VK.PA,20030721,57.95,58.20,56.25,57.80,200500
VK.PA,20030728,57.00,59.50,57.00,58.95,573300
VK.PA,20030804,57.60,59.00,57.45,57.95,159000
VK.PA,20030811,57.40,58.70,57.40,58.50,131200
VK.PA,20030818,58.00,59.80,57.70,59.80,313300
VK.PA,20030825,59.10,60.90,58.05,60.15,278900
VK.PA,20030901,59.75,61.50,59.75,61.00,400200
VK.PA,20030908,61.00,61.90,59.85,60.80,255100
VK.PA,20030915,60.85,62.00,59.05,61.45,1636100
VK.PA,20030922,61.95,62.10,58.50,61.95,1062000
VK.PA,20030929,60.80,63.40,59.20,62.00,3377400
VK.PA,20031006,62.10,64.10,60.70,64.00,862300
VK.PA,20031013,64.00,64.50,63.00,63.00,409500
VK.PA,20031020,63.00,64.90,62.00,62.45,378000
VK.PA,20031027,62.20,63.25,61.80,63.00,466300
VK.PA,20031103,62.50,65.30,62.50,64.50,678700
VK.PA,20031110,64.10,65.90,64.00,65.80,337500
VK.PA,20031117,65.50,65.50,62.20,63.00,1423500
VK.PA,20031124,62.65,64.80,62.65,64.45,1712800
VK.PA,20031201,63.90,65.50,63.50,65.45,790600
VK.PA,20031208,63.60,65.40,63.60,65.00,338900
VK.PA,20031215,65.00,66.05,64.00,65.30,376500
VK.PA,20031222,64.75,66.20,64.70,65.25,183100
VK.PA,20031229,64.55,66.60,64.55,66.00,408300
VK.PA,20040105,66.00,66.80,65.25,65.55,395100
VK.PA,20040112,65.45,67.00,65.20,67.00,537400
VK.PA,20040119,66.50,67.40,63.70,65.80,491100
VK.PA,20040126,65.30,66.00,63.65,64.10,499200
VK.PA,20040202,64.10,65.00,63.60,64.05,1666600
VK.PA,20040209,64.00,66.00,64.00,64.55,427600
VK.PA,20040216,64.60,66.60,64.60,65.70,643400
VK.PA,20040223,65.80,66.30,65.00,65.00,503500
VK.PA,20040301,65.00,73.90,64.90,71.25,1965200
VK.PA,20040308,70.55,71.15,68.30,70.00,1057900
VK.PA,20040315,68.70,72.50,68.65,72.45,917400
VK.PA,20040322,71.10,72.50,71.10,72.50,1375500
VK.PA,20040329,71.10,73.85,71.10,73.20,693500
VK.PA,20040405,73.00,73.50,71.70,73.00,606400
VK.PA,20040412,73.00,73.90,71.70,72.10,192800
VK.PA,20040419,73.45,75.20,72.75,75.00,715000
VK.PA,20040426,74.80,76.75,72.00,73.70,481700
VK.PA,20040503,73.50,74.50,72.00,72.55,675400
VK.PA,20040510,72.00,72.80,68.70,71.40,855100
VK.PA,20040517,71.60,72.00,69.10,72.00,332200
VK.PA,20040524,72.00,72.00,70.00,71.45,246800
VK.PA,20040531,71.00,72.35,71.00,71.50,220500
VK.PA,20040607,71.50,77.45,71.50,76.80,630000
VK.PA,20040614,76.30,80.60,76.20,77.95,556800
VK.PA,20040621,77.80,80.00,76.20,80.00,2012100
VK.PA,20040628,78.60,82.00,78.60,81.80,431100
VK.PA,20040705,81.80,83.60,77.95,79.00,687100
VK.PA,20040712,79.00,82.00,79.00,81.50,338000
VK.PA,20040719,80.35,81.50,79.10,80.75,278700
VK.PA,20040726,79.65,83.30,75.70,83.30,2005500
VK.PA,20040802,82.70,83.00,81.65,81.80,361500
VK.PA,20040809,81.80,84.00,81.40,82.80,550300
VK.PA,20040816,83.00,83.00,80.25,81.20,209900
VK.PA,20040823,81.70,82.45,80.35,80.75,384100
VK.PA,20040830,80.20,83.00,80.20,83.00,403700
VK.PA,20040906,81.60,85.15,81.60,84.85,783200
VK.PA,20040913,84.50,92.00,84.50,90.00,1276900
VK.PA,20040920,91.00,92.40,88.35,92.40,842100
VK.PA,20040927,92.95,97.10,92.00,96.90,1297900
VK.PA,20041004,97.85,99.50,96.40,99.00,935100
VK.PA,20041011,98.90,99.50,95.20,96.15,987600
VK.PA,20041018,96.75,98.00,95.40,97.25,402400
VK.PA,20041025,96.20,98.00,94.55,96.90,925800
VK.PA,20041101,96.70,99.45,96.70,98.10,354900
VK.PA,20041108,97.50,99.80,96.70,99.80,469300
VK.PA,20041115,99.70,102.00,98.80,101.10,578700
VK.PA,20041122,101.10,105.00,101.10,103.00,893300
VK.PA,20041129,103.50,107.50,103.30,107.50,843700
VK.PA,20041206,107.10,110.00,106.30,109.10,1455200
VK.PA,20041213,109.10,112.00,107.80,111.10,637200
VK.PA,20041220,108.10,112.10,108.10,110.50,396000
VK.PA,20041227,108.90,110.70,105.00,110.00,247700
VK.PA,20050103,108.00,109.90,100.20,105.00,1542600
VK.PA,20050110,105.10,111.20,104.00,109.00,884500
VK.PA,20050117,108.30,142.80,107.10,138.00,4731000
VK.PA,20050124,137.20,147.60,135.10,141.00,1929400
VK.PA,20050131,142.80,154.00,142.40,151.00,1526800
VK.PA,20050207,153.20,162.00,150.60,155.00,929200
VK.PA,20050214,158.20,169.50,157.00,161.00,1456900
VK.PA,20050221,160.10,166.00,152.00,164.50,901400
VK.PA,20050228,164.10,165.90,161.30,165.60,833700
VK.PA,20050307,165.90,176.40,163.10,167.50,1885800
VK.PA,20050314,166.50,171.00,165.50,170.00,1895200
VK.PA,20050321,169.60,171.60,165.60,171.00,614000
VK.PA,20050328,171.00,171.00,162.60,164.70,683100
VK.PA,20050404,164.00,172.20,164.00,169.40,1159700
VK.PA,20050411,169.40,171.50,168.00,169.40,1211600
VK.PA,20050418,165.50,171.50,160.40,169.00,1703000
VK.PA,20050425,170.00,170.00,163.00,163.00,993800
VK.PA,20050502,163.00,167.90,163.00,165.00,578400
VK.PA,20050509,166.80,172.00,166.50,170.00,1779200
VK.PA,20050516,169.90,175.00,166.40,174.30,1789600
VK.PA,20050523,175.10,186.00,174.20,185.60,2219000
VK.PA,20050530,185.80,192.00,185.00,190.60,970500
VK.PA,20050606,191.20,220.00,187.20,211.80,2699200
VK.PA,20050613,212.30,220.00,209.60,219.10,1916800
VK.PA,20050620,215.80,228.60,213.30,225.00,1563900
VK.PA,20050627,225.00,243.90,224.20,241.30,3159800
VK.PA,20050704,243.60,264.00,234.80,261.00,2863200
VK.PA,20050711,262.60,265.00,243.00,253.60,1280300
VK.PA,20050718,246.10,259.70,245.00,255.80,1448600
VK.PA,20050725,255.10,313.00,254.50,299.80,3115400
VK.PA,20050801,303.10,310.80,298.50,308.00,3708600
VK.PA,20050808,308.00,320.00,303.30,307.00,3820300
VK.PA,20050815,309.30,316.00,284.00,290.30,1740800
VK.PA,20050822,289.00,301.40,286.20,301.00,2382900
VK.PA,20050829,307.20,355.00,296.30,347.00,3803100
VK.PA,20050905,348.50,376.00,343.00,363.90,2163300
VK.PA,20050912,363.90,402.50,362.50,391.70,3157600
VK.PA,20050919,393.00,414.80,390.30,402.00,3060800
VK.PA,20050926,400.10,411.00,400.10,405.50,2449900
VK.PA,20051003,404.40,423.40,377.00,397.60,4322000
VK.PA,20051010,403.80,430.00,379.00,382.00,4433300
VK.PA,20051017,393.00,401.80,347.70,357.50,6568800
VK.PA,20051024,356.00,404.70,350.60,368.10,4923500
VK.PA,20051031,376.00,408.30,374.00,406.80,3509900
VK.PA,20051107,405.00,421.00,400.00,408.00,2914000
VK.PA,20051114,406.10,419.90,401.50,418.70,1800200
VK.PA,20051121,416.00,418.80,402.80,413.70,1969200
VK.PA,20051128,411.60,440.00,398.20,430.00,3412100
VK.PA,20051205,432.10,454.90,432.10,446.80,2787200
VK.PA,20051212,447.00,458.00,428.50,439.10,2065500
VK.PA,20051219,434.50,443.90,415.10,441.40,2528000
VK.PA,20051226,441.40,465.00,440.50,465.00,1659400
VK.PA,20060102,464.00,477.90,455.80,468.30,2988400
VK.PA,20060109,468.60,473.20,454.80,463.80,3832800
VK.PA,20060116,463.80,507.50,457.00,506.00,4434200
VK.PA,20060123,506.00,584.50,501.00,560.00,6614000
VK.PA,20060130,580.00,627.50,566.50,593.50,8881200
VK.PA,20060206,602.00,623.50,587.00,612.00,4608200
VK.PA,20060213,617.50,623.00,593.00,618.00,3401600
VK.PA,20060220,622.50,669.00,618.50,668.00,3586800
VK.PA,20060227,679.00,721.50,650.50,719.50,4156200
VK.PA,20060306,725.50,775.00,681.00,773.00,7204000
VK.PA,20060313,789.00,809.00,774.00,792.50,3883000
VK.PA,20060320,799.00,800.00,755.00,783.50,3130300
VK.PA,20060327,785.00,804.00,768.00,797.00,2544700
VK.PA,20060403,799.00,941.00,796.00,900.50,6070300
VK.PA,20060410,927.00,1000.00,906.00,970.00,3793500
VK.PA,20060417,970.00,1102.00,970.00,1100.50,4265900
VK.PA,20060424,1153.00,1160.00,1002.00,1030.00,6952500
VK.PA,20060502,1035.50,1137.00,1032.00,1133.00,4689800
VK.PA,20060508,1143.00,1160.00,1082.00,1087.50,3941700
VK.PA,20060515,1060.00,1074.50,837.50,847.00,12638600
VK.PA,20060522,835.00,918.00,726.00,910.00,13732400
VK.PA,20060529,943.00,1013.50,870.00,966.50,11747200
VK.PA,20060605,960.50,979.00,792.00,830.50,8751300
VK.PA,20060612,845.00,935.00,747.00,871.00,9033000
VK.PA,20060619,868.00,902.00,820.50,884.00,5109100
VK.PA,20060626,895.00,963.00,881.00,940.00,4594400
VK.PA,20060703,949.00,974.00,914.50,950.50,3973900
VK.PA,20060710,940.50,953.50,867.00,879.50,4518800
VK.PA,20060717,880.50,886.50,161.50,167.40,1820800
VK.PA,20060724,169.20,182.30,167.00,168.00,884300
VK.PA,20060731,169.50,172.90,165.20,168.50,675900
VK.PA,20060807,166.50,167.60,152.10,158.00,2430300
VK.PA,20060814,160.00,172.20,155.70,167.60,877000
VK.PA,20060821,167.90,178.80,161.60,176.00,815300
VK.PA,20060828,179.00,179.50,172.50,178.90,663000
VK.PA,20060904,180.00,180.80,169.20,172.20,558400
VK.PA,20060911,171.70,182.50,163.30,182.00,1347800
VK.PA,20060918,184.00,193.40,180.30,185.30,1168900
VK.PA,20060925,186.90,187.10,173.50,183.90,919200
VK.PA,20061002,185.20,189.70,174.40,178.20,1177200
VK.PA,20061009,178.30,187.90,178.10,184.90,605700
VK.PA,20061016,186.90,192.30,184.00,191.70,784500
VK.PA,20061023,192.00,201.70,188.30,197.00,830600
VK.PA,20061030,194.10,200.60,193.10,196.30,548100
VK.PA,20061106,197.80,209.30,197.00,207.00,951300
VK.PA,20061113,207.10,209.90,194.10,198.40,678900
VK.PA,20061120,195.00,205.00,195.00,202.90,589500
VK.PA,20061127,205.40,207.80,194.60,201.00,862300
VK.PA,20061204,201.70,207.60,197.50,207.60,594600
VK.PA,20061211,207.50,219.90,205.90,219.90,2150900
VK.PA,20061218,221.10,223.20,215.10,220.00,1033300
VK.PA,20061225,220.00,223.50,220.00,220.30,190500
VK.PA,20070101,220.30,223.50,201.30,207.20,967800
VK.PA,20070108,208.20,213.90,201.50,206.70,1124000
VK.PA,20070115,209.00,209.90,185.90,197.10,2170200
VK.PA,20070122,199.00,204.70,192.00,196.20,1212100
VK.PA,20070129,198.50,203.40,187.10,190.20,1664800
VK.PA,20070205,191.70,193.00,182.70,186.20,1723200
VK.PA,20070212,187.00,195.90,182.20,194.00,1173300
VK.PA,20070219,194.89,196.00,189.00,194.60,810000
VK.PA,20070226,195.59,199.00,180.50,191.06,1700100
VK.PA,20070305,189.50,189.50,172.73,174.98,2682100
VK.PA,20070312,176.45,176.70,161.29,168.25,1885400
VK.PA,20070319,168.30,177.25,164.51,174.19,1176800
VK.PA,20070326,176.29,197.51,173.80,191.58,1953000
VK.PA,20070402,192.06,196.35,190.61,192.30,808700
VK.PA,20070409,192.30,198.00,185.25,198.00,1384600
VK.PA,20070416,198.01,207.45,186.58,207.00,2100400
VK.PA,20070423,205.03,216.90,203.00,206.45,2341100
VK.PA,20070430,206.48,215.30,197.62,214.85,2470100
VK.PA,20070507,214.50,222.60,211.20,220.02,1933200
VK.PA,20070514,218.99,228.20,215.01,228.00,1489100
VK.PA,20070521,227.99,235.00,224.63,226.36,1284500
VK.PA,20070528,226.69,241.46,220.52,234.89,1546600
VK.PA,20070604,234.00,238.31,221.37,223.99,1617100
VK.PA,20070611,227.50,239.90,225.80,239.00,1225700
VK.PA,20070618,239.20,243.25,232.87,242.10,1272900
VK.PA,20070625,239.50,242.91,233.00,238.21,1278800
VK.PA,20070702,237.81,237.92,223.40,224.90,936700
VK.PA,20070709,224.40,234.95,214.13,229.20,1698100
VK.PA,20070716,229.00,233.98,215.82,216.18,1319500
VK.PA,20070723,215.78,215.78,187.87,190.20,2163100
VK.PA,20070730,192.00,202.80,187.20,200.10,1945300
VK.PA,20070806,197.07,199.60,190.10,190.56,1582800
VK.PA,20070813,191.00,196.50,165.10,175.30,1880200
VK.PA,20070820,181.82,197.60,177.54,196.80,1056400
VK.PA,20070827,199.39,199.40,186.25,196.40,658200
VK.PA,20070903,198.00,198.00,182.00,182.10,828700
VK.PA,20070910,181.53,194.80,176.25,189.65,1371500
VK.PA,20070917,190.00,202.91,184.00,201.74,1483600
VK.PA,20070924,202.23,204.89,198.50,202.00,852000
VK.PA,20071001,200.00,209.65,199.51,206.93,827700
VK.PA,20071008,206.88,220.90,203.83,217.70,1228700
VK.PA,20071015,218.13,219.50,206.06,209.66,1301600
VK.PA,20071022,208.00,216.94,200.60,214.60,1023100
VK.PA,20071029,215.35,216.79,191.29,193.67,1517200
VK.PA,20071105,193.33,202.50,184.10,189.60,2136000
VK.PA,20071112,194.03,206.35,186.61,198.19,2784100
VK.PA,20071119,199.95,202.74,185.20,193.62,1238500
VK.PA,20071126,196.00,196.00,183.80,193.29,1006700
VK.PA,20071203,193.48,195.15,185.11,192.40,798300
VK.PA,20071210,191.51,196.00,185.90,189.80,826700
VK.PA,20071217,186.00,188.90,179.50,180.01,1050700
VK.PA,20071224,180.00,184.59,179.61,183.26,262400
VK.PA,20071231,183.50,185.25,171.31,172.14,615200
VK.PA,20080107,171.63,174.76,148.55,150.87,2149100
VK.PA,20080114,150.62,155.00,133.06,134.00,2152300
VK.PA,20080121,131.40,138.40,120.02,134.43,2070700
VK.PA,20080128,131.00,140.00,129.10,137.49,1572200
VK.PA,20080204,139.95,145.90,123.65,126.84,2560200
VK.PA,20080211,124.51,133.00,124.10,133.00,1574800
VK.PA,20080218,134.59,140.80,132.89,136.53,1363100
VK.PA,20080225,138.13,147.90,136.40,138.27,1457900
VK.PA,20080303,134.10,149.59,129.40,145.02,2127700
VK.PA,20080310,144.19,157.90,142.82,157.06,1777000
VK.PA,20080317,150.97,154.81,144.15,147.12,1170200
VK.PA,20080324,147.12,155.72,147.12,154.06,734100
VK.PA,20080331,152.21,160.00,151.27,154.47,878100
VK.PA,20080407,156.02,164.90,155.21,160.19,1084700
VK.PA,20080414,159.00,174.90,157.64,174.45,1358700
VK.PA,20080421,173.63,182.05,172.60,173.84,1294200
VK.PA,20080428,174.66,180.68,171.93,180.15,881400
VK.PA,20080505,180.10,182.80,165.05,178.48,1737100
VK.PA,20080512,179.89,193.70,178.60,193.15,971700
VK.PA,20080519,191.61,201.79,191.11,194.00,1224800
VK.PA,20080526,194.00,199.29,187.34,199.14,1175200
VK.PA,20080602,198.04,212.60,196.32,208.00,1380900
VK.PA,20080609,207.23,209.88,197.30,198.88,1288400
VK.PA,20080616,198.00,219.40,191.22,209.59,1774500
VK.PA,20080623,207.99,220.00,204.71,219.92,1382200
VK.PA,20080630,219.00,224.45,188.50,191.50,2055900
VK.PA,20080707,192.00,203.41,191.50,195.64,995800
VK.PA,20080714,197.83,199.50,179.05,181.02,1043900
VK.PA,20080721,180.00,196.00,172.20,179.36,1252300
VK.PA,20080728,179.64,195.95,174.28,187.00,1330700
VK.PA,20080804,190.74,194.00,176.70,185.11,1286900
VK.PA,20080811,186.00,188.00,176.63,181.03,847900
VK.PA,20080818,181.21,188.00,176.10,187.36,611500
VK.PA,20080825,185.50,191.18,176.70,190.84,787300
VK.PA,20080901,188.48,189.73,156.55,157.65,1279200
VK.PA,20080908,163.22,168.00,146.15,161.06,1459600
VK.PA,20080915,155.92,174.65,150.51,173.18,1738200
VK.PA,20080922,172.00,177.30,162.00,163.28,1263800
VK.PA,20080929,162.00,162.68,124.92,134.04,1804600
VK.PA,20081006,125.76,126.89,100.00,103.07,2250100
VK.PA,20081013,111.00,127.90,91.21,92.49,2337300
VK.PA,20081020,96.00,98.90,70.00,74.37,2913900
VK.PA,20081027,69.00,87.00,69.00,87.00,2212000
VK.PA,20081103,85.00,92.42,78.50,83.75,1566100
VK.PA,20081110,86.00,90.76,75.50,83.79,1313900
VK.PA,20081117,84.36,86.98,64.18,67.25,1861400
VK.PA,20081124,69.99,84.90,68.50,83.46,1235900
VK.PA,20081201,83.87,84.00,73.56,73.93,1078400
VK.PA,20081208,79.00,85.27,77.04,84.60,1312300
VK.PA,20081215,85.50,87.72,80.26,81.40,974300
VK.PA,20081222,82.66,82.66,76.01,78.19,443600
VK.PA,20081229,78.92,86.32,78.66,86.32,287400
VK.PA,20090105,86.70,98.18,84.84,92.90,1331700
VK.PA,20090112,92.00,92.40,78.69,81.39,987000
VK.PA,20090119,83.00,83.68,69.25,73.49,1446800
VK.PA,20090126,73.44,81.30,72.31,76.89,1038700
VK.PA,20090202,75.79,86.80,71.94,86.10,1020900
VK.PA,20090209,84.73,88.79,79.29,80.42,706800
VK.PA,20090216,79.97,80.57,74.83,75.86,595800
VK.PA,20090223,77.60,78.32,59.12,62.48,1875500
VK.PA,20090302,60.50,61.99,55.00,56.00,1882400
VK.PA,20090309,56.58,64.40,52.52,60.62,1847200
VK.PA,20090316,62.28,64.91,59.70,63.85,1642000
VK.PA,20090323,66.00,73.25,64.85,70.68,1285400
VK.PA,20090330,69.14,80.60,65.40,80.00,1366700
VK.PA,20090406,80.33,82.94,73.00,79.51,1058600
VK.PA,20090413,79.51,86.50,78.57,85.70,912400
VK.PA,20090420,85.46,85.70,78.01,85.05,1012600
VK.PA,20090427,84.39,84.72,79.36,83.39,763400
VK.PA,20090504,84.40,94.20,83.84,93.11,1209100
VK.PA,20090511,92.90,92.90,81.11,85.79,1192300
VK.PA,20090518,84.39,91.20,82.76,85.85,806300
VK.PA,20090525,86.40,89.68,84.00,88.49,834800
VK.PA,20090601,90.15,98.61,90.00,96.55,1181200
VK.PA,20090608,96.40,99.75,92.75,93.00,1061000
VK.PA,20090615,93.05,93.32,83.00,85.92,1151800
VK.PA,20090622,86.49,87.50,82.00,84.21,934000
VK.PA,20090629,84.33,89.86,83.84,84.90,845400
VK.PA,20090706,84.00,84.38,76.50,76.85,896300
VK.PA,20090713,76.75,83.33,75.62,81.46,797800
VK.PA,20090720,83.18,89.46,82.56,87.77,777100
VK.PA,20090727,88.89,93.20,82.45,92.30,1385300
VK.PA,20090803,92.30,104.95,92.00,104.10,1301300
VK.PA,20090810,103.85,107.90,100.00,102.60,850000
VK.PA,20090817,101.20,109.15,98.00,108.00,779300
VK.PA,20090824,108.60,112.00,105.25,107.85,880000
VK.PA,20090831,106.90,107.35,98.39,104.15,772300
VK.PA,20090907,104.60,119.35,104.55,118.70,1022400
VK.PA,20090914,116.10,126.80,112.50,124.55,1095800
VK.PA,20090921,124.40,124.50,115.75,116.40,1000400
VK.PA,20090928,115.05,118.75,108.35,109.25,1013200
VK.PA,20091005,108.80,118.80,106.15,118.35,958100
VK.PA,20091012,119.00,125.55,115.95,119.20,830500
VK.PA,20091019,119.45,122.00,115.70,116.05,679400
VK.PA,20091026,115.65,117.10,105.20,107.70,1031600
VK.PA,20091102,106.60,116.80,106.55,114.70,899200
VK.PA,20091109,114.90,125.30,114.90,118.95,1143800
VK.PA,20091116,121.00,121.40,112.55,113.15,897500
VK.PA,20091123,114.80,118.50,108.50,113.05,1052300
VK.PA,20091130,113.90,117.20,110.60,115.25,820000
VK.PA,20091207,115.00,118.50,112.10,112.30,638800
VK.PA,20091214,113.15,123.80,112.75,121.25,1402100
VK.PA,20091221,120.20,127.30,119.00,127.20,657700
VK.PA,20091228,127.50,128.50,126.10,127.05,401700
VK.PA,20100104,127.45,135.90,127.25,134.35,1551100
VK.PA,20100111,135.20,136.00,128.65,131.65,837800
VK.PA,20100118,132.00,132.50,122.85,124.95,822600
VK.PA,20100125,124.15,126.40,120.70,125.00,707300
VK.PA,20100201,124.50,133.70,121.65,123.45,1052300
VK.PA,20100208,124.65,129.65,120.85,124.15,1077500
VK.PA,20100215,125.00,138.75,124.90,138.25,932500
VK.PA,20100222,139.05,141.75,132.65,140.35,1483000
VK.PA,20100301,141.00,146.15,139.20,145.75,721300
VK.PA,20100308,145.90,147.00,141.75,145.70,682000
VK.PA,20100315,145.30,150.40,142.35,144.00,1205500
VK.PA,20100322,144.00,152.90,142.60,152.20,767800
VK.PA,20100329,152.40,154.60,147.70,154.15,676100
VK.PA,20100405,154.15,159.85,152.55,156.05,591000
VK.PA,20100412,155.85,155.85,149.95,149.95,632300
VK.PA,20100419,148.75,152.45,147.10,149.80,610800
VK.PA,20100426,152.00,152.65,141.50,150.45,896500
VK.PA,20100503,149.40,152.40,132.50,139.40,1337600
VK.PA,20100510,141.00,162.40,139.10,159.60,1599100
VK.PA,20100517,156.20,160.80,142.10,146.10,1537000
VK.PA,20100524,148.25,154.10,137.30,151.55,1291100
VK.PA,20100531,151.55,153.80,139.55,146.70,1214500
VK.PA,20100607,142.55,144.65,134.10,143.00,1415400
VK.PA,20100614,144.55,153.75,144.35,153.10,808700
VK.PA,20100621,155.00,157.70,143.90,144.50,720800
VK.PA,20100628,146.80,150.45,138.50,141.30,999700
VK.PA,20100705,142.05,152.60,75.54,76.75,702400
VK.PA,20100712,77.00,79.69,75.72,76.69,957100
VK.PA,20100719,75.82,81.17,72.64,80.94,901500
VK.PA,20100726,81.25,81.61,74.70,74.71,912300
VK.PA,20100802,75.82,77.24,72.85,73.26,791900
VK.PA,20100809,74.51,74.70,69.62,71.44,657800
VK.PA,20100816,71.97,73.95,69.84,70.12,561600
VK.PA,20100823,70.15,71.06,65.11,66.54,880100
VK.PA,20100830,67.20,71.63,64.50,71.26,754500
VK.PA,20100906,71.43,71.44,68.13,69.87,515600
VK.PA,20100913,70.28,72.09,69.95,71.50,811300
VK.PA,20100920,71.33,73.79,71.13,73.77,759700
VK.PA,20100927,74.14,74.88,71.72,73.15,705400
VK.PA,20101004,73.18,75.00,72.12,74.49,477000
VK.PA,20101011,74.50,79.19,74.49,78.37,623200
VK.PA,20101018,77.61,78.95,75.66,77.00,496600
VK.PA,20101025,76.85,77.71,73.80,74.57,553600
VK.PA,20101101,74.79,78.41,74.35,78.24,602000
VK.PA,20101108,77.75,80.55,74.00,75.39,951900
VK.PA,20101115,75.22,76.84,72.24,76.04,638000
VK.PA,20101122,76.70,76.93,73.28,75.95,469400
VK.PA,20101129,76.20,76.49,71.46,72.87,839000
VK.PA,20101206,72.99,77.40,72.99,76.40,584000
VK.PA,20101213,76.88,79.75,76.68,79.53,550200
VK.PA,20101220,79.43,80.67,78.97,79.10,364400
VK.PA,20101227,79.00,80.90,78.60,78.60,226200
VK.PA,20110103,79.50,83.59,79.20,82.91,569800
VK.PA,20110110,82.80,85.59,80.55,82.95,820000
VK.PA,20110117,83.00,83.20,79.11,80.60,659500
VK.PA,20110124,80.55,82.52,79.14,80.01,586800
VK.PA,20110131,79.96,80.83,78.67,79.39,554200
VK.PA,20110207,79.61,81.66,78.80,80.59,456100
VK.PA,20110214,80.86,81.43,79.02,79.66,364300
VK.PA,20110221,79.54,79.99,72.00,74.15,973900
VK.PA,20110228,74.43,76.37,72.55,72.97,823300
VK.PA,20110307,72.95,75.81,72.48,73.15,623400
VK.PA,20110314,72.80,74.53,69.18,73.45,997500
VK.PA,20110321,74.10,76.74,73.82,76.40,512400
VK.PA,20110328,76.30,80.60,75.75,80.31,725100
VK.PA,20110404,79.84,84.45,79.49,84.10,772500
VK.PA,20110411,84.39,84.78,81.30,83.59,546800
VK.PA,20110418,83.82,85.00,80.50,84.85,516900
VK.PA,20110426,84.75,85.15,82.88,84.19,402500
VK.PA,20110502,84.88,84.88,80.79,84.03,452700
VK.PA,20110509,83.85,89.58,82.35,89.18,735700
VK.PA,20110516,88.12,89.44,85.95,86.91,674400
VK.PA,20110523,86.00,87.64,82.51,85.42,680200
VK.PA,20110530,85.18,87.39,83.53,84.84,381400
VK.PA,20110606,84.65,85.02,81.17,82.76,484400
VK.PA,20110613,82.97,84.22,78.40,79.08,618500
VK.PA,20110620,78.65,81.02,77.53,78.55,602400
VK.PA,20110627,78.55,85.51,78.16,85.25,609200
VK.PA,20110704,85.18,87.60,84.85,86.20,586000
VK.PA,20110711,85.52,86.51,82.00,84.44,517300
VK.PA,20110718,83.79,85.95,82.09,85.55,429900
VK.PA,20110725,85.00,87.00,68.88,71.12,1974100
VK.PA,20110801,73.09,73.10,60.20,63.98,1282700
VK.PA,20110808,62.29,64.26,55.65,63.65,1317000
VK.PA,20110815,64.40,65.76,54.35,55.47,821800
VK.PA,20110822,55.14,59.50,55.00,57.21,730700
VK.PA,20110829,58.41,63.05,57.86,60.36,603000
VK.PA,20110905,59.09,60.66,55.56,56.85,844500
VK.PA,20110912,55.51,59.90,53.20,57.75,1194200
VK.PA,20110919,56.35,56.67,46.90,47.65,1334900
VK.PA,20110926,46.69,49.58,43.01,43.50,1471800
VK.PA,20111003,42.50,44.47,38.33,44.01,1739900
VK.PA,20111010,44.38,49.08,43.38,48.37,1326700
VK.PA,20111017,48.78,49.50,42.31,44.45,1059200
VK.PA,20111024,44.66,48.89,44.17,47.74,901700
VK.PA,20111031,46.60,47.61,40.43,44.85,1459600
VK.PA,20111107,44.08,48.25,43.00,47.95,1027100
VK.PA,20111114,48.25,48.70,43.10,43.49,811500
VK.PA,20111121,43.33,43.33,40.00,42.37,1039000
VK.PA,20111128,42.96,51.30,42.90,50.05,1172800
VK.PA,20111205,50.63,52.35,46.70,48.83,923900
VK.PA,20111212,48.40,49.35,44.51,45.73,934200
VK.PA,20111219,45.19,49.97,45.05,49.00,658300
VK.PA,20111226,49.00,50.24,48.01,50.16,223600
VK.PA,20120102,49.69,52.40,49.68,51.51,423100
VK.PA,20120109,51.43,54.50,50.64,53.88,505900
VK.PA,20120116,53.15,55.79,53.04,55.07,449600
VK.PA,20120123,55.14,55.40,50.88,53.29,703700
VK.PA,20120130,52.88,53.16,50.86,52.25,616700
VK.PA,20120206,52.11,54.99,50.53,54.00,770500
VK.PA,20120213,54.45,57.32,53.84,57.32,662400
VK.PA,20120220,57.40,58.24,52.62,53.61,1103700
VK.PA,20120227,52.98,54.88,51.22,53.99,712600
VK.PA,20120305,53.73,53.79,49.61,51.93,882400
VK.PA,20120312,51.54,52.29,50.55,51.57,693800
VK.PA,20120319,51.57,51.71,46.95,47.92,823700
VK.PA,20120326,48.34,48.69,46.30,47.50,924400
VK.PA,20120402,47.58,48.42,45.70,46.72,693500
VK.PA,20120409,46.72,47.10,45.31,45.62,647400
VK.PA,20120416,45.52,45.83,42.15,42.71,873300
VK.PA,20120423,42.22,46.90,40.83,46.67,949100
VK.PA,20120430,46.78,46.84,43.13,43.50,514500
VK.PA,20120507,42.51,44.05,32.83,34.29,2412000
VK.PA,20120514,34.49,35.01,31.50,32.26,1723100
VK.PA,20120521,32.19,33.13,30.75,31.75,1194200
VK.PA,20120528,32.01,33.01,29.62,29.86,1155400
VK.PA,20120604,29.60,29.96,28.32,28.66,1385800
VK.PA,20120611,29.32,29.35,25.68,27.00,1424800
VK.PA,20120618,27.50,29.24,26.67,28.59,1087900
VK.PA,20120625,28.29,32.19,27.57,32.17,1356700
VK.PA,20120702,32.34,34.64,31.70,31.98,1269000
VK.PA,20120709,31.99,33.76,31.75,33.76,792400
VK.PA,20120716,33.76,36.12,33.44,35.35,841700
VK.PA,20120723,34.75,35.62,32.12,32.96,1227700
VK.PA,20120730,33.26,34.88,32.54,34.83,715700
VK.PA,20120806,34.83,37.40,34.67,36.90,546600
VK.PA,20120813,36.90,39.40,36.01,39.40,441300
VK.PA,20120820,39.40,39.68,37.22,37.33,656200
VK.PA,20120827,37.35,38.02,36.01,36.87,396000
VK.PA,20120903,36.54,37.98,35.21,37.22,605700
VK.PA,20120910,36.85,38.28,35.53,38.25,797600
VK.PA,20120917,37.91,39.33,36.20,36.58,1021200
VK.PA,20120924,36.26,36.40,32.87,32.95,736500
VK.PA,20121001,32.96,34.63,32.87,34.42,700600
VK.PA,20121008,34.02,34.06,31.78,31.85,576800
VK.PA,20121015,31.74,34.95,31.52,34.33,744500
VK.PA,20121022,33.80,35.01,31.90,32.65,567600
VK.PA,20121029,32.33,32.49,31.10,31.73,548700
VK.PA,20121105,31.40,34.71,31.23,34.19,1440000
VK.PA,20121112,34.26,34.58,33.56,33.56,579600
VK.PA,20121119,33.85,38.12,33.81,38.00,925800
VK.PA,20121126,37.99,40.12,37.90,39.93,728000
VK.PA,20121203,40.03,41.15,39.60,39.83,611700
VK.PA,20121210,39.79,40.80,39.69,40.03,401700
VK.PA,20121217,40.01,41.22,39.90,40.27,547500
VK.PA,20121224,40.12,40.27,39.03,39.31,160100
VK.PA,20121231,39.14,40.76,38.50,39.99,281700
VK.PA,20130107,40.05,40.60,39.06,39.21,448000
VK.PA,20130114,39.32,39.40,37.92,38.90,539800
VK.PA,20130121,39.03,43.84,39.01,42.89,708100
VK.PA,20130128,43.22,43.24,40.04,40.65,611900
VK.PA,20130204,40.81,40.81,38.51,39.08,620100
VK.PA,20130211,39.10,39.94,38.60,39.53,384700
VK.PA,20130218,39.60,43.08,38.58,42.35,941300
VK.PA,20130225,42.46,42.92,39.81,40.10,768100
VK.PA,20130304,40.01,41.17,39.53,40.97,416100
VK.PA,20130311,40.99,41.44,40.36,40.65,496700
VK.PA,20130318,40.00,40.67,38.09,38.63,542500
VK.PA,20130325,39.08,39.18,37.26,37.50,422600
VK.PA,20130401,37.50,37.83,36.44,36.48,471700
VK.PA,20130408,36.69,37.64,35.65,35.90,573500
VK.PA,20130415,35.90,35.99,33.05,33.84,814600
VK.PA,20130422,33.94,37.37,33.22,35.72,652900
VK.PA,20130429,35.75,40.71,35.22,40.39,969200
VK.PA,20130506,40.33,41.99,39.62,41.30,662900
VK.PA,20130513,41.15,43.44,40.78,43.29,655400
VK.PA,20130520,43.20,43.49,41.50,42.33,579400
VK.PA,20130527,42.43,43.81,41.12,41.80,544700
VK.PA,20130603,41.79,41.92,38.83,39.52,596100
VK.PA,20130610,39.72,39.82,37.10,39.51,656000
VK.PA,20130617,39.70,40.76,38.57,38.57,658700
VK.PA,20130624,38.69,40.06,37.15,38.88,808000
VK.PA,20130701,39.09,41.83,38.66,40.50,752800
VK.PA,20130708,40.67,41.95,40.58,41.07,417000
VK.PA,20130715,41.14,41.47,39.77,41.44,447300
VK.PA,20130722,41.38,43.49,40.95,42.99,441200
VK.PA,20130729,43.00,45.35,42.10,44.30,761800
VK.PA,20130805,44.31,46.65,43.67,46.10,575200
VK.PA,20130812,46.41,47.17,45.72,46.60,543500
VK.PA,20130819,46.46,48.28,45.63,47.65,562500
VK.PA,20130826,47.51,47.87,45.39,45.39,559600
VK.PA,20130902,45.74,46.65,45.35,46.12,517600
VK.PA,20130909,47.01,50.29,46.97,49.13,896900
VK.PA,20130916,49.38,50.30,49.12,49.80,461500
VK.PA,20130923,49.80,51.01,43.97,45.28,1157800
VK.PA,20130930,44.86,44.86,43.59,44.06,810600
VK.PA,20131007,43.92,45.05,42.82,44.00,673800
VK.PA,20131014,43.50,44.08,42.33,43.22,649100
VK.PA,20131021,43.13,45.01,42.24,42.90,694000
VK.PA,20131028,42.52,44.19,42.31,43.74,404700
VK.PA,20131104,43.47,44.95,41.86,42.17,740300
VK.PA,20131111,42.03,43.20,41.88,42.46,430100
VK.PA,20131118,42.30,42.35,40.20,41.04,616400
VK.PA,20131125,41.12,42.17,40.35,41.81,612900
VK.PA,20131202,42.03,42.32,39.42,39.94,572800
VK.PA,20131209,40.12,40.16,38.33,38.65,462900
VK.PA,20131216,38.65,39.17,37.26,38.92,816400
VK.PA,20131223,38.95,39.75,38.58,39.57,168500
VK.PA,20131230,39.60,39.93,38.52,39.38,296200
VK.PA,20140106,39.37,40.64,39.21,40.62,452600
VK.PA,20140113,40.79,40.99,38.78,40.93,707900
VK.PA,20140120,40.85,40.85,37.97,38.02,713400
VK.PA,20140127,37.98,38.25,36.21,37.04,708700
VK.PA,20140203,36.97,37.71,36.01,37.64,691100
VK.PA,20140210,37.71,40.07,37.33,40.07,674500
VK.PA,20140217,40.10,40.46,36.51,37.63,832900
VK.PA,20140224,37.74,40.31,37.48,38.94,957000
VK.PA,20140303,38.37,38.79,37.76,38.17,671500
VK.PA,20140310,38.05,38.49,36.06,36.58,627900
VK.PA,20140317,36.61,37.27,36.26,37.04,524100
VK.PA,20140324,37.08,39.34,36.78,39.29,593400
VK.PA,20140331,39.37,40.10,38.71,39.81,449000
VK.PA,20140407,39.65,40.70,39.04,39.55,840000
VK.PA,20140414,39.47,41.37,39.28,41.36,883400
VK.PA,20140421,41.36,42.65,41.02,42.33,807400
VK.PA,20140428,42.31,43.26,41.86,41.93,868400
VK.PA,20140505,41.81,43.00,40.32,40.45,990200
VK.PA,20140512,40.53,41.08,38.76,38.86,765200
VK.PA,20140519,38.85,39.26,38.20,38.57,591900
VK.PA,20140526,38.60,40.17,38.60,39.90,513000
VK.PA,20140602,40.10,41.14,39.33,39.74,1192800
VK.PA,20140609,39.69,40.29,34.05,34.20,2144400
VK.PA,20140616,34.20,34.35,33.04,33.50,1589700
VK.PA,20140623,33.44,33.60,32.10,32.69,876000
VK.PA,20140630,32.72,34.12,32.59,33.85,770900
VK.PA,20140707,34.72,35.60,32.70,32.90,1014800
VK.PA,20140714,33.28,33.35,32.56,32.96,561300
VK.PA,20140721,33.00,33.81,32.78,33.44,612900
VK.PA,20140728,33.53,34.32,32.50,32.97,774900
VK.PA,20140804,33.00,33.22,31.25,31.60,729100
VK.PA,20140811,31.62,32.28,31.44,31.76,436600
VK.PA,20140818,32.07,32.64,31.77,32.29,291300
VK.PA,20140825,32.59,34.16,32.32,33.99,531800
VK.PA,20140901,34.07,37.40,34.04,36.89,997800
VK.PA,20140908,36.82,37.62,36.11,37.44,622300
VK.PA,20140915,37.33,37.83,36.97,37.08,664000
VK.PA,20140922,36.85,36.99,35.03,35.74,566200
VK.PA,20140929,36.20,36.60,34.28,34.71,629300
VK.PA,20141006,34.89,34.92,31.10,31.52,868100
VK.PA,20141013,31.15,32.20,29.29,30.75,1041700
VK.PA,20141020,30.50,31.26,29.34,30.59,951300
VK.PA,20141027,30.36,30.66,28.23,29.30,991000
VK.PA,20141103,29.40,30.70,28.33,30.10,970400
VK.PA,20141110,30.09,30.60,29.27,29.68,709400
VK.PA,20141117,29.50,30.72,29.07,30.60,738700
VK.PA,20141124,30.60,30.60,25.12,26.67,1261400
VK.PA,20141201,26.00,26.00,24.62,25.33,1511800
VK.PA,20141208,25.22,25.70,22.01,22.01,1426200
VK.PA,20141215,22.01,23.27,21.23,22.47,1233600
VK.PA,20141222,22.70,23.16,22.17,22.75,296600
VK.PA,20141229,22.75,22.99,22.24,22.43,375400
VK.PA,20150105,22.34,22.43,19.96,20.16,1161800
VK.PA,20150112,20.20,20.24,18.51,19.81,1458900
VK.PA,20150119,19.93,21.39,19.44,20.43,1165300
VK.PA,20150126,19.94,20.59,17.98,19.37,1503600
