SEV.PA,20150310,16.38,16.50,16.07,16.17,1311300
SEV.PA,20150309,16.33,16.33,16.06,16.30,2407600
SEV.PA,20150306,16.14,16.31,16.02,16.20,1085500
SEV.PA,20150305,15.98,16.11,15.91,16.11,1104200
SEV.PA,20150304,15.68,15.96,15.61,15.96,1944000
SEV.PA,20150303,15.80,15.80,15.52,15.62,1550300
SEV.PA,20150302,16.00,16.03,15.71,15.71,2230900
SEV.PA,20150227,15.46,15.97,15.46,15.94,1572100
SEV.PA,20150226,15.55,15.72,15.44,15.45,3586900
SEV.PA,20150225,16.93,16.93,15.86,15.86,3890300
SEV.PA,20150224,16.16,16.94,16.16,16.94,1812700
SEV.PA,20150223,16.40,16.42,16.12,16.21,988900
SEV.PA,20150220,16.47,16.50,16.19,16.28,982800
SEV.PA,20150219,16.11,16.48,15.98,16.48,1214400
SEV.PA,20150218,16.23,16.35,16.09,16.17,635300
SEV.PA,20150217,16.15,16.26,15.95,16.20,743000
SEV.PA,20150216,16.30,16.35,16.16,16.20,657800
SEV.PA,20150213,16.41,16.48,16.25,16.32,1261300
SEV.PA,20150212,16.13,16.40,15.95,16.40,1121400
SEV.PA,20150211,16.15,16.31,16.10,16.22,744000
SEV.PA,20150210,15.89,16.20,15.82,16.13,1177600
SEV.PA,20150209,16.11,16.11,15.74,15.87,1454600
SEV.PA,20150206,16.33,16.38,16.15,16.25,947200
SEV.PA,20150205,16.30,16.50,16.19,16.33,1116300
SEV.PA,20150204,16.50,16.51,16.23,16.42,1522600
SEV.PA,20150203,16.34,16.82,16.30,16.51,2404700
SEV.PA,20150202,16.31,16.44,16.02,16.16,1550300
SEV.PA,20150130,16.74,16.78,16.25,16.31,1873300
SEV.PA,20150129,16.44,16.67,16.33,16.67,960500
SEV.PA,20150128,16.56,16.58,16.23,16.54,1078600
SEV.PA,20150127,16.72,16.72,16.28,16.44,1587100
SEV.PA,20150126,16.35,16.72,16.25,16.72,1309600
SEV.PA,20150123,16.38,16.66,16.34,16.44,2598400
SEV.PA,20150122,15.78,16.40,15.69,16.32,2140800
SEV.PA,20150121,15.61,15.76,15.48,15.72,1203600
SEV.PA,20150120,15.65,15.74,15.48,15.62,1221400
SEV.PA,20150119,15.72,15.73,15.40,15.63,1396100
SEV.PA,20150116,15.30,15.81,15.29,15.70,1448200
SEV.PA,20150115,15.24,15.44,14.90,15.38,1568600
SEV.PA,20150114,15.00,15.24,14.90,15.14,1307000
SEV.PA,20150113,14.87,15.29,14.84,15.23,2581700
SEV.PA,20150112,14.65,14.77,14.45,14.57,1067000
SEV.PA,20150109,14.60,14.95,14.51,14.61,2895900
SEV.PA,20150108,14.30,14.64,14.11,14.64,2917600
SEV.PA,20150107,14.07,14.28,13.96,14.23,1897700
SEV.PA,20150106,14.06,14.20,13.96,13.97,970200
SEV.PA,20150105,14.56,14.81,14.01,14.01,1815600
SEV.PA,20150102,14.52,14.69,14.35,14.63,850800
SEV.PA,20150101,14.44,14.44,14.44,14.44,000
SEV.PA,20141231,14.59,14.61,14.44,14.44,735000
SEV.PA,20141230,15.00,15.06,14.55,14.55,1052300
SEV.PA,20141229,14.98,15.09,14.81,15.09,706700
SEV.PA,20141226,14.98,14.98,14.98,14.98,000
SEV.PA,20141225,14.98,14.98,14.98,14.98,000
SEV.PA,20141224,15.00,15.00,14.89,14.98,321400
SEV.PA,20141223,14.80,14.98,14.65,14.98,853800
SEV.PA,20141222,14.83,14.93,14.76,14.81,658700
SEV.PA,20141219,14.77,14.85,14.53,14.82,3149800
SEV.PA,20141218,14.23,14.82,14.10,14.73,1866000
SEV.PA,20141217,13.88,14.07,13.74,14.02,1189000
SEV.PA,20141216,13.62,13.96,13.34,13.96,1946600
SEV.PA,20141215,13.95,14.17,13.53,13.53,1368200
SEV.PA,20141212,14.35,14.42,13.98,13.98,1677600
SEV.PA,20141211,14.38,14.49,14.29,14.41,853200
SEV.PA,20141210,14.36,14.62,14.35,14.36,1075700
SEV.PA,20141209,14.78,14.90,14.35,14.35,1958300
SEV.PA,20141208,14.74,14.94,14.56,14.94,1253600
SEV.PA,20141205,14.45,14.88,14.43,14.88,1660000
SEV.PA,20141204,14.23,14.52,14.10,14.31,1404600
SEV.PA,20141203,14.18,14.27,14.11,14.16,1380800
SEV.PA,20141202,14.32,14.35,14.11,14.18,1079700
SEV.PA,20141201,14.20,14.32,14.20,14.29,731300
SEV.PA,20141128,14.26,14.30,14.14,14.26,1338700
SEV.PA,20141127,13.99,14.22,13.89,14.22,948600
SEV.PA,20141126,13.85,13.98,13.84,13.98,959600
SEV.PA,20141125,13.62,13.85,13.60,13.85,2377700
SEV.PA,20141124,13.60,13.66,13.52,13.62,663900
SEV.PA,20141121,13.38,13.56,13.35,13.55,1353800
SEV.PA,20141120,13.60,13.65,13.30,13.38,949300
SEV.PA,20141119,13.50,13.64,13.40,13.64,892500
SEV.PA,20141118,13.33,13.48,13.28,13.48,1160600
SEV.PA,20141117,13.16,13.35,13.15,13.32,1172400
SEV.PA,20141114,13.26,13.31,13.14,13.28,897600
SEV.PA,20141113,13.35,13.36,13.11,13.23,1307400
SEV.PA,20141112,13.71,13.71,13.30,13.30,1805000
SEV.PA,20141111,13.73,13.84,13.65,13.75,758400
SEV.PA,20141110,13.60,13.70,13.49,13.70,1021200
SEV.PA,20141107,13.78,13.87,13.55,13.67,1283000
SEV.PA,20141106,13.63,13.81,13.53,13.78,1926000
SEV.PA,20141105,13.42,13.69,13.39,13.66,1199700
SEV.PA,20141104,13.48,13.70,13.34,13.38,1142700
SEV.PA,20141103,13.37,13.56,13.34,13.48,2295300
SEV.PA,20141031,13.29,13.44,13.22,13.43,1823700
SEV.PA,20141030,13.18,13.20,12.69,13.13,2683100
SEV.PA,20141029,13.40,13.47,13.12,13.15,1689300
SEV.PA,20141028,13.26,13.41,13.25,13.41,1074800
SEV.PA,20141027,13.38,13.48,13.07,13.17,1551000
SEV.PA,20141024,13.15,13.23,13.05,13.14,1025300
SEV.PA,20141023,13.10,13.21,12.91,13.21,1084900
SEV.PA,20141022,12.95,13.10,12.84,13.10,1394900
SEV.PA,20141021,12.52,12.91,12.52,12.91,1992200
SEV.PA,20141020,12.50,12.57,12.31,12.53,1139100
SEV.PA,20141017,12.13,12.57,12.11,12.55,2114400
SEV.PA,20141016,12.23,12.37,11.74,12.06,2286300
SEV.PA,20141015,12.55,12.71,12.19,12.19,2523700
SEV.PA,20141014,12.52,12.66,12.51,12.57,1401100
SEV.PA,20141013,12.27,12.64,12.24,12.60,1841500
SEV.PA,20141010,12.43,12.44,12.22,12.32,2165400
SEV.PA,20141009,12.65,12.77,12.47,12.52,1453800
SEV.PA,20141008,12.66,12.67,12.45,12.51,1700400
SEV.PA,20141007,13.19,13.19,12.69,12.69,2374800
SEV.PA,20141006,13.14,13.24,13.11,13.24,1738500
SEV.PA,20141003,13.11,13.12,12.71,13.10,2130400
SEV.PA,20141002,13.31,13.36,12.98,12.98,1927600
SEV.PA,20141001,13.40,13.51,13.20,13.35,1326300
SEV.PA,20140930,13.18,13.43,13.16,13.40,1551700
SEV.PA,20140929,13.11,13.25,13.05,13.15,1205700
SEV.PA,20140926,12.95,13.24,12.85,13.11,1714800
SEV.PA,20140925,13.24,13.40,13.05,13.05,1084700
SEV.PA,20140924,13.19,13.28,13.02,13.24,1002000
SEV.PA,20140923,13.49,13.49,13.10,13.17,1932200
SEV.PA,20140922,13.56,13.68,13.47,13.47,1152900
SEV.PA,20140919,13.55,13.63,13.46,13.55,1819500
SEV.PA,20140918,13.72,13.78,13.45,13.45,2233300
SEV.PA,20140917,13.85,14.01,13.81,13.82,877200
SEV.PA,20140916,14.10,14.10,13.81,13.82,1371400
SEV.PA,20140915,14.09,14.24,14.06,14.07,767900
SEV.PA,20140912,14.25,14.26,14.11,14.13,702800
SEV.PA,20140911,14.15,14.24,14.10,14.19,662900
SEV.PA,20140910,14.10,14.15,14.03,14.15,827900
SEV.PA,20140909,14.24,14.30,14.07,14.07,781800
SEV.PA,20140908,14.42,14.44,14.28,14.28,868200
SEV.PA,20140905,14.15,14.48,14.14,14.47,1470700
SEV.PA,20140904,13.98,14.20,13.97,14.12,1251300
SEV.PA,20140903,14.04,14.07,13.90,13.98,1433900
SEV.PA,20140902,14.07,14.14,13.98,14.01,701800
SEV.PA,20140901,14.07,14.10,13.97,14.03,521400
SEV.PA,20140829,13.98,14.03,13.89,14.03,928400
SEV.PA,20140828,14.11,14.19,13.94,13.94,1158300
SEV.PA,20140827,13.98,14.22,13.94,14.22,1373200
SEV.PA,20140826,13.67,14.00,13.67,14.00,1354600
SEV.PA,20140825,13.60,13.73,13.56,13.73,723800
SEV.PA,20140822,13.59,13.59,13.44,13.52,936800
SEV.PA,20140821,13.11,13.60,13.06,13.60,1979100
SEV.PA,20140820,13.01,13.11,12.96,13.11,980000
SEV.PA,20140819,13.06,13.11,12.94,13.00,666200
SEV.PA,20140818,13.03,13.10,13.00,13.05,817200
SEV.PA,20140815,13.04,13.06,12.90,12.90,1206800
SEV.PA,20140814,13.02,13.06,12.93,12.99,1437400
SEV.PA,20140813,13.03,13.15,12.97,13.07,902600
SEV.PA,20140812,13.11,13.12,13.01,13.03,697500
SEV.PA,20140811,13.06,13.26,13.01,13.11,1145800
SEV.PA,20140808,12.87,12.98,12.81,12.90,1166100
SEV.PA,20140807,13.00,13.10,12.96,12.97,1333800
SEV.PA,20140806,13.29,13.29,13.01,13.03,1642100
SEV.PA,20140805,13.50,13.52,13.33,13.33,899800
SEV.PA,20140804,13.48,13.61,13.41,13.44,813700
SEV.PA,20140801,13.90,13.94,13.47,13.47,1635500
SEV.PA,20140731,14.27,14.30,13.93,13.95,1249700
SEV.PA,20140730,14.13,14.65,14.07,14.25,1872500
SEV.PA,20140729,14.19,14.23,14.01,14.04,731800
SEV.PA,20140728,14.15,14.20,14.04,14.19,586800
SEV.PA,20140725,14.30,14.37,14.09,14.09,959600
SEV.PA,20140724,14.22,14.40,14.19,14.31,845800
SEV.PA,20140723,14.03,14.21,14.03,14.21,1024900
SEV.PA,20140722,13.91,14.10,13.85,14.09,1063100
SEV.PA,20140721,14.09,14.09,13.84,13.87,1021500
SEV.PA,20140718,13.60,14.09,13.60,14.09,1518700
SEV.PA,20140717,13.84,13.88,13.69,13.69,1091900
SEV.PA,20140716,13.82,13.90,13.81,13.90,838600
SEV.PA,20140715,13.69,13.85,13.62,13.80,1221600
SEV.PA,20140714,13.63,13.72,13.58,13.68,1168400
SEV.PA,20140711,13.34,13.56,13.34,13.56,1367200
SEV.PA,20140710,13.57,13.68,13.27,13.29,1668800
SEV.PA,20140709,13.69,13.69,13.37,13.60,1495800
SEV.PA,20140708,13.90,13.90,13.59,13.64,1532400
SEV.PA,20140707,14.02,14.11,13.86,13.86,765300
SEV.PA,20140704,14.00,14.05,13.90,14.00,591400
SEV.PA,20140703,14.10,14.12,13.98,14.03,892900
SEV.PA,20140702,14.15,14.15,13.97,14.05,1213300
SEV.PA,20140701,14.01,14.22,13.99,14.18,1187100
SEV.PA,20140630,14.36,14.47,13.98,13.98,1597300
SEV.PA,20140627,14.40,14.45,14.24,14.43,906700
SEV.PA,20140626,14.24,14.49,14.23,14.37,1029900
SEV.PA,20140625,14.46,14.46,14.06,14.19,2276300
SEV.PA,20140624,14.68,14.83,14.58,14.58,1472600
SEV.PA,20140623,14.98,15.01,14.72,14.72,1218000
SEV.PA,20140620,15.03,15.15,14.98,14.98,926400
SEV.PA,20140619,14.93,15.11,14.90,15.07,946300
SEV.PA,20140618,14.96,15.03,14.87,14.90,1000800
SEV.PA,20140617,15.01,15.13,14.94,14.98,994000
SEV.PA,20140616,14.91,15.10,14.86,15.02,828300
SEV.PA,20140613,15.00,15.07,14.90,15.00,861600
SEV.PA,20140612,15.17,15.25,15.01,15.06,1084800
SEV.PA,20140611,15.35,15.36,15.22,15.24,685500
SEV.PA,20140610,15.24,15.43,15.22,15.42,849300
SEV.PA,20140609,15.18,15.35,15.13,15.35,755700
SEV.PA,20140606,14.98,15.24,14.86,15.21,878300
SEV.PA,20140605,14.73,15.03,14.73,14.92,996300
SEV.PA,20140604,14.80,14.83,14.74,14.77,865300
SEV.PA,20140603,14.91,14.98,14.82,14.85,720400
SEV.PA,20140602,14.79,14.98,14.76,14.98,758700
SEV.PA,20140530,14.73,14.85,14.69,14.74,1259900
SEV.PA,20140529,14.71,14.82,14.60,14.80,706000
SEV.PA,20140528,14.76,14.81,14.66,14.76,846500
SEV.PA,20140527,14.59,14.74,14.59,14.72,919200
SEV.PA,20140526,14.65,14.90,14.57,14.60,1313100
SEV.PA,20140523,15.12,15.36,15.05,15.35,1305100
SEV.PA,20140522,14.80,15.15,14.76,15.10,1605700
SEV.PA,20140521,14.70,14.84,14.68,14.74,608900
SEV.PA,20140520,14.65,14.74,14.56,14.72,716600
SEV.PA,20140519,14.69,14.77,14.50,14.62,865200
SEV.PA,20140516,14.56,14.69,14.35,14.68,837000
SEV.PA,20140515,14.61,14.72,14.47,14.57,1207000
SEV.PA,20140514,14.53,14.64,14.43,14.59,662800
SEV.PA,20140513,14.54,14.60,14.43,14.49,676200
SEV.PA,20140512,14.19,14.56,14.16,14.53,1284900
SEV.PA,20140509,14.14,14.18,14.02,14.16,758700
SEV.PA,20140508,14.02,14.23,14.02,14.22,773700
SEV.PA,20140507,13.99,14.09,13.90,13.98,1132200
SEV.PA,20140506,14.14,14.20,13.94,13.98,865900
SEV.PA,20140505,14.06,14.16,14.01,14.13,622600
SEV.PA,20140502,14.21,14.24,14.03,14.10,1099000
SEV.PA,20140501,14.15,14.15,14.15,14.15,000
SEV.PA,20140430,14.17,14.20,14.00,14.15,1155100
SEV.PA,20140429,13.97,14.23,13.76,14.23,1842700
SEV.PA,20140428,14.15,14.20,13.96,14.13,1126800
SEV.PA,20140425,14.10,14.32,14.03,14.14,1401900
SEV.PA,20140424,14.60,14.65,14.23,14.39,1882200
SEV.PA,20140423,14.69,14.75,14.50,14.64,1035600
SEV.PA,20140422,14.75,14.76,14.59,14.70,1131400
SEV.PA,20140421,14.62,14.62,14.62,14.62,000
SEV.PA,20140418,14.62,14.62,14.62,14.62,000
SEV.PA,20140417,14.66,14.70,14.31,14.62,1589200
SEV.PA,20140416,14.23,14.81,14.01,14.72,3407800
SEV.PA,20140415,13.98,13.99,13.65,13.74,1817900
SEV.PA,20140414,14.11,14.15,13.88,13.98,1352100
SEV.PA,20140411,14.44,14.52,14.17,14.20,1414100
SEV.PA,20140410,14.66,14.67,14.45,14.52,1242800
SEV.PA,20140409,14.51,14.65,14.50,14.62,982000
SEV.PA,20140408,14.79,14.85,14.49,14.52,1392100
SEV.PA,20140407,14.78,14.96,14.70,14.82,704500
SEV.PA,20140404,14.86,15.02,14.79,14.85,949200
SEV.PA,20140403,14.89,14.89,14.70,14.85,1261600
SEV.PA,20140402,14.94,15.07,14.80,14.81,789600
SEV.PA,20140401,14.74,14.94,14.72,14.94,1223500
SEV.PA,20140331,14.88,14.94,14.62,14.74,1901200
SEV.PA,20140328,14.85,14.98,14.82,14.88,1092900
SEV.PA,20140327,14.80,14.85,14.73,14.83,1749700
SEV.PA,20140326,14.82,14.94,14.75,14.81,1214100
SEV.PA,20140325,14.79,14.95,14.73,14.81,2114000
SEV.PA,20140324,14.65,14.82,14.60,14.80,1960700
SEV.PA,20140321,14.55,14.80,14.55,14.73,3007400
SEV.PA,20140320,14.56,14.68,14.33,14.56,2038800
SEV.PA,20140319,14.41,14.62,14.30,14.60,1845600
SEV.PA,20140318,14.38,14.49,14.26,14.35,1203400
SEV.PA,20140317,14.31,14.41,14.24,14.40,905200
SEV.PA,20140314,14.41,14.44,13.86,14.14,2170900
SEV.PA,20140313,14.59,14.65,14.50,14.51,792900
SEV.PA,20140312,14.44,14.62,14.40,14.60,1090100
SEV.PA,20140311,14.49,14.65,14.37,14.56,1237100
SEV.PA,20140310,14.39,14.58,14.32,14.39,867300
SEV.PA,20140307,14.40,14.47,14.31,14.44,807900
SEV.PA,20140306,14.57,14.60,14.41,14.47,933000
SEV.PA,20140305,14.43,14.61,14.43,14.51,1159800
SEV.PA,20140304,14.37,14.48,14.23,14.37,1798400
SEV.PA,20140303,14.27,14.53,14.27,14.34,1208000
SEV.PA,20140228,14.60,14.65,14.44,14.48,1942000
SEV.PA,20140227,14.10,14.64,14.09,14.56,3038000
SEV.PA,20140226,14.25,14.28,14.00,14.08,975400
SEV.PA,20140225,14.20,14.39,14.13,14.27,1336800
SEV.PA,20140224,14.05,14.23,14.01,14.19,1454700
SEV.PA,20140221,14.07,14.23,14.04,14.11,1153500
SEV.PA,20140220,14.16,14.23,13.65,14.01,3859200
SEV.PA,20140219,13.16,13.22,13.08,13.18,1051400
SEV.PA,20140218,13.30,13.33,13.02,13.19,1318200
SEV.PA,20140217,13.38,13.44,13.27,13.33,718900
SEV.PA,20140214,13.32,13.39,13.24,13.39,746900
SEV.PA,20140213,13.53,13.58,13.17,13.23,1315500
SEV.PA,20140212,13.69,13.81,13.53,13.59,699300
SEV.PA,20140211,13.58,13.67,13.52,13.66,784700
SEV.PA,20140210,13.51,13.60,13.49,13.60,637200
SEV.PA,20140207,13.70,13.73,13.43,13.57,930900
SEV.PA,20140206,13.68,13.81,13.59,13.67,929300
SEV.PA,20140205,13.15,13.62,13.15,13.59,1258600
SEV.PA,20140204,13.23,13.34,13.14,13.19,927600
SEV.PA,20140203,13.28,13.40,13.18,13.30,721400
SEV.PA,20140131,13.26,13.34,13.05,13.28,945900
SEV.PA,20140130,13.16,13.30,13.12,13.25,721600
SEV.PA,20140129,13.45,13.50,13.12,13.24,858600
SEV.PA,20140128,13.43,13.45,13.31,13.42,911000
SEV.PA,20140127,13.56,13.56,13.32,13.39,603000
SEV.PA,20140124,13.70,13.78,13.48,13.56,1476700
SEV.PA,20140123,14.03,14.20,13.88,13.95,1175800
SEV.PA,20140122,13.85,14.09,13.79,14.07,1008100
SEV.PA,20140121,13.85,13.89,13.72,13.79,738200
SEV.PA,20140120,13.84,13.96,13.79,13.86,630300
SEV.PA,20140117,13.70,14.06,13.70,13.95,741100
SEV.PA,20140116,13.93,13.93,13.73,13.77,803600
SEV.PA,20140115,13.73,13.96,13.60,13.90,893600
SEV.PA,20140114,13.50,13.73,13.32,13.72,1064000
SEV.PA,20140113,13.24,13.34,13.23,13.32,632100
SEV.PA,20140110,13.10,13.25,13.10,13.23,645100
SEV.PA,20140109,13.32,13.32,13.02,13.12,1296700
SEV.PA,20140108,13.28,13.35,13.22,13.30,815700
SEV.PA,20140107,13.07,13.32,13.00,13.31,1898100
SEV.PA,20140106,13.06,13.15,12.98,13.01,880600
SEV.PA,20140103,12.87,13.14,12.81,13.08,684700
SEV.PA,20140102,13.03,13.06,12.78,12.78,669700
SEV.PA,20140101,13.02,13.02,13.02,13.02,000
SEV.PA,20131231,12.97,13.10,12.97,13.02,282400
SEV.PA,20131230,12.98,13.12,12.98,13.02,401800
SEV.PA,20131227,13.01,13.02,12.94,13.02,399500
SEV.PA,20131226,13.02,13.02,13.02,13.02,000
SEV.PA,20131225,13.02,13.02,13.02,13.02,000
SEV.PA,20131224,12.68,13.02,12.68,13.02,106400
SEV.PA,20131223,12.70,12.78,12.68,12.77,411200
SEV.PA,20131220,12.44,12.69,12.44,12.69,1439400
SEV.PA,20131219,12.50,12.57,12.43,12.52,708800
SEV.PA,20131218,12.49,12.51,12.36,12.40,866200
SEV.PA,20131217,12.62,12.64,12.45,12.48,1000900
SEV.PA,20131216,12.50,12.72,12.44,12.68,741700
SEV.PA,20131213,12.52,12.56,12.44,12.52,1100900
SEV.PA,20131212,12.49,12.56,12.48,12.52,800300
SEV.PA,20131211,12.38,12.62,12.35,12.56,1285400
SEV.PA,20131210,12.48,12.48,12.32,12.39,979700
SEV.PA,20131209,12.32,12.49,12.32,12.48,608100
SEV.PA,20131206,12.42,12.46,12.22,12.33,804800
SEV.PA,20131205,12.45,12.68,12.43,12.47,936600
SEV.PA,20131204,12.50,12.54,12.35,12.49,1221600
SEV.PA,20131203,12.57,12.60,12.43,12.49,1440800
SEV.PA,20131202,12.63,12.69,12.55,12.61,548400
SEV.PA,20131129,12.68,12.79,12.65,12.65,631000
SEV.PA,20131128,12.68,12.84,12.61,12.72,725300
SEV.PA,20131127,12.51,12.68,12.48,12.68,892700
SEV.PA,20131126,12.40,12.52,12.39,12.48,739100
SEV.PA,20131125,12.50,12.54,12.35,12.40,590400
SEV.PA,20131122,12.38,12.55,12.35,12.44,600100
SEV.PA,20131121,12.37,12.48,12.26,12.40,627300
SEV.PA,20131120,12.51,12.57,12.38,12.46,510700
SEV.PA,20131119,12.54,12.59,12.45,12.56,509000
SEV.PA,20131118,12.69,12.69,12.51,12.56,932700
SEV.PA,20131115,12.69,12.77,12.66,12.71,637200
SEV.PA,20131114,12.68,12.69,12.49,12.66,800400
SEV.PA,20131113,12.70,12.87,12.60,12.65,680200
SEV.PA,20131112,12.65,12.79,12.62,12.76,508300
SEV.PA,20131111,12.62,12.70,12.57,12.66,382000
SEV.PA,20131108,12.72,12.72,12.45,12.59,827500
SEV.PA,20131107,12.74,12.99,12.68,12.73,1153700
SEV.PA,20131106,12.84,12.90,12.62,12.69,750900
SEV.PA,20131105,12.88,12.98,12.68,12.82,730700
SEV.PA,20131104,12.81,12.90,12.77,12.84,737600
SEV.PA,20131101,12.94,12.94,12.79,12.81,569700
SEV.PA,20131031,12.86,13.00,12.80,12.85,1026100
SEV.PA,20131030,13.00,13.09,12.83,12.90,710600
SEV.PA,20131029,12.98,13.05,12.85,12.98,527200
SEV.PA,20131028,13.04,13.19,12.90,12.96,720800
SEV.PA,20131025,12.98,12.99,12.75,12.78,780300
SEV.PA,20131024,12.70,13.09,12.70,13.01,1825000
SEV.PA,20131023,12.40,12.70,12.40,12.64,1166600
SEV.PA,20131022,12.42,12.48,12.35,12.41,668100
SEV.PA,20131021,12.56,12.59,12.44,12.46,569000
SEV.PA,20131018,12.51,12.68,12.47,12.56,893300
SEV.PA,20131017,12.41,12.49,12.40,12.48,689500
SEV.PA,20131016,12.35,12.53,12.33,12.47,465400
SEV.PA,20131015,12.53,12.63,12.36,12.38,783700
SEV.PA,20131014,12.28,12.46,12.26,12.45,471500
SEV.PA,20131011,12.49,12.49,12.26,12.30,912000
SEV.PA,20131010,12.49,12.54,12.45,12.45,610200
SEV.PA,20131009,12.34,12.53,12.29,12.48,797200
SEV.PA,20131008,12.41,12.55,12.37,12.40,448600
SEV.PA,20131007,12.32,12.43,12.26,12.43,838000
SEV.PA,20131004,12.03,12.36,12.03,12.36,611000
SEV.PA,20131003,12.25,12.30,12.06,12.09,497200
SEV.PA,20131002,12.12,12.35,12.12,12.25,742600
SEV.PA,20131001,12.00,12.24,11.98,12.24,607300
SEV.PA,20130930,12.01,12.05,11.94,11.99,983600
SEV.PA,20130927,12.17,12.19,12.06,12.10,808100
SEV.PA,20130926,12.15,12.15,12.08,12.12,696700
SEV.PA,20130925,12.28,12.28,12.12,12.17,1023600
SEV.PA,20130924,12.10,12.35,12.10,12.27,817500
SEV.PA,20130923,12.06,12.16,12.01,12.12,698700
SEV.PA,20130920,12.26,12.36,12.09,12.09,1398700
SEV.PA,20130919,12.46,12.53,12.26,12.32,804200
SEV.PA,20130918,12.44,12.44,12.27,12.34,725700
SEV.PA,20130917,12.60,12.66,12.43,12.43,1241800
SEV.PA,20130916,12.51,12.69,12.46,12.69,1051600
SEV.PA,20130913,12.52,12.58,12.47,12.47,1285300
SEV.PA,20130912,12.30,12.60,12.25,12.51,1215400
SEV.PA,20130911,12.22,12.42,12.21,12.36,1135300
SEV.PA,20130910,11.90,12.31,11.90,12.20,1540200
SEV.PA,20130909,11.73,11.84,11.66,11.84,839900
SEV.PA,20130906,11.80,11.85,11.60,11.70,1018800
SEV.PA,20130905,11.52,11.80,11.52,11.80,930800
SEV.PA,20130904,11.55,11.57,11.43,11.53,983700
SEV.PA,20130903,11.48,11.56,11.38,11.53,672800
SEV.PA,20130902,11.35,11.48,11.34,11.48,756100
SEV.PA,20130830,11.40,11.40,11.13,11.27,990900
SEV.PA,20130829,11.34,11.44,11.20,11.44,771600
SEV.PA,20130828,11.10,11.35,11.06,11.32,701500
SEV.PA,20130827,11.34,11.34,11.15,11.15,769900
SEV.PA,20130826,11.49,11.50,11.24,11.31,496800
SEV.PA,20130823,11.38,11.49,11.35,11.41,464400
SEV.PA,20130822,11.34,11.48,11.34,11.42,784500
SEV.PA,20130821,11.20,11.35,11.19,11.34,790100
SEV.PA,20130820,11.19,11.22,11.11,11.14,834600
SEV.PA,20130819,11.35,11.35,11.19,11.26,648800
SEV.PA,20130816,11.23,11.43,11.16,11.36,1177600
SEV.PA,20130815,11.16,11.24,11.13,11.24,689500
SEV.PA,20130814,11.26,11.35,11.18,11.20,703900
SEV.PA,20130813,11.47,11.49,11.26,11.26,1047200
SEV.PA,20130812,11.46,11.49,11.32,11.47,838200
SEV.PA,20130809,11.34,11.48,11.34,11.47,921800
SEV.PA,20130808,11.32,11.39,11.27,11.35,1029900
SEV.PA,20130807,10.93,11.30,10.88,11.29,1420200
SEV.PA,20130806,11.10,11.14,10.95,10.98,757600
SEV.PA,20130805,11.08,11.12,10.99,11.10,636100
SEV.PA,20130802,10.91,11.07,10.88,11.07,1079200
SEV.PA,20130801,10.77,10.96,10.71,10.87,959200
SEV.PA,20130731,10.72,10.90,10.59,10.65,1703000
SEV.PA,20130730,10.36,10.49,10.32,10.43,1003500
SEV.PA,20130729,10.39,10.44,10.29,10.32,407300
SEV.PA,20130726,10.31,10.39,10.30,10.37,1110700
SEV.PA,20130725,10.21,10.32,10.15,10.28,686100
SEV.PA,20130724,10.23,10.27,10.10,10.20,1196000
SEV.PA,20130723,10.30,10.31,10.19,10.23,728000
SEV.PA,20130722,10.30,10.31,10.20,10.26,731900
SEV.PA,20130719,10.25,10.32,10.19,10.31,780700
SEV.PA,20130718,10.18,10.32,10.14,10.26,1787900
SEV.PA,20130717,10.15,10.22,10.08,10.19,1753400
SEV.PA,20130716,10.23,10.27,10.11,10.17,824000
SEV.PA,20130715,10.13,10.21,10.09,10.21,352000
SEV.PA,20130712,10.28,10.29,10.10,10.11,530700
SEV.PA,20130711,10.21,10.30,10.15,10.27,779400
SEV.PA,20130710,10.02,10.10,9.89,10.10,605700
SEV.PA,20130709,10.00,10.08,9.95,10.02,932200
SEV.PA,20130708,9.77,9.97,9.66,9.96,1163900
SEV.PA,20130705,9.95,10.00,9.74,9.74,971500
SEV.PA,20130704,9.98,9.98,9.81,9.95,821900
SEV.PA,20130703,9.83,9.90,9.70,9.89,1017900
SEV.PA,20130702,9.88,9.88,9.72,9.88,996400
SEV.PA,20130701,9.91,9.94,9.70,9.85,1069100
SEV.PA,20130628,9.89,9.98,9.75,9.92,1353900
SEV.PA,20130627,9.85,9.94,9.71,9.89,1274800
SEV.PA,20130626,9.51,9.98,9.51,9.85,2079600
SEV.PA,20130625,9.48,9.64,9.32,9.38,1447900
SEV.PA,20130624,9.41,9.43,9.25,9.31,1027600
SEV.PA,20130621,9.69,9.69,9.38,9.40,1976000
SEV.PA,20130620,9.81,9.82,9.63,9.64,1198200
SEV.PA,20130619,10.03,10.10,9.91,9.91,647800
SEV.PA,20130618,10.00,10.08,9.99,10.06,609800
SEV.PA,20130617,9.97,10.18,9.96,10.00,749500
SEV.PA,20130614,10.00,10.02,9.89,9.97,896700
SEV.PA,20130613,9.72,10.02,9.72,9.95,923800
SEV.PA,20130612,9.75,10.02,9.74,9.85,953500
SEV.PA,20130611,9.88,9.90,9.70,9.74,810600
SEV.PA,20130610,10.00,10.02,9.86,9.90,820500
SEV.PA,20130607,9.83,9.91,9.81,9.85,1207500
SEV.PA,20130606,10.01,10.05,9.84,9.84,888200
SEV.PA,20130605,9.93,10.03,9.88,9.90,1049600
SEV.PA,20130604,9.88,10.02,9.83,10.02,1251900
SEV.PA,20130603,9.90,9.98,9.77,9.85,968400
SEV.PA,20130531,10.12,10.13,9.92,9.93,1348900
SEV.PA,20130530,9.85,10.14,9.85,10.09,1195900
SEV.PA,20130529,10.20,10.20,9.87,9.87,1371100
SEV.PA,20130528,10.19,10.26,10.11,10.20,1147300
SEV.PA,20130527,10.19,10.48,10.10,10.19,652700
SEV.PA,20130524,11.01,11.02,10.81,10.85,980700
SEV.PA,20130523,11.00,11.00,10.88,10.95,1292500
SEV.PA,20130522,11.19,11.30,11.08,11.19,1527200
SEV.PA,20130521,11.19,11.26,11.14,11.23,1030200
SEV.PA,20130520,11.02,11.19,11.02,11.19,534000
SEV.PA,20130517,11.09,11.24,11.01,11.02,1058000
SEV.PA,20130516,11.12,11.16,11.00,11.09,585500
SEV.PA,20130515,10.88,11.20,10.86,11.16,1175400
SEV.PA,20130514,10.96,11.10,10.86,10.92,862300
SEV.PA,20130513,10.94,11.01,10.82,10.98,724900
SEV.PA,20130510,10.89,11.01,10.88,10.98,1007100
SEV.PA,20130509,10.95,11.00,10.75,10.91,858800
SEV.PA,20130508,11.01,11.07,10.90,10.98,780300
SEV.PA,20130507,11.03,11.12,10.97,11.01,1175500
SEV.PA,20130506,11.14,11.35,11.06,11.19,710100
SEV.PA,20130503,11.01,11.19,10.89,11.19,1761900
SEV.PA,20130502,10.90,11.02,10.75,10.86,1359300
SEV.PA,20130501,10.90,10.90,10.90,10.90,000
SEV.PA,20130430,10.85,10.94,10.77,10.90,1144400
SEV.PA,20130429,10.61,10.82,10.60,10.82,1074400
SEV.PA,20130426,10.50,10.65,10.48,10.60,853200
SEV.PA,20130425,10.27,10.57,10.22,10.51,971400
SEV.PA,20130424,10.36,10.44,10.22,10.30,1323700
SEV.PA,20130423,10.02,10.39,10.02,10.39,1099900
SEV.PA,20130422,9.90,10.19,9.88,10.01,1225800
SEV.PA,20130419,9.76,9.87,9.59,9.84,1731400
SEV.PA,20130418,10.06,10.10,9.71,9.83,2401700
SEV.PA,20130417,10.30,10.30,10.05,10.05,1346600
SEV.PA,20130416,10.37,10.41,10.15,10.19,852200
SEV.PA,20130415,10.47,10.62,10.25,10.39,1199700
SEV.PA,20130412,10.35,10.52,10.30,10.44,1441900
SEV.PA,20130411,10.19,10.45,10.15,10.32,1605700
SEV.PA,20130410,10.01,10.22,10.01,10.20,1214800
SEV.PA,20130409,9.95,10.06,9.90,9.95,1307600
SEV.PA,20130408,10.03,10.05,9.89,9.90,965600
SEV.PA,20130405,9.99,10.16,9.88,9.96,1042100
SEV.PA,20130404,10.00,10.16,9.95,9.98,1077000
SEV.PA,20130403,9.96,10.02,9.88,9.91,1083400
SEV.PA,20130402,10.03,10.12,9.83,9.93,1345900
SEV.PA,20130401,9.95,9.95,9.95,9.95,000
SEV.PA,20130329,9.95,9.95,9.95,9.95,000
SEV.PA,20130328,9.79,9.98,9.77,9.95,1403100
SEV.PA,20130327,10.04,10.04,9.66,9.79,1492500
SEV.PA,20130326,9.93,10.05,9.92,9.97,914700
SEV.PA,20130325,10.15,10.15,9.82,9.92,1703200
SEV.PA,20130322,10.29,10.30,10.04,10.05,1054700
SEV.PA,20130321,10.22,10.35,10.10,10.22,1043600
SEV.PA,20130320,10.15,10.24,10.01,10.23,880400
SEV.PA,20130319,10.07,10.23,10.02,10.12,872300
SEV.PA,20130318,9.92,10.12,9.89,10.07,935100
SEV.PA,20130315,10.07,10.10,9.99,10.00,2385100
SEV.PA,20130314,10.14,10.17,9.93,10.09,1018100
SEV.PA,20130313,10.11,10.15,10.00,10.12,512000
SEV.PA,20130312,10.12,10.26,10.10,10.10,608000
SEV.PA,20130311,10.33,10.33,10.10,10.14,897000
SEV.PA,20130308,10.16,10.32,10.16,10.31,974400
SEV.PA,20130307,10.14,10.27,10.00,10.12,1484300
SEV.PA,20130306,10.31,10.36,10.20,10.30,1029600
SEV.PA,20130305,10.36,10.45,10.24,10.27,1112400
SEV.PA,20130304,9.94,10.35,9.94,10.31,1210800
SEV.PA,20130301,10.19,10.28,9.91,9.98,1789600
SEV.PA,20130228,10.10,10.35,10.00,10.22,2442800
SEV.PA,20130227,9.69,10.06,9.65,10.05,1545900
SEV.PA,20130226,9.63,9.82,9.62,9.64,1326600
SEV.PA,20130225,9.82,10.03,9.74,9.90,1292800
SEV.PA,20130222,9.54,9.80,9.53,9.80,1681600
SEV.PA,20130221,9.88,9.88,9.60,9.60,1340900
SEV.PA,20130220,10.06,10.07,9.87,9.90,938200
SEV.PA,20130219,9.87,10.06,9.87,10.06,1069700
SEV.PA,20130218,9.85,9.91,9.78,9.87,703900
SEV.PA,20130215,9.60,10.03,9.55,9.83,2279500
SEV.PA,20130214,9.77,9.84,9.22,9.57,4076200
SEV.PA,20130213,9.92,9.97,9.81,9.84,1486900
SEV.PA,20130212,9.84,9.95,9.78,9.94,1144100
SEV.PA,20130211,9.90,10.01,9.81,9.85,1024100
SEV.PA,20130208,10.02,10.04,9.89,9.91,1321700
SEV.PA,20130207,9.81,10.11,9.81,9.98,2267000
SEV.PA,20130206,9.86,9.93,9.74,9.82,1260800
SEV.PA,20130205,9.64,9.87,9.56,9.79,1327400
SEV.PA,20130204,10.15,10.26,9.66,9.66,1999800
SEV.PA,20130201,9.76,9.84,9.68,9.72,1100400
SEV.PA,20130131,9.75,9.88,9.70,9.75,1563300
SEV.PA,20130130,9.84,9.92,9.68,9.77,1395800
SEV.PA,20130129,9.82,9.85,9.67,9.82,1890800
SEV.PA,20130128,9.91,9.94,9.72,9.81,1035500
SEV.PA,20130125,9.85,9.98,9.78,9.88,1933100
SEV.PA,20130124,9.65,9.96,9.59,9.84,2284000
SEV.PA,20130123,9.59,9.69,9.49,9.63,1232900
SEV.PA,20130122,9.55,9.73,9.40,9.61,2027300
SEV.PA,20130121,9.14,9.54,9.10,9.52,1669300
SEV.PA,20130118,9.06,9.12,8.98,9.10,1822000
SEV.PA,20130117,8.82,9.01,8.80,9.01,1290400
SEV.PA,20130116,8.81,8.85,8.73,8.82,707200
SEV.PA,20130115,8.74,8.86,8.70,8.83,1002700
SEV.PA,20130114,8.93,9.02,8.73,8.78,1396200
SEV.PA,20130111,9.01,9.03,8.91,8.98,834200
SEV.PA,20130110,9.08,9.15,8.93,9.00,1343200
SEV.PA,20130109,9.20,9.24,9.08,9.16,724500
SEV.PA,20130108,9.12,9.20,9.09,9.20,914900
SEV.PA,20130107,9.07,9.20,9.01,9.12,812800
SEV.PA,20130104,9.18,9.21,9.08,9.12,1113800
SEV.PA,20130103,9.23,9.27,9.15,9.21,1102100
SEV.PA,20130102,9.21,9.24,9.15,9.20,1133300
SEV.PA,20130101,9.11,9.11,9.11,9.11,000
SEV.PA,20121231,9.04,9.11,9.03,9.11,551400
SEV.PA,20121228,9.07,9.16,9.03,9.11,529400
SEV.PA,20121227,9.17,9.21,9.08,9.08,1027900
SEV.PA,20121226,9.14,9.14,9.14,9.14,000
SEV.PA,20121225,9.14,9.14,9.14,9.14,000
SEV.PA,20121224,9.16,9.21,9.14,9.14,268100
SEV.PA,20121221,9.22,9.27,9.15,9.23,1682100
SEV.PA,20121220,9.14,9.21,9.10,9.21,987900
SEV.PA,20121219,9.20,9.21,9.02,9.19,1213000
SEV.PA,20121218,9.16,9.20,9.10,9.15,1091000
SEV.PA,20121217,9.03,9.16,9.03,9.15,777100
SEV.PA,20121214,9.15,9.15,8.94,9.03,871300
SEV.PA,20121213,9.05,9.11,8.93,9.11,1112200
SEV.PA,20121212,9.03,9.09,8.91,9.04,1736400
SEV.PA,20121211,8.60,9.02,8.54,9.01,4386400
SEV.PA,20121210,8.30,8.33,8.22,8.33,583200
SEV.PA,20121207,8.30,8.32,8.22,8.29,926300
SEV.PA,20121206,8.22,8.43,8.21,8.32,1427400
SEV.PA,20121205,8.48,8.63,8.32,8.35,1798100
SEV.PA,20121204,8.41,8.60,8.41,8.45,1119200
SEV.PA,20121203,8.42,8.55,8.40,8.49,1001300
SEV.PA,20121130,8.46,8.57,8.38,8.38,1549200
SEV.PA,20121129,8.20,8.47,8.20,8.47,1154600
SEV.PA,20121128,7.98,8.19,7.93,8.19,1483200
SEV.PA,20121127,8.04,8.06,7.93,8.00,1021100
SEV.PA,20121126,8.15,8.15,8.02,8.02,857000
SEV.PA,20121123,8.17,8.22,8.08,8.16,889400
SEV.PA,20121122,8.19,8.22,8.09,8.18,940100
SEV.PA,20121121,8.07,8.21,8.06,8.14,812700
SEV.PA,20121120,8.05,8.12,7.96,8.08,954700
SEV.PA,20121119,7.94,8.09,7.81,8.09,1205500
SEV.PA,20121116,8.01,8.03,7.88,7.88,1495800
SEV.PA,20121115,8.18,8.18,8.00,8.02,1170600
SEV.PA,20121114,8.10,8.22,8.03,8.22,1607400
SEV.PA,20121113,8.01,8.09,7.92,8.04,1516800
SEV.PA,20121112,8.06,8.18,8.02,8.07,1050700
SEV.PA,20121109,8.00,8.10,7.98,8.05,1275900
SEV.PA,20121108,8.17,8.20,7.99,7.99,1359600
SEV.PA,20121107,8.23,8.43,8.14,8.15,1444600
SEV.PA,20121106,8.05,8.16,8.01,8.15,926100
SEV.PA,20121105,8.22,8.24,8.05,8.05,1461900
SEV.PA,20121102,8.15,8.27,8.09,8.27,993400
SEV.PA,20121101,8.15,8.23,8.10,8.14,1783900
SEV.PA,20121031,8.36,8.42,8.19,8.19,1709500
SEV.PA,20121030,8.41,8.42,8.31,8.35,562600
SEV.PA,20121029,8.49,8.49,8.30,8.36,1031800
SEV.PA,20121026,8.40,8.62,8.38,8.51,1425600
SEV.PA,20121025,8.15,8.73,8.15,8.45,3787100
SEV.PA,20121024,8.22,8.26,8.08,8.17,1976900
SEV.PA,20121023,8.31,8.34,8.15,8.20,1698200
SEV.PA,20121022,8.41,8.44,8.26,8.30,1468800
SEV.PA,20121019,8.42,8.46,8.36,8.44,1695500
SEV.PA,20121018,8.60,8.61,8.43,8.48,2257500
SEV.PA,20121017,8.68,8.72,8.64,8.71,830400
SEV.PA,20121016,8.49,8.62,8.43,8.61,1336900
SEV.PA,20121015,8.55,8.65,8.41,8.42,1106200
SEV.PA,20121012,8.51,8.59,8.48,8.56,834400
SEV.PA,20121011,8.48,8.56,8.45,8.53,1078200
SEV.PA,20121010,8.47,8.65,8.47,8.50,1381900
SEV.PA,20121009,8.47,8.52,8.40,8.49,1005700
SEV.PA,20121008,8.50,8.52,8.40,8.45,1201700
SEV.PA,20121005,8.45,8.55,8.38,8.55,1506700
SEV.PA,20121004,8.68,8.68,8.43,8.47,1588500
SEV.PA,20121003,8.71,8.73,8.58,8.63,2173800
SEV.PA,20121002,8.78,8.89,8.69,8.69,2066100
SEV.PA,20121001,8.81,8.92,8.77,8.87,2099700
SEV.PA,20120928,9.02,9.09,8.78,8.82,2213100
SEV.PA,20120927,9.00,9.08,8.93,8.96,1933800
SEV.PA,20120926,9.15,9.22,8.84,9.00,2530800
SEV.PA,20120925,9.35,9.37,9.21,9.26,1811100
SEV.PA,20120924,9.10,9.27,9.03,9.24,2029300
SEV.PA,20120921,9.15,9.33,9.14,9.14,2717400
SEV.PA,20120920,9.29,9.33,9.19,9.21,1873800
SEV.PA,20120919,9.50,9.57,9.30,9.35,1836700
SEV.PA,20120918,9.41,9.52,9.33,9.51,1170800
SEV.PA,20120917,9.61,9.62,9.44,9.48,1550500
SEV.PA,20120914,9.55,9.63,9.55,9.63,1278600
SEV.PA,20120913,9.50,9.63,9.40,9.42,1033800
SEV.PA,20120912,9.44,9.56,9.43,9.54,1718100
SEV.PA,20120911,9.44,9.48,9.37,9.44,976900
SEV.PA,20120910,9.28,9.51,9.25,9.48,1703700
SEV.PA,20120907,9.35,9.61,9.28,9.28,2523300
SEV.PA,20120906,8.91,9.42,8.87,9.35,1705900
SEV.PA,20120905,9.01,9.07,8.80,8.83,1221500
SEV.PA,20120904,9.03,9.07,8.95,9.03,1056400
SEV.PA,20120903,8.90,8.99,8.85,8.94,630700
SEV.PA,20120831,8.75,8.92,8.75,8.91,1044900
SEV.PA,20120830,9.05,9.13,8.78,8.78,1367600
SEV.PA,20120829,9.06,9.15,9.02,9.06,572300
SEV.PA,20120828,9.16,9.22,9.06,9.06,520800
SEV.PA,20120827,9.04,9.22,9.03,9.22,615600
SEV.PA,20120824,8.99,9.02,8.93,9.02,482200
SEV.PA,20120823,9.19,9.24,8.95,8.98,643400
SEV.PA,20120822,9.21,9.30,9.15,9.15,734900
SEV.PA,20120821,9.30,9.41,9.22,9.30,828400
SEV.PA,20120820,9.35,9.48,9.28,9.35,897400
SEV.PA,20120817,9.40,9.50,9.31,9.40,1129700
SEV.PA,20120816,8.88,9.30,8.88,9.30,1057700
SEV.PA,20120815,8.87,8.94,8.84,8.89,801000
SEV.PA,20120814,8.85,8.95,8.78,8.89,1057600
SEV.PA,20120813,8.88,9.02,8.86,8.91,534600
SEV.PA,20120810,8.86,8.98,8.79,8.88,945300
SEV.PA,20120809,9.04,9.09,8.86,8.95,1082100
SEV.PA,20120808,9.09,9.13,8.93,9.02,948100
SEV.PA,20120807,9.01,9.20,8.98,9.11,1415500
SEV.PA,20120806,8.90,9.10,8.85,9.08,1043400
SEV.PA,20120803,8.56,8.89,8.53,8.89,1869200
SEV.PA,20120802,8.86,9.05,8.40,8.54,2458400
SEV.PA,20120801,9.16,9.20,8.79,8.89,1392300
SEV.PA,20120731,9.17,9.22,8.90,8.94,1911000
SEV.PA,20120730,9.02,9.16,9.00,9.16,1267100
SEV.PA,20120727,8.64,9.03,8.53,9.03,1835600
SEV.PA,20120726,8.17,8.60,8.10,8.60,1720800
SEV.PA,20120725,8.02,8.27,8.01,8.12,1060600
SEV.PA,20120724,8.27,8.31,8.05,8.06,1308200
SEV.PA,20120723,8.52,8.54,8.22,8.23,1748600
SEV.PA,20120720,9.08,9.12,8.56,8.59,2574800
SEV.PA,20120719,8.79,9.11,8.71,9.08,2233600
SEV.PA,20120718,8.65,8.75,8.58,8.75,1415400
SEV.PA,20120717,8.58,8.77,8.56,8.65,1549700
SEV.PA,20120716,8.38,8.56,8.34,8.56,1677200
SEV.PA,20120713,8.24,8.40,8.14,8.39,1462800
SEV.PA,20120712,8.28,8.36,8.15,8.18,1567900
SEV.PA,20120711,8.35,8.44,8.30,8.32,1421800
SEV.PA,20120710,8.33,8.48,8.25,8.42,1607100
SEV.PA,20120709,8.28,8.38,8.22,8.33,1780400
SEV.PA,20120706,8.38,8.42,8.27,8.28,1377800
SEV.PA,20120705,8.41,8.49,8.28,8.39,2213100
SEV.PA,20120704,8.37,8.43,8.23,8.42,1617100
SEV.PA,20120703,8.21,8.46,8.14,8.36,2781200
SEV.PA,20120702,8.49,8.52,8.25,8.40,3137000
SEV.PA,20120629,9.03,9.10,8.13,8.47,7921300
SEV.PA,20120628,9.60,9.60,9.01,9.09,2388600
SEV.PA,20120627,8.98,9.22,8.95,9.19,1910000
SEV.PA,20120626,8.94,9.06,8.85,8.93,2354400
SEV.PA,20120625,9.36,9.36,8.93,9.01,2284700
SEV.PA,20120622,9.42,9.53,9.36,9.36,2009000
SEV.PA,20120621,9.62,9.64,9.44,9.47,2126500
SEV.PA,20120620,9.59,9.70,9.48,9.69,1667800
SEV.PA,20120619,9.43,9.63,9.37,9.56,1964200
SEV.PA,20120618,9.80,9.83,9.43,9.48,2397500
SEV.PA,20120615,9.20,9.73,9.12,9.73,3424500
SEV.PA,20120614,8.93,9.12,8.86,9.12,1682000
SEV.PA,20120613,8.86,8.96,8.80,8.88,1761100
SEV.PA,20120612,8.79,8.90,8.71,8.85,1543000
SEV.PA,20120611,9.10,9.14,8.76,8.76,1473200
SEV.PA,20120608,8.84,8.99,8.82,8.95,1448100
SEV.PA,20120607,8.93,8.96,8.76,8.93,2057900
SEV.PA,20120606,8.61,8.96,8.55,8.95,2158200
SEV.PA,20120605,8.76,8.77,8.52,8.58,1407900
SEV.PA,20120604,8.61,8.78,8.60,8.69,1937800
SEV.PA,20120601,8.84,8.85,8.61,8.64,1340400
SEV.PA,20120531,9.00,9.00,8.67,8.78,2289500
SEV.PA,20120530,8.90,8.99,8.76,8.81,5847700
SEV.PA,20120529,9.11,9.12,8.85,8.95,6219300
SEV.PA,20120528,9.27,9.33,8.96,9.02,1245300
SEV.PA,20120525,9.85,10.08,9.81,9.87,1962400
SEV.PA,20120524,9.57,10.03,9.57,9.89,2632100
SEV.PA,20120523,9.51,9.69,9.47,9.53,1582400
SEV.PA,20120522,9.44,9.63,9.34,9.61,1771000
SEV.PA,20120521,9.52,9.62,9.40,9.45,1215200
SEV.PA,20120518,9.32,9.77,9.32,9.55,1519800
SEV.PA,20120517,9.52,9.58,9.39,9.42,1166300
SEV.PA,20120516,9.39,9.59,9.30,9.54,2198400
SEV.PA,20120515,9.65,9.68,9.40,9.47,1707400
SEV.PA,20120514,9.94,10.00,9.59,9.59,2145800
SEV.PA,20120511,10.09,10.10,9.91,10.02,1244100
SEV.PA,20120510,10.09,10.14,9.94,10.11,1727400
SEV.PA,20120509,10.23,10.27,9.86,9.91,1481100
SEV.PA,20120508,10.32,10.49,10.17,10.17,937500
SEV.PA,20120507,10.12,10.42,10.12,10.34,717400
SEV.PA,20120504,10.40,10.52,10.23,10.30,995900
SEV.PA,20120503,10.62,10.74,10.39,10.40,1089200
SEV.PA,20120502,10.92,10.93,10.44,10.60,1549400
SEV.PA,20120501,10.65,10.65,10.65,10.65,000
SEV.PA,20120430,10.56,10.70,10.50,10.65,1251800
SEV.PA,20120427,10.39,10.60,10.30,10.52,869800
SEV.PA,20120426,10.51,10.55,10.31,10.46,1182500
SEV.PA,20120425,10.31,10.74,10.31,10.41,1669200
SEV.PA,20120424,10.31,10.32,9.98,10.27,1250800
SEV.PA,20120423,10.45,10.45,10.09,10.10,1620900
SEV.PA,20120420,10.25,10.54,10.25,10.54,1644800
SEV.PA,20120419,10.40,10.61,10.31,10.32,1227500
SEV.PA,20120418,10.66,10.73,10.35,10.35,1788400
SEV.PA,20120417,10.30,10.73,10.30,10.73,1531400
SEV.PA,20120416,10.25,10.49,10.23,10.31,850300
SEV.PA,20120413,10.49,10.52,10.24,10.27,1334300
SEV.PA,20120412,10.59,10.64,10.32,10.52,1820700
SEV.PA,20120411,10.43,10.68,10.36,10.63,1998300
SEV.PA,20120410,10.54,10.65,10.44,10.48,1312600
SEV.PA,20120409,10.65,10.65,10.65,10.65,000
SEV.PA,20120406,10.65,10.65,10.65,10.65,000
SEV.PA,20120405,10.65,10.72,10.36,10.65,1727600
SEV.PA,20120404,11.06,11.07,10.69,10.69,2049500
SEV.PA,20120403,11.45,11.53,11.11,11.11,1708500
SEV.PA,20120402,11.58,11.64,11.29,11.44,1018100
SEV.PA,20120330,11.40,11.53,11.30,11.50,1067200
SEV.PA,20120329,11.82,11.86,11.31,11.35,2063500
SEV.PA,20120328,11.73,11.77,11.59,11.61,823300
SEV.PA,20120327,11.78,11.86,11.71,11.73,803400
SEV.PA,20120326,11.58,11.71,11.48,11.69,867600
SEV.PA,20120323,11.71,11.80,11.52,11.55,1945600
SEV.PA,20120322,11.86,11.90,11.57,11.57,1413400
SEV.PA,20120321,12.10,12.17,11.84,11.89,1501900
SEV.PA,20120320,12.00,12.08,11.98,12.05,952800
SEV.PA,20120319,12.06,12.12,12.02,12.06,1430300
SEV.PA,20120316,11.98,12.23,11.98,12.10,1721400
SEV.PA,20120315,11.90,12.02,11.71,11.97,2472400
SEV.PA,20120314,11.90,11.97,11.79,11.92,1893600
SEV.PA,20120313,11.60,11.89,11.59,11.86,1327700
SEV.PA,20120312,11.44,11.55,11.39,11.52,2059900
SEV.PA,20120309,11.28,11.55,11.11,11.49,1763500
SEV.PA,20120308,11.01,11.24,10.89,11.24,1924000
SEV.PA,20120307,10.89,11.01,10.74,10.90,1686200
SEV.PA,20120306,11.28,11.28,10.90,10.90,1719100
SEV.PA,20120305,11.73,11.74,11.26,11.30,2317400
SEV.PA,20120302,11.40,11.80,11.39,11.80,2989300
SEV.PA,20120301,10.98,11.40,10.96,11.40,2015500
SEV.PA,20120229,10.68,11.09,10.65,10.99,2947900
SEV.PA,20120228,10.46,10.65,10.46,10.63,1156200
SEV.PA,20120227,10.45,10.51,10.33,10.48,667200
SEV.PA,20120224,10.25,10.54,10.24,10.54,987400
SEV.PA,20120223,10.27,10.28,10.11,10.21,872000
SEV.PA,20120222,10.44,10.47,10.28,10.28,695700
SEV.PA,20120221,10.48,10.50,10.31,10.44,651800
SEV.PA,20120220,10.51,10.55,10.32,10.48,886200
SEV.PA,20120217,10.27,10.47,10.15,10.47,987500
SEV.PA,20120216,10.15,10.19,10.03,10.19,641900
SEV.PA,20120215,10.20,10.33,10.10,10.21,1296800
SEV.PA,20120214,9.97,10.13,9.93,10.10,892600
SEV.PA,20120213,10.11,10.18,9.98,10.02,711000
SEV.PA,20120210,10.10,10.15,9.98,10.10,838900
SEV.PA,20120209,10.18,10.19,9.95,10.09,1113000
SEV.PA,20120208,10.10,10.23,9.70,10.19,2960600
SEV.PA,20120207,10.24,10.26,9.97,10.10,1141700
SEV.PA,20120206,10.25,10.28,10.03,10.18,1320500
SEV.PA,20120203,10.00,10.25,9.96,10.25,1908600
SEV.PA,20120202,10.05,10.07,9.99,10.02,1657500
SEV.PA,20120201,9.83,10.05,9.81,10.02,1886000
SEV.PA,20120131,9.72,9.81,9.70,9.79,1431400
SEV.PA,20120130,9.92,9.92,9.59,9.66,1376900
SEV.PA,20120127,9.84,9.98,9.74,9.95,1708500
SEV.PA,20120126,9.53,9.89,9.51,9.89,1970700
SEV.PA,20120125,9.36,9.56,9.35,9.51,1693600
SEV.PA,20120124,9.15,9.35,9.14,9.35,1417700
SEV.PA,20120123,9.36,9.36,9.13,9.19,1142700
SEV.PA,20120120,9.16,9.32,9.05,9.32,1695900
SEV.PA,20120119,9.15,9.16,9.00,9.10,1744700
SEV.PA,20120118,9.40,9.42,8.97,9.14,3035200
SEV.PA,20120117,9.24,9.57,9.20,9.39,2995100
SEV.PA,20120116,8.88,9.06,8.87,9.05,829300
SEV.PA,20120113,8.95,9.04,8.84,8.95,1645100
SEV.PA,20120112,8.62,8.94,8.62,8.91,1758200
SEV.PA,20120111,8.66,8.76,8.60,8.62,1347500
SEV.PA,20120110,8.64,8.70,8.58,8.67,786600
SEV.PA,20120109,8.71,8.75,8.60,8.60,619600
SEV.PA,20120106,8.70,8.82,8.66,8.69,989800
SEV.PA,20120105,8.96,8.96,8.65,8.69,1439800
SEV.PA,20120104,9.04,9.04,8.84,8.85,1114700
SEV.PA,20120103,9.24,9.24,8.89,9.03,1393400
SEV.PA,20120102,8.94,9.20,8.90,9.20,762700
SEV.PA,20111230,8.91,8.94,8.78,8.90,645700
SEV.PA,20111229,8.78,8.90,8.70,8.90,780300
SEV.PA,20111228,8.86,8.89,8.73,8.73,599600
SEV.PA,20111227,8.88,8.97,8.82,8.85,372800
SEV.PA,20111226,8.86,8.86,8.86,8.86,000
SEV.PA,20111223,8.78,8.89,8.77,8.86,629800
SEV.PA,20111222,8.65,8.73,8.63,8.69,802200
SEV.PA,20111221,9.09,9.09,8.58,8.58,1516600
SEV.PA,20111220,8.61,9.03,8.61,9.01,1432300
SEV.PA,20111219,8.81,8.95,8.63,8.63,1596400
SEV.PA,20111216,8.78,9.17,8.75,8.96,10350800
SEV.PA,20111215,8.75,8.81,8.65,8.78,1541000
SEV.PA,20111214,8.87,9.09,8.73,8.73,1699000
SEV.PA,20111213,8.90,9.02,8.89,8.93,1430600
SEV.PA,20111212,9.08,9.12,8.92,8.92,858500
SEV.PA,20111209,8.75,9.09,8.71,9.09,1438000
SEV.PA,20111208,9.10,9.16,8.77,8.77,1676700
SEV.PA,20111207,9.17,9.30,8.91,9.03,1954500
SEV.PA,20111206,9.25,9.30,9.13,9.14,1804100
SEV.PA,20111205,9.38,9.46,9.19,9.27,1836600
SEV.PA,20111202,9.32,9.44,9.24,9.25,2515700
SEV.PA,20111201,9.40,9.44,9.28,9.37,1423400
SEV.PA,20111130,9.31,9.54,9.21,9.42,3563300
SEV.PA,20111129,9.33,9.44,9.13,9.35,1505000
SEV.PA,20111128,9.07,9.43,9.03,9.43,1430700
SEV.PA,20111125,9.00,9.07,8.84,8.93,1482800
SEV.PA,20111124,9.06,9.18,9.01,9.03,1827700
SEV.PA,20111123,8.86,9.08,8.85,9.00,1572400
SEV.PA,20111122,9.35,9.40,8.98,8.98,2061800
SEV.PA,20111121,9.76,9.81,9.28,9.30,2376100
SEV.PA,20111118,9.53,9.92,9.51,9.84,1481400
SEV.PA,20111117,9.94,9.95,9.55,9.60,2228100
SEV.PA,20111116,9.89,10.12,9.84,9.91,1257700
SEV.PA,20111115,10.10,10.18,9.90,9.90,1201300
SEV.PA,20111114,10.47,10.51,10.18,10.19,959300
SEV.PA,20111111,10.15,10.48,10.09,10.45,847800
SEV.PA,20111110,10.00,10.31,9.99,10.12,1518100
SEV.PA,20111109,10.65,10.67,10.10,10.10,2744600
SEV.PA,20111108,10.97,11.02,10.52,10.52,2534500
SEV.PA,20111107,10.85,11.09,10.72,10.93,1012700
SEV.PA,20111104,11.21,11.22,10.86,10.91,1748600
SEV.PA,20111103,10.64,11.18,10.60,11.18,1966100
SEV.PA,20111102,10.94,11.00,10.66,10.78,1486400
SEV.PA,20111101,11.23,11.26,10.83,10.91,2188800
SEV.PA,20111031,11.56,11.57,11.35,11.35,1441800
SEV.PA,20111028,11.63,11.69,11.38,11.60,3219400
SEV.PA,20111027,11.80,11.82,10.99,11.60,5660800
SEV.PA,20111026,11.90,11.93,11.71,11.83,1101100
SEV.PA,20111025,11.89,11.91,11.70,11.81,1583600
SEV.PA,20111024,11.86,11.91,11.69,11.83,1388800
SEV.PA,20111021,11.40,11.84,11.32,11.79,2134400
SEV.PA,20111020,11.48,11.55,11.23,11.30,2050700
SEV.PA,20111019,11.52,11.68,11.50,11.62,1369500
SEV.PA,20111018,11.52,11.53,11.31,11.47,1653200
SEV.PA,20111017,11.69,11.74,11.53,11.59,1482300
SEV.PA,20111014,11.64,11.73,11.56,11.60,1256000
SEV.PA,20111013,11.47,11.62,11.40,11.56,1739500
SEV.PA,20111012,10.80,11.56,10.77,11.47,2140900
SEV.PA,20111011,10.78,10.82,10.63,10.81,1010600
SEV.PA,20111010,10.91,10.93,10.73,10.81,1371700
SEV.PA,20111007,10.75,10.97,10.63,10.81,1765400
SEV.PA,20111006,10.45,10.84,10.43,10.80,2084800
SEV.PA,20111005,10.30,10.39,10.11,10.39,1460500
SEV.PA,20111004,10.39,10.41,10.03,10.16,1043700
SEV.PA,20111003,10.28,10.52,10.16,10.52,979200
SEV.PA,20110930,10.52,10.57,10.33,10.45,987400
SEV.PA,20110929,10.45,10.70,10.40,10.59,1891200
SEV.PA,20110928,10.55,10.81,10.40,10.50,1487800
SEV.PA,20110927,10.43,10.64,10.41,10.61,1598500
SEV.PA,20110926,10.22,10.43,10.08,10.23,2297000
SEV.PA,20110923,10.61,10.63,10.02,10.38,1682400
SEV.PA,20110922,10.90,10.94,10.40,10.51,1490200
SEV.PA,20110921,11.22,11.22,10.91,10.99,1585500
SEV.PA,20110920,10.84,11.06,10.81,11.00,1040900
SEV.PA,20110919,11.05,11.27,10.86,10.91,805500
SEV.PA,20110916,11.10,11.35,11.10,11.26,2026300
SEV.PA,20110915,10.94,11.09,10.90,11.09,1311900
SEV.PA,20110914,10.60,10.88,10.60,10.88,1599800
SEV.PA,20110913,10.76,10.77,10.38,10.66,1745700
SEV.PA,20110912,10.73,10.76,10.42,10.77,1569200
SEV.PA,20110909,11.20,11.26,10.91,10.93,1610000
SEV.PA,20110908,11.19,11.41,11.13,11.26,746100
SEV.PA,20110907,10.85,11.24,10.80,11.24,3591700
SEV.PA,20110906,10.76,10.89,10.59,10.65,1225200
SEV.PA,20110905,11.10,11.18,10.73,10.73,1700300
SEV.PA,20110902,11.51,11.52,11.05,11.10,2082400
SEV.PA,20110901,11.69,11.70,11.53,11.59,1540500
SEV.PA,20110831,11.62,11.70,11.55,11.68,2300600
SEV.PA,20110830,11.84,11.86,11.48,11.61,590400
SEV.PA,20110829,11.55,11.78,11.53,11.73,757400
SEV.PA,20110826,11.49,11.50,11.05,11.37,1066000
SEV.PA,20110825,11.85,11.97,11.43,11.51,1692400
SEV.PA,20110824,11.54,11.84,11.48,11.81,1595300
SEV.PA,20110823,11.50,11.65,11.31,11.44,912300
SEV.PA,20110822,11.15,11.56,11.09,11.40,811200
SEV.PA,20110819,11.38,11.39,10.88,11.19,1395300
SEV.PA,20110818,11.89,11.92,11.25,11.38,1312300
SEV.PA,20110817,11.89,12.01,11.72,11.98,1301800
SEV.PA,20110816,12.16,12.16,11.75,11.88,1075100
SEV.PA,20110815,12.03,12.21,11.98,12.16,989700
SEV.PA,20110812,11.69,11.98,11.40,11.98,2394800
SEV.PA,20110811,11.90,11.99,11.22,11.72,2371000
SEV.PA,20110810,12.38,12.41,11.53,11.53,2803300
SEV.PA,20110809,11.95,12.21,11.34,12.19,3813900
SEV.PA,20110808,12.09,12.33,11.95,11.95,2915900
SEV.PA,20110805,11.84,12.53,11.61,12.27,4269200
SEV.PA,20110804,12.83,12.85,12.08,12.10,2975400
SEV.PA,20110803,12.60,13.08,12.50,12.67,2991800
SEV.PA,20110802,12.60,12.66,12.53,12.59,1427500
SEV.PA,20110801,13.15,13.15,12.60,12.64,1376300
SEV.PA,20110729,13.01,13.01,12.60,12.93,3058800
SEV.PA,20110728,13.05,13.19,13.01,13.10,1533500
SEV.PA,20110727,13.30,13.32,13.05,13.09,1078700
SEV.PA,20110726,13.31,13.34,13.16,13.30,1093800
SEV.PA,20110725,13.28,13.32,13.22,13.27,1173000
SEV.PA,20110722,13.35,13.42,13.23,13.36,1273900
SEV.PA,20110721,13.22,13.29,12.97,13.26,1868600
SEV.PA,20110720,13.15,13.19,13.01,13.18,1297400
SEV.PA,20110719,13.24,13.25,13.01,13.05,1557400
SEV.PA,20110718,13.25,13.28,13.13,13.22,1489100
SEV.PA,20110715,13.25,13.34,13.24,13.28,1290300
SEV.PA,20110714,13.27,13.46,13.22,13.33,1386200
SEV.PA,20110713,13.15,13.41,13.10,13.34,1529900
SEV.PA,20110712,13.38,13.43,13.02,13.19,1885000
SEV.PA,20110711,13.70,13.84,13.48,13.51,1349200
SEV.PA,20110708,14.06,14.08,13.70,13.76,1614800
SEV.PA,20110707,14.07,14.19,13.97,14.01,1745200
SEV.PA,20110706,13.98,13.99,13.87,13.98,854400
SEV.PA,20110705,14.01,14.09,13.95,13.95,994600
SEV.PA,20110704,14.00,14.07,13.94,14.03,1037800
SEV.PA,20110701,13.78,13.97,13.78,13.94,1609400
SEV.PA,20110630,13.60,13.76,13.52,13.76,1876400
SEV.PA,20110629,13.53,13.64,13.49,13.56,1094800
SEV.PA,20110628,13.40,13.54,13.37,13.48,722600
SEV.PA,20110627,13.38,13.46,13.33,13.38,1091300
SEV.PA,20110624,13.44,13.53,13.34,13.37,1132900
SEV.PA,20110623,13.67,13.67,13.34,13.35,1523300
SEV.PA,20110622,13.75,13.76,13.63,13.64,1245900
SEV.PA,20110621,13.81,13.85,13.69,13.75,1935300
SEV.PA,20110620,13.68,13.77,13.64,13.72,1021600
SEV.PA,20110617,13.81,13.90,13.73,13.86,1281000
SEV.PA,20110616,13.93,13.94,13.76,13.88,1120100
SEV.PA,20110615,14.07,14.13,13.95,13.97,1469300
SEV.PA,20110614,14.09,14.12,13.95,14.07,1556000
SEV.PA,20110613,14.10,14.17,14.06,14.10,976600
SEV.PA,20110610,14.30,14.31,14.07,14.07,1242600
SEV.PA,20110609,14.23,14.49,14.23,14.28,2060500
SEV.PA,20110608,14.10,14.15,13.97,13.99,1168800
SEV.PA,20110607,14.12,14.22,14.07,14.11,1206400
SEV.PA,20110606,14.21,14.26,14.07,14.13,968500
SEV.PA,20110603,14.30,14.31,14.10,14.25,745900
SEV.PA,20110602,14.41,14.44,14.27,14.27,974500
SEV.PA,20110601,14.56,14.61,14.45,14.47,1583900
SEV.PA,20110531,14.46,14.61,14.46,14.57,1544900
SEV.PA,20110530,14.39,14.48,14.35,14.39,570700
SEV.PA,20110527,14.49,14.57,14.39,14.39,1410700
SEV.PA,20110526,14.34,14.43,14.31,14.40,983600
SEV.PA,20110525,14.21,14.31,14.17,14.30,1516300
SEV.PA,20110524,14.49,14.50,14.24,14.26,1601200
SEV.PA,20110523,15.15,15.24,15.08,15.10,1163800
SEV.PA,20110520,15.47,15.57,15.35,15.38,1116900
SEV.PA,20110519,15.24,15.43,15.21,15.43,1420700
SEV.PA,20110518,15.16,15.29,15.11,15.23,989000
SEV.PA,20110517,15.26,15.37,15.20,15.20,1260000
SEV.PA,20110516,15.27,15.38,15.23,15.31,1245800
SEV.PA,20110513,15.38,15.48,15.32,15.41,1226300
SEV.PA,20110512,15.26,15.40,15.19,15.40,1126000
SEV.PA,20110511,15.32,15.40,15.28,15.39,1456300
SEV.PA,20110510,15.24,15.40,15.23,15.35,1254100
SEV.PA,20110509,15.27,15.38,15.12,15.26,1155800
SEV.PA,20110506,15.26,15.43,15.22,15.40,1138500
SEV.PA,20110505,15.23,15.41,15.16,15.38,1222700
SEV.PA,20110504,15.44,15.52,15.23,15.27,1644700
SEV.PA,20110503,15.56,15.59,15.42,15.48,1296200
SEV.PA,20110502,15.69,15.69,15.53,15.55,1152900
SEV.PA,20110429,15.41,15.61,15.35,15.56,1660500
SEV.PA,20110428,15.25,15.73,15.25,15.52,3919400
SEV.PA,20110427,14.57,14.93,14.57,14.93,1322800
SEV.PA,20110426,14.49,14.80,14.48,14.71,1426100
SEV.PA,20110421,14.65,14.77,14.62,14.74,1260400
SEV.PA,20110420,14.41,14.67,14.41,14.66,1511100
SEV.PA,20110419,14.22,14.40,14.20,14.40,1298600
SEV.PA,20110418,14.59,14.65,14.20,14.26,1814800
SEV.PA,20110415,14.42,14.64,14.42,14.57,1527100
SEV.PA,20110414,14.45,14.51,14.38,14.43,1201400
SEV.PA,20110413,14.56,14.59,14.47,14.49,1265100
SEV.PA,20110412,14.57,14.61,14.46,14.50,1201700
SEV.PA,20110411,14.62,14.77,14.49,14.61,949600
SEV.PA,20110408,14.80,14.80,14.60,14.68,1501900
SEV.PA,20110407,14.51,14.58,14.40,14.42,1175900
SEV.PA,20110406,14.49,14.52,14.38,14.45,1189600
SEV.PA,20110405,14.49,14.68,14.40,14.46,1218900
SEV.PA,20110404,14.52,14.53,14.47,14.48,1272500
SEV.PA,20110401,14.69,14.69,14.44,14.50,1576600
SEV.PA,20110331,14.61,14.69,14.54,14.60,1179500
SEV.PA,20110330,14.61,14.65,14.52,14.60,1266500
SEV.PA,20110329,14.47,14.51,14.32,14.51,741900
SEV.PA,20110328,14.58,14.61,14.40,14.43,1114300
SEV.PA,20110325,14.60,14.63,14.52,14.57,771200
SEV.PA,20110324,14.36,14.58,14.27,14.55,1073900
SEV.PA,20110323,14.26,14.41,14.17,14.41,982600
SEV.PA,20110322,14.33,14.39,14.20,14.34,1482500
SEV.PA,20110321,14.37,14.41,14.21,14.34,1043600
SEV.PA,20110318,14.24,14.35,14.20,14.25,1799400
SEV.PA,20110317,13.85,14.14,13.78,14.14,1657600
SEV.PA,20110316,14.15,14.15,13.73,13.74,2055600
SEV.PA,20110315,14.05,14.15,13.70,13.90,1789600
SEV.PA,20110314,14.49,14.49,14.27,14.27,1076500
SEV.PA,20110311,14.65,14.68,14.50,14.53,837400
SEV.PA,20110310,14.80,14.85,14.60,14.69,841300
SEV.PA,20110309,14.91,14.98,14.81,14.81,1042900
SEV.PA,20110308,14.94,14.99,14.75,14.88,858000
SEV.PA,20110307,15.05,15.11,14.88,14.88,1018500
SEV.PA,20110304,15.47,15.53,15.01,15.03,1310600
SEV.PA,20110303,15.59,15.67,15.41,15.47,1053500
SEV.PA,20110302,15.68,15.69,15.41,15.59,946800
SEV.PA,20110301,15.68,15.80,15.60,15.67,804200
SEV.PA,20110228,15.60,15.77,15.55,15.70,1134400
SEV.PA,20110225,15.50,15.72,15.35,15.65,580600
SEV.PA,20110224,15.39,15.52,15.31,15.48,524600
SEV.PA,20110223,15.60,15.66,15.38,15.44,670600
SEV.PA,20110222,15.55,15.62,15.36,15.62,1011600
SEV.PA,20110221,15.81,15.85,15.60,15.60,849000
SEV.PA,20110218,15.81,15.88,15.68,15.82,958700
SEV.PA,20110217,15.90,15.94,15.73,15.80,1029500
SEV.PA,20110216,15.91,15.97,15.82,15.90,1119900
SEV.PA,20110215,15.98,15.99,15.86,15.90,1114200
SEV.PA,20110214,15.80,15.98,15.75,15.98,1217200
SEV.PA,20110211,15.61,15.85,15.60,15.75,1236000
SEV.PA,20110210,15.74,15.81,15.50,15.68,1218900
SEV.PA,20110209,15.29,15.81,15.20,15.74,2136900
SEV.PA,20110208,14.96,15.15,14.96,15.08,1235400
SEV.PA,20110207,15.04,15.15,14.95,15.15,1077200
SEV.PA,20110204,15.10,15.11,14.91,14.94,972400
SEV.PA,20110203,15.27,15.39,15.02,15.08,1073500
SEV.PA,20110202,15.44,15.66,15.36,15.44,809800
SEV.PA,20110201,15.09,15.42,15.06,15.41,897000
SEV.PA,20110131,15.10,15.16,14.90,15.09,1004800
SEV.PA,20110128,15.31,15.43,15.10,15.10,1178100
SEV.PA,20110127,15.23,15.35,15.13,15.31,723700
SEV.PA,20110126,15.30,15.45,15.12,15.23,856700
SEV.PA,20110125,15.33,15.47,15.20,15.24,1195300
SEV.PA,20110124,15.31,15.36,15.07,15.31,834100
SEV.PA,20110121,15.34,15.44,15.18,15.31,1011500
SEV.PA,20110120,15.28,15.48,15.26,15.32,1065800
SEV.PA,20110119,15.40,15.54,15.29,15.29,1037900
SEV.PA,20110118,15.15,15.36,15.11,15.36,991200
SEV.PA,20110117,15.15,15.20,15.12,15.14,665700
SEV.PA,20110114,15.20,15.20,15.02,15.12,827900
SEV.PA,20110113,15.06,15.22,14.95,15.19,944900
SEV.PA,20110112,14.85,15.08,14.81,15.07,918900
SEV.PA,20110111,14.95,15.04,14.77,14.85,881600
SEV.PA,20110110,15.14,15.14,14.80,14.93,721300
SEV.PA,20110107,15.31,15.40,15.10,15.17,710700
SEV.PA,20110106,15.50,15.51,15.27,15.31,830800
SEV.PA,20110105,15.32,15.35,15.13,15.30,693900
SEV.PA,20110104,15.53,15.56,15.27,15.36,765100
SEV.PA,20110103,15.54,15.60,15.43,15.53,407300
SEV.PA,20101231,15.60,15.60,15.32,15.45,222000
SEV.PA,20101230,15.62,15.62,15.45,15.60,270500
SEV.PA,20101229,15.41,15.60,15.38,15.60,366400
SEV.PA,20101228,15.53,15.55,15.31,15.41,328300
SEV.PA,20101227,15.50,15.69,15.24,15.48,267200
SEV.PA,20101224,15.80,15.80,15.51,15.67,79500
SEV.PA,20101223,15.90,15.90,15.70,15.81,368100
SEV.PA,20101222,15.56,15.89,15.45,15.88,840900
SEV.PA,20101221,15.47,15.60,15.35,15.56,575400
SEV.PA,20101220,15.21,15.40,15.11,15.40,877000
SEV.PA,20101217,15.29,15.35,15.15,15.16,1124900
SEV.PA,20101216,15.35,15.47,15.26,15.31,813100
SEV.PA,20101215,15.21,15.48,15.21,15.45,1867100
SEV.PA,20101214,14.99,15.40,14.98,15.35,1681100
SEV.PA,20101213,14.72,14.89,14.70,14.88,650700
SEV.PA,20101210,14.68,14.76,14.60,14.72,692900
SEV.PA,20101209,14.65,14.82,14.60,14.68,1595800
SEV.PA,20101208,13.98,14.65,13.94,14.56,1647400
SEV.PA,20101207,13.93,14.07,13.90,14.03,842800
SEV.PA,20101206,13.93,13.95,13.81,13.90,651000
SEV.PA,20101203,13.81,13.94,13.81,13.92,605700
SEV.PA,20101202,13.81,13.85,13.69,13.81,997900
SEV.PA,20101201,13.81,13.81,13.64,13.73,898600
SEV.PA,20101130,13.70,13.75,13.52,13.72,1115700
SEV.PA,20101129,13.92,13.99,13.66,13.70,958600
SEV.PA,20101126,13.89,13.98,13.80,13.98,825400
SEV.PA,20101125,14.10,14.12,13.88,13.96,414300
SEV.PA,20101124,14.02,14.18,13.88,14.10,1081100
SEV.PA,20101123,13.93,14.07,13.84,13.99,881000
SEV.PA,20101122,14.09,14.17,13.97,13.98,547800
SEV.PA,20101119,14.02,14.07,13.91,14.04,653600
SEV.PA,20101118,13.86,14.01,13.77,14.01,840700
SEV.PA,20101117,13.75,13.88,13.74,13.80,1150900
SEV.PA,20101116,13.90,14.03,13.77,13.77,792100
SEV.PA,20101115,13.90,13.99,13.77,13.95,642500
SEV.PA,20101112,13.89,14.00,13.79,13.95,603400
SEV.PA,20101111,14.01,14.07,13.94,13.98,749200
SEV.PA,20101110,13.85,14.10,13.80,13.99,1199600
SEV.PA,20101109,13.97,14.03,13.75,13.87,1040300
SEV.PA,20101108,14.15,14.19,13.93,13.97,548900
SEV.PA,20101105,14.14,14.16,14.05,14.15,944800
SEV.PA,20101104,14.27,14.34,14.06,14.14,877700
SEV.PA,20101103,14.16,14.22,14.02,14.12,714100
SEV.PA,20101102,14.14,14.22,14.07,14.16,755200
SEV.PA,20101101,14.12,14.19,14.02,14.15,657700
SEV.PA,20101029,14.01,14.19,13.97,14.05,1006600
SEV.PA,20101028,13.93,14.14,13.93,14.01,1035500
SEV.PA,20101027,14.06,14.11,13.93,13.98,812100
SEV.PA,20101026,14.18,14.26,14.08,14.15,709400
SEV.PA,20101025,14.20,14.21,14.06,14.14,549900
SEV.PA,20101022,13.96,14.27,13.96,14.15,1023600
SEV.PA,20101021,13.80,13.99,13.71,13.98,976700
SEV.PA,20101020,13.93,13.97,13.81,13.82,685800
SEV.PA,20101019,13.90,14.08,13.82,14.00,604500
SEV.PA,20101018,13.70,13.89,13.66,13.86,612700
SEV.PA,20101015,13.69,13.82,13.59,13.74,661200
SEV.PA,20101014,13.85,13.85,13.61,13.62,611700
SEV.PA,20101013,13.44,13.65,13.41,13.65,511900
SEV.PA,20101012,13.34,13.42,13.15,13.39,480300
SEV.PA,20101011,13.43,13.48,13.39,13.44,299400
SEV.PA,20101008,13.47,13.49,13.33,13.40,566900
SEV.PA,20101007,13.60,13.65,13.39,13.44,907800
SEV.PA,20101006,13.50,13.58,13.44,13.57,964800
SEV.PA,20101005,13.24,13.41,13.18,13.39,525700
SEV.PA,20101004,13.39,13.40,13.13,13.20,802100
SEV.PA,20101001,13.55,13.68,13.36,13.40,703500
SEV.PA,20100930,13.68,13.77,13.46,13.55,1407600
SEV.PA,20100929,13.80,13.90,13.69,13.77,762800
SEV.PA,20100928,13.74,13.83,13.62,13.76,468900
SEV.PA,20100927,13.69,13.83,13.60,13.73,904700
SEV.PA,20100924,13.59,13.77,13.42,13.69,1161400
SEV.PA,20100923,13.56,13.62,13.30,13.60,1092900
SEV.PA,20100922,13.74,13.77,13.53,13.55,690300
SEV.PA,20100921,13.60,13.70,13.60,13.63,555800
SEV.PA,20100920,13.67,13.73,13.51,13.65,749200
SEV.PA,20100917,13.63,13.74,13.50,13.66,1586400
SEV.PA,20100916,13.61,13.69,13.51,13.51,996000
SEV.PA,20100915,13.76,13.81,13.53,13.60,833000
SEV.PA,20100914,13.49,13.74,13.45,13.68,1812100
SEV.PA,20100913,13.26,13.28,13.18,13.28,790500
SEV.PA,20100910,13.47,13.48,13.19,13.21,1628000
SEV.PA,20100909,13.39,13.64,13.34,13.64,841600
SEV.PA,20100908,13.35,13.50,13.30,13.39,723800
SEV.PA,20100907,13.35,13.42,13.28,13.35,1130700
SEV.PA,20100906,13.15,13.41,13.13,13.35,973300
SEV.PA,20100903,12.89,13.08,12.85,13.00,737300
SEV.PA,20100902,12.88,12.95,12.80,12.88,671600
SEV.PA,20100901,12.71,12.91,12.63,12.91,721600
SEV.PA,20100831,12.60,12.70,12.51,12.70,1079600
SEV.PA,20100830,12.67,12.76,12.60,12.65,465200
SEV.PA,20100827,12.45,12.70,12.45,12.65,741800
SEV.PA,20100826,12.73,12.76,12.48,12.50,1260500
SEV.PA,20100825,12.77,12.84,12.58,12.65,846000
SEV.PA,20100824,12.84,12.95,12.72,12.81,1098700
SEV.PA,20100823,13.10,13.25,12.85,12.89,1292400
SEV.PA,20100820,13.44,13.51,12.96,13.05,1459600
SEV.PA,20100819,13.73,13.83,13.40,13.47,1173500
SEV.PA,20100818,13.85,13.85,13.73,13.80,627800
SEV.PA,20100817,13.78,13.86,13.73,13.82,810100
SEV.PA,20100816,13.81,13.81,13.56,13.72,532800
SEV.PA,20100813,13.82,13.92,13.57,13.74,627700
SEV.PA,20100812,13.94,14.00,13.77,13.81,984200
SEV.PA,20100811,14.17,14.23,13.98,14.02,784200
SEV.PA,20100810,14.47,14.50,14.18,14.20,1024900
SEV.PA,20100809,14.73,14.74,14.44,14.50,958300
SEV.PA,20100806,15.07,15.10,14.39,14.53,1310700
SEV.PA,20100805,15.18,15.26,14.94,14.97,675900
SEV.PA,20100804,15.61,15.61,15.02,15.11,1392900
SEV.PA,20100803,14.94,15.37,14.94,15.18,1586200
SEV.PA,20100802,14.40,14.94,14.40,14.94,981900
SEV.PA,20100730,14.62,14.64,14.15,14.28,1145900
SEV.PA,20100729,14.46,14.77,14.36,14.66,849900
SEV.PA,20100728,14.54,14.58,14.29,14.43,499000
SEV.PA,20100727,14.42,14.59,14.40,14.50,547400
SEV.PA,20100726,14.52,14.56,14.28,14.45,674600
SEV.PA,20100723,14.21,14.47,14.12,14.45,884800
SEV.PA,20100722,13.83,14.20,13.74,14.20,1203600
SEV.PA,20100721,13.74,14.15,13.74,13.85,927700
SEV.PA,20100720,13.94,13.94,13.65,13.67,1116200
SEV.PA,20100719,13.94,13.94,13.77,13.82,637800
SEV.PA,20100716,14.05,14.15,13.79,13.90,1367100
SEV.PA,20100715,14.15,14.22,13.94,14.01,621900
SEV.PA,20100714,14.20,14.25,14.01,14.17,896600
SEV.PA,20100713,13.61,14.19,13.61,14.19,1286900
SEV.PA,20100712,13.76,13.78,13.58,13.66,422400
SEV.PA,20100709,13.81,13.82,13.67,13.69,444500
SEV.PA,20100708,13.70,13.77,13.60,13.69,762600
SEV.PA,20100707,13.34,13.58,13.21,13.56,751200
SEV.PA,20100706,13.40,13.56,13.36,13.43,1004900
SEV.PA,20100705,13.20,13.40,13.18,13.35,821000
SEV.PA,20100702,13.25,13.27,12.94,13.18,1653100
SEV.PA,20100701,13.39,13.43,13.12,13.20,1529600
SEV.PA,20100630,13.70,13.73,13.43,13.59,1473900
SEV.PA,20100629,13.70,13.83,13.61,13.66,1822400
SEV.PA,20100628,13.94,13.95,13.75,13.84,863600
SEV.PA,20100625,14.05,14.09,13.69,13.86,1848500
SEV.PA,20100624,14.29,14.30,13.99,14.03,1142400
SEV.PA,20100623,14.35,14.43,14.16,14.26,1043500
SEV.PA,20100622,14.39,14.49,14.26,14.37,866900
SEV.PA,20100621,14.66,14.70,14.40,14.46,717800
SEV.PA,20100618,14.61,14.64,14.46,14.56,1162100
SEV.PA,20100617,14.52,14.75,14.45,14.54,967000
SEV.PA,20100616,14.53,14.59,14.40,14.54,632300
SEV.PA,20100615,14.13,14.48,14.13,14.46,814200
SEV.PA,20100614,14.32,14.40,14.20,14.25,621600
SEV.PA,20100611,14.10,14.31,14.08,14.23,770900
SEV.PA,20100610,13.60,14.06,13.60,14.06,680300
SEV.PA,20100609,13.72,13.81,13.56,13.70,801200
SEV.PA,20100608,13.93,13.99,13.60,13.69,659700
SEV.PA,20100607,13.86,13.99,13.78,13.87,842800
SEV.PA,20100604,14.30,14.41,13.99,14.05,944500
SEV.PA,20100603,14.29,14.40,14.28,14.31,797700
SEV.PA,20100602,14.10,14.19,13.86,14.16,691000
SEV.PA,20100601,13.98,14.26,13.73,14.15,1856800
SEV.PA,20100531,14.12,14.16,13.99,14.00,576500
SEV.PA,20100528,14.17,14.27,14.09,14.12,751700
SEV.PA,20100527,13.86,14.12,13.86,14.12,962400
SEV.PA,20100526,13.93,14.09,13.61,13.80,1627700
SEV.PA,20100525,13.69,13.84,13.53,13.68,2052900
SEV.PA,20100524,13.91,14.09,13.60,13.70,1327700
SEV.PA,20100521,14.73,14.90,14.34,14.44,2333000
SEV.PA,20100520,15.15,15.15,14.64,14.77,1525700
SEV.PA,20100519,14.90,15.10,14.77,15.06,1366500
SEV.PA,20100518,14.90,15.18,14.89,15.06,982200
SEV.PA,20100517,14.98,15.10,14.74,14.80,1191300
SEV.PA,20100514,15.40,15.47,14.98,15.04,1219000
SEV.PA,20100513,15.55,15.59,15.27,15.48,725500
SEV.PA,20100512,15.40,15.60,15.31,15.48,1045300
SEV.PA,20100511,15.48,15.53,15.30,15.41,913500
SEV.PA,20100510,15.40,15.57,15.01,15.56,2324600
SEV.PA,20100507,15.48,15.53,14.90,15.10,3477200
SEV.PA,20100506,15.70,15.91,15.61,15.61,1310900
SEV.PA,20100505,16.01,16.02,15.77,15.80,1842900
SEV.PA,20100504,16.17,16.32,16.02,16.06,1440100
SEV.PA,20100503,16.23,16.31,16.10,16.17,728300
SEV.PA,20100430,15.98,16.43,15.87,16.31,2037100
SEV.PA,20100429,15.56,15.90,15.46,15.86,1329300
SEV.PA,20100428,15.62,15.82,15.41,15.58,1574600
SEV.PA,20100427,16.00,16.13,15.70,15.70,861300
SEV.PA,20100426,16.23,16.30,16.02,16.04,1464800
SEV.PA,20100423,16.04,16.23,16.00,16.12,932600
SEV.PA,20100422,16.06,16.18,15.90,16.02,1102700
SEV.PA,20100421,16.35,16.38,16.01,16.09,1494600
SEV.PA,20100420,16.48,16.50,16.28,16.33,1046700
SEV.PA,20100419,16.52,16.62,16.28,16.38,838700
SEV.PA,20100416,16.99,17.14,16.21,16.58,2671600
SEV.PA,20100415,17.20,17.28,17.14,17.17,719400
SEV.PA,20100414,17.15,17.23,17.07,17.23,685800
SEV.PA,20100413,17.17,17.28,17.09,17.10,790900
SEV.PA,20100412,17.33,17.35,17.17,17.26,480400
SEV.PA,20100409,17.20,17.30,17.11,17.26,458200
SEV.PA,20100408,17.26,17.32,16.99,17.11,582400
SEV.PA,20100407,17.19,17.32,17.15,17.29,1082500
SEV.PA,20100406,17.14,17.18,17.00,17.08,492400
SEV.PA,20100401,17.12,17.16,17.00,17.14,772500
SEV.PA,20100331,16.98,17.10,16.90,17.04,1169800
SEV.PA,20100330,17.03,17.11,16.95,16.96,951500
SEV.PA,20100329,16.91,17.04,16.88,17.00,1009600
SEV.PA,20100326,17.15,17.15,16.84,16.96,2464600
SEV.PA,20100325,17.77,17.86,17.08,17.16,4587600
SEV.PA,20100324,17.75,17.86,17.63,17.74,896800
SEV.PA,20100323,17.26,17.79,17.24,17.72,1231800
SEV.PA,20100322,17.06,17.19,17.00,17.13,562400
SEV.PA,20100319,17.30,17.30,17.03,17.10,762600
SEV.PA,20100318,17.17,17.37,17.17,17.20,707500
SEV.PA,20100317,17.10,17.29,17.03,17.26,919000
SEV.PA,20100316,17.05,17.10,16.98,17.09,671900
SEV.PA,20100315,16.93,17.09,16.90,16.97,650100
SEV.PA,20100312,16.95,17.00,16.82,16.90,708900
SEV.PA,20100311,16.75,16.99,16.75,16.91,471600
SEV.PA,20100310,16.88,16.94,16.75,16.87,1072800
SEV.PA,20100309,16.83,16.93,16.69,16.91,748400
SEV.PA,20100308,16.75,16.90,16.62,16.78,684600
SEV.PA,20100305,16.74,16.86,16.61,16.75,1029300
SEV.PA,20100304,16.69,16.82,16.65,16.70,781200
SEV.PA,20100303,16.50,16.82,16.50,16.80,816300
SEV.PA,20100302,16.33,16.56,16.19,16.55,788800
SEV.PA,20100301,16.22,16.33,16.04,16.30,898100
SEV.PA,20100226,16.17,16.18,15.93,16.17,1051500
SEV.PA,20100225,16.23,16.25,15.88,16.07,1419200
SEV.PA,20100224,16.09,16.29,16.02,16.11,1170500
SEV.PA,20100223,16.28,16.36,16.00,16.03,578600
SEV.PA,20100222,16.25,16.26,16.18,16.20,506000
SEV.PA,20100219,16.13,16.20,16.04,16.20,829200
SEV.PA,20100218,16.20,16.39,16.20,16.32,585300
SEV.PA,20100217,16.26,16.31,16.17,16.24,573700
SEV.PA,20100216,16.05,16.20,16.00,16.18,862300
SEV.PA,20100215,16.00,16.06,15.92,15.98,384900
SEV.PA,20100212,16.10,16.14,15.84,15.94,817300
SEV.PA,20100211,15.90,16.03,15.83,15.98,892300
SEV.PA,20100210,15.77,15.93,15.72,15.85,1201900
SEV.PA,20100209,15.66,15.77,15.55,15.72,696900
SEV.PA,20100208,16.02,16.09,15.65,15.81,1581000
SEV.PA,20100205,16.00,16.19,15.54,16.01,2742300
SEV.PA,20100204,16.30,16.37,16.00,16.00,1385100
SEV.PA,20100203,16.70,16.71,16.30,16.30,896800
SEV.PA,20100202,16.58,16.70,16.49,16.63,698400
SEV.PA,20100201,16.33,16.66,16.30,16.58,719800
SEV.PA,20100129,16.34,16.52,16.28,16.42,817500
SEV.PA,20100128,16.72,16.74,16.30,16.30,769500
SEV.PA,20100127,16.52,16.63,16.41,16.59,727400
SEV.PA,20100126,16.31,16.65,16.31,16.65,934600
SEV.PA,20100125,16.58,16.60,16.27,16.47,913200
SEV.PA,20100122,16.89,17.00,16.60,16.67,931700
SEV.PA,20100121,17.11,17.15,16.81,16.92,1088800
SEV.PA,20100120,17.27,17.37,16.92,17.02,1153400
SEV.PA,20100119,17.26,17.36,17.10,17.31,745900
SEV.PA,20100118,17.34,17.40,17.23,17.26,464700
SEV.PA,20100115,17.26,17.53,17.08,17.26,1445100
SEV.PA,20100114,17.18,17.33,17.09,17.26,819400
SEV.PA,20100113,16.95,17.26,16.91,17.08,685300
SEV.PA,20100112,17.00,17.08,16.91,16.97,729400
SEV.PA,20100111,17.12,17.19,16.97,17.00,796500
SEV.PA,20100108,16.88,17.22,16.83,17.07,1052100
SEV.PA,20100107,16.78,16.84,16.70,16.75,1839900
SEV.PA,20100106,16.60,16.83,16.57,16.80,1407100
SEV.PA,20100105,16.39,16.61,16.35,16.56,1941300
SEV.PA,20100104,16.22,16.44,16.13,16.38,1496800
SEV.PA,20091231,16.18,16.26,16.09,16.12,169100
SEV.PA,20091230,16.02,16.15,15.95,16.10,720800
SEV.PA,20091229,16.20,16.25,15.98,16.00,401000
SEV.PA,20091228,16.00,16.20,16.00,16.17,261600
SEV.PA,20091224,15.95,16.07,15.92,15.93,252800
SEV.PA,20091223,16.27,16.29,15.86,15.95,993500
SEV.PA,20091222,16.00,16.41,15.97,16.19,2085300
SEV.PA,20091221,16.14,16.15,15.97,16.04,828300
SEV.PA,20091218,16.09,16.33,16.08,16.11,1059900
SEV.PA,20091217,16.53,16.53,16.09,16.10,1328300
SEV.PA,20091216,16.66,16.94,16.48,16.60,1161200
SEV.PA,20091215,16.46,16.65,16.31,16.65,1139300
SEV.PA,20091214,16.38,16.48,16.17,16.27,958000
SEV.PA,20091211,15.86,16.50,15.86,16.25,1569100
SEV.PA,20091210,15.77,15.90,15.55,15.90,1246500
SEV.PA,20091209,15.64,15.88,15.50,15.66,911100
SEV.PA,20091208,15.64,15.90,15.60,15.66,1771600
SEV.PA,20091207,15.50,15.76,15.42,15.69,934000
SEV.PA,20091204,15.14,15.50,15.10,15.50,927000
SEV.PA,20091203,15.36,15.39,15.10,15.11,792100
SEV.PA,20091202,15.12,15.27,15.08,15.26,1837500
SEV.PA,20091201,14.91,15.15,14.88,15.13,524400
SEV.PA,20091130,15.10,15.10,14.80,14.81,852600
SEV.PA,20091127,14.77,15.09,14.60,15.06,1548000
SEV.PA,20091126,15.02,15.10,14.81,14.85,565300
SEV.PA,20091125,15.19,15.19,15.02,15.09,605100
SEV.PA,20091124,15.09,15.15,14.99,15.05,478700
SEV.PA,20091123,15.20,15.30,15.12,15.18,459100
SEV.PA,20091120,15.10,15.21,14.91,15.05,583900
SEV.PA,20091119,15.00,15.26,14.85,15.06,849400
SEV.PA,20091118,15.12,15.27,14.94,15.04,633000
SEV.PA,20091117,15.25,15.39,15.09,15.15,538700
SEV.PA,20091116,15.19,15.35,15.14,15.30,660100
SEV.PA,20091113,15.05,15.17,14.95,15.05,409700
SEV.PA,20091112,15.15,15.29,15.03,15.06,505600
SEV.PA,20091111,15.38,15.48,15.15,15.20,693400
SEV.PA,20091110,15.23,15.46,15.20,15.31,527700
SEV.PA,20091109,15.16,15.40,15.15,15.23,644400
SEV.PA,20091106,15.05,15.19,14.82,15.00,736000
SEV.PA,20091105,15.15,15.18,14.73,15.05,1046200
SEV.PA,20091104,15.00,15.14,14.93,15.12,963100
SEV.PA,20091103,14.60,15.03,14.31,14.91,1396400
SEV.PA,20091102,15.00,15.04,14.55,14.70,1337100
SEV.PA,20091030,15.36,15.50,15.10,15.14,781200
SEV.PA,20091029,15.40,15.48,15.24,15.33,884800
SEV.PA,20091028,15.64,15.70,15.10,15.39,1485600
SEV.PA,20091027,15.73,15.76,15.48,15.60,878900
SEV.PA,20091026,15.77,15.90,15.50,15.65,776100
SEV.PA,20091023,15.95,16.05,15.63,15.72,2103300
SEV.PA,20091022,15.56,15.98,15.50,15.76,2712600
SEV.PA,20091021,15.58,15.65,15.37,15.57,564100
SEV.PA,20091020,15.59,15.69,15.43,15.49,606500
SEV.PA,20091019,15.41,15.58,15.32,15.52,463600
SEV.PA,20091016,15.34,15.53,15.27,15.31,711600
SEV.PA,20091015,15.52,15.60,15.23,15.30,694000
SEV.PA,20091014,15.54,15.66,15.31,15.47,696500
SEV.PA,20091013,15.68,15.76,15.27,15.37,862300
SEV.PA,20091012,15.77,15.80,15.62,15.64,341200
SEV.PA,20091009,15.66,15.85,15.56,15.69,1203500
SEV.PA,20091008,15.50,16.09,15.50,15.66,1599100
SEV.PA,20091007,15.43,15.44,15.10,15.22,1269600
SEV.PA,20091006,15.25,15.58,15.23,15.50,819000
SEV.PA,20091005,15.20,15.31,15.11,15.23,1092000
SEV.PA,20091002,15.50,15.57,15.06,15.20,1651000
SEV.PA,20091001,15.69,15.80,15.55,15.57,789000
SEV.PA,20090930,15.60,15.75,15.40,15.61,763200
SEV.PA,20090929,15.58,15.60,15.33,15.56,812700
SEV.PA,20090928,15.26,15.59,15.13,15.59,941500
SEV.PA,20090925,15.35,15.45,15.01,15.19,940400
SEV.PA,20090924,15.28,15.54,15.14,15.27,1336900
SEV.PA,20090923,15.32,15.50,15.19,15.28,726600
SEV.PA,20090922,15.48,15.55,15.24,15.29,624300
SEV.PA,20090921,15.14,15.48,15.02,15.37,1335100
SEV.PA,20090918,15.20,15.33,15.03,15.06,1745300
SEV.PA,20090917,15.38,15.43,14.98,15.26,1230700
SEV.PA,20090916,15.18,15.33,15.07,15.30,1128000
SEV.PA,20090915,14.90,15.25,14.88,15.04,1237600
SEV.PA,20090914,14.80,14.95,14.76,14.91,1051800
SEV.PA,20090911,14.73,14.95,14.66,14.82,1094300
SEV.PA,20090910,14.76,14.82,14.48,14.71,1336800
SEV.PA,20090909,14.40,14.76,14.38,14.75,1306600
SEV.PA,20090908,14.60,14.68,14.40,14.43,1020500
SEV.PA,20090907,14.54,14.60,14.38,14.60,487300
SEV.PA,20090904,14.30,14.45,14.12,14.38,1201200
SEV.PA,20090903,14.35,14.46,14.24,14.30,1242800
SEV.PA,20090902,14.29,14.33,14.00,14.32,1151500
SEV.PA,20090901,14.44,14.55,14.20,14.32,892600
SEV.PA,20090831,14.40,14.45,14.16,14.35,779400
SEV.PA,20090828,14.54,14.73,14.40,14.50,1424900
SEV.PA,20090827,14.49,14.53,14.20,14.32,1522300
SEV.PA,20090826,13.65,14.68,13.34,14.53,5109400
SEV.PA,20090825,12.80,13.10,12.77,13.03,998600
SEV.PA,20090824,12.84,12.97,12.76,12.93,659500
SEV.PA,20090821,12.50,12.77,12.31,12.76,1356400
SEV.PA,20090820,12.48,12.69,12.39,12.56,1050700
SEV.PA,20090819,12.30,12.50,12.27,12.48,702300
SEV.PA,20090818,12.34,12.48,12.28,12.43,750500
SEV.PA,20090817,12.55,12.63,12.22,12.35,893200
SEV.PA,20090814,12.76,12.82,12.52,12.57,871700
SEV.PA,20090813,12.82,12.96,12.76,12.78,662900
SEV.PA,20090812,12.69,12.89,12.61,12.85,651600
SEV.PA,20090811,12.77,12.86,12.61,12.66,914900
SEV.PA,20090810,12.96,12.99,12.65,12.70,1033100
SEV.PA,20090807,13.08,13.30,13.02,13.03,930000
SEV.PA,20090806,13.36,13.36,12.83,13.12,1423500
SEV.PA,20090805,13.25,13.53,13.19,13.40,817200
SEV.PA,20090804,13.39,13.61,13.32,13.43,788800
SEV.PA,20090803,13.37,13.50,13.27,13.42,768200
SEV.PA,20090731,13.54,13.54,13.19,13.37,859600
SEV.PA,20090730,13.28,13.44,13.13,13.36,804300
SEV.PA,20090729,13.01,13.25,13.00,13.22,798900
SEV.PA,20090728,12.94,13.14,12.84,13.04,946400
SEV.PA,20090727,12.87,13.06,12.77,12.97,1079700
SEV.PA,20090724,12.79,12.90,12.60,12.76,673600
SEV.PA,20090723,12.71,12.90,12.62,12.86,796000
SEV.PA,20090722,12.56,12.73,12.34,12.69,851400
SEV.PA,20090721,12.49,12.71,12.47,12.60,661600
SEV.PA,20090720,12.40,12.45,12.22,12.42,739200
SEV.PA,20090717,12.28,12.48,12.15,12.30,607800
SEV.PA,20090716,12.11,12.33,12.05,12.24,842700
SEV.PA,20090715,12.06,12.17,11.89,12.10,1222700
SEV.PA,20090714,11.99,12.08,11.84,11.96,598700
SEV.PA,20090713,11.85,11.98,11.70,11.96,614600
SEV.PA,20090710,11.90,12.00,11.73,11.81,666500
SEV.PA,20090709,11.86,12.02,11.80,11.90,870700
SEV.PA,20090708,11.90,12.10,11.73,11.77,1192200
SEV.PA,20090707,12.20,12.23,11.90,11.92,1070000
SEV.PA,20090706,12.12,12.19,12.00,12.14,641700
SEV.PA,20090703,12.48,12.48,12.14,12.27,667200
SEV.PA,20090702,12.57,12.65,12.41,12.42,1093100
SEV.PA,20090701,12.50,12.78,12.40,12.67,979400
SEV.PA,20090630,12.72,12.81,12.21,12.44,1389500
SEV.PA,20090629,12.46,12.78,12.44,12.71,916600
SEV.PA,20090626,12.38,12.61,12.31,12.42,851400
SEV.PA,20090625,12.37,12.48,12.20,12.31,849700
SEV.PA,20090624,12.23,12.44,11.96,12.36,998400
SEV.PA,20090623,12.05,12.44,12.01,12.22,536100
SEV.PA,20090622,12.30,12.31,12.07,12.09,491800
SEV.PA,20090619,12.40,12.63,12.22,12.27,1384200
SEV.PA,20090618,12.48,12.55,12.27,12.42,516700
SEV.PA,20090617,12.66,12.73,12.34,12.40,817700
SEV.PA,20090616,12.53,12.80,12.51,12.68,922700
SEV.PA,20090615,12.68,12.78,12.49,12.49,492100
SEV.PA,20090612,12.79,12.94,12.68,12.68,796900
SEV.PA,20090611,12.75,12.94,12.66,12.84,365600
SEV.PA,20090610,13.00,13.00,12.69,12.75,663500
SEV.PA,20090609,12.82,12.90,12.67,12.88,805800
SEV.PA,20090608,12.60,12.71,12.45,12.69,955300
SEV.PA,20090605,12.47,12.78,12.45,12.63,902300
SEV.PA,20090604,12.63,12.82,12.39,12.45,903200
SEV.PA,20090603,12.85,13.00,12.53,12.58,730100
SEV.PA,20090602,12.70,12.82,12.51,12.78,864100
SEV.PA,20090601,12.90,12.94,12.70,12.71,1087300
SEV.PA,20090529,13.00,13.10,12.72,12.80,1946500
SEV.PA,20090528,13.23,13.40,13.00,13.15,941100
SEV.PA,20090527,13.10,13.36,13.10,13.31,1034400
SEV.PA,20090526,12.83,13.10,12.66,13.10,838700
SEV.PA,20090525,12.98,13.01,12.75,12.88,385600
SEV.PA,20090522,12.90,13.18,12.78,12.97,507400
SEV.PA,20090521,13.10,13.27,12.69,12.77,622200
SEV.PA,20090520,13.17,13.30,13.03,13.25,575500
SEV.PA,20090519,12.81,13.20,12.80,13.14,1031100
SEV.PA,20090518,12.40,12.88,12.29,12.84,1178100
SEV.PA,20090515,12.70,12.80,12.32,12.51,2103200
SEV.PA,20090514,12.31,12.60,12.19,12.47,1170400
SEV.PA,20090513,12.71,12.79,12.34,12.35,995800
SEV.PA,20090512,12.51,12.86,12.51,12.68,1132800
SEV.PA,20090511,13.06,13.07,12.54,12.62,1769000
SEV.PA,20090508,12.94,13.07,12.72,13.03,953400
SEV.PA,20090507,12.54,13.10,12.52,12.81,2172100
SEV.PA,20090506,12.03,12.54,11.99,12.54,1763300
SEV.PA,20090505,12.00,12.15,11.86,12.05,1496200
SEV.PA,20090504,11.78,12.03,11.62,12.02,1162700
SEV.PA,20090501,11.61,11.61,11.61,11.61,000
SEV.PA,20090430,11.80,11.86,11.57,11.61,1858000
SEV.PA,20090429,11.80,11.88,11.31,11.78,3836000
SEV.PA,20090428,11.94,12.18,11.76,12.05,1327300
SEV.PA,20090427,12.06,12.16,11.88,12.16,869900
SEV.PA,20090424,11.92,12.12,11.74,12.00,1257000
SEV.PA,20090423,12.14,12.18,11.70,11.85,1507500
SEV.PA,20090422,12.36,12.38,11.93,12.18,974900
SEV.PA,20090421,12.19,12.36,11.96,12.29,1424600
SEV.PA,20090420,12.20,12.41,11.90,11.95,911900
SEV.PA,20090417,12.03,12.15,11.70,12.05,2310800
SEV.PA,20090416,11.90,12.20,11.76,12.18,979800
SEV.PA,20090415,11.65,11.99,11.62,11.80,654300
SEV.PA,20090414,11.96,12.07,11.73,11.75,1004500
SEV.PA,20090413,11.90,11.90,11.90,11.90,000
SEV.PA,20090410,11.90,11.90,11.90,11.90,000
SEV.PA,20090409,12.06,12.10,11.82,11.90,1146500
SEV.PA,20090408,11.57,12.15,11.52,12.05,839800
SEV.PA,20090407,11.94,12.03,11.71,11.73,1158800
SEV.PA,20090406,11.65,11.93,11.59,11.86,1126800
SEV.PA,20090403,11.52,11.73,11.42,11.56,1582400
SEV.PA,20090402,11.55,11.74,11.44,11.61,1745700
SEV.PA,20090401,11.19,11.58,11.16,11.52,1221700
SEV.PA,20090331,10.96,11.10,10.82,11.07,1541600
SEV.PA,20090330,11.19,11.22,10.96,10.96,992500
SEV.PA,20090327,11.65,11.76,11.20,11.23,1634200
SEV.PA,20090326,11.40,11.62,11.35,11.51,1594200
SEV.PA,20090325,10.98,11.47,10.98,11.30,1551600
SEV.PA,20090324,11.00,11.26,10.97,11.03,1738500
SEV.PA,20090323,10.77,10.90,10.55,10.83,1290500
SEV.PA,20090320,10.12,10.62,10.10,10.55,1470100
SEV.PA,20090319,10.41,10.47,10.15,10.22,1102700
SEV.PA,20090318,10.60,10.69,10.11,10.27,763600
SEV.PA,20090317,10.33,10.72,10.31,10.52,1410700
SEV.PA,20090316,10.10,10.39,10.07,10.35,943500
SEV.PA,20090313,10.23,10.42,9.93,9.97,1291300
SEV.PA,20090312,9.98,10.26,9.94,10.05,1250500
SEV.PA,20090311,10.44,10.54,10.00,10.06,1289500
SEV.PA,20090310,10.10,10.53,10.01,10.49,934700
SEV.PA,20090309,9.92,10.20,9.70,10.15,1934300
SEV.PA,20090306,10.10,10.38,9.70,9.86,2004500
SEV.PA,20090305,10.80,10.82,10.06,10.07,1581200
SEV.PA,20090304,10.31,11.04,10.05,10.84,2393400
SEV.PA,20090303,10.61,10.84,10.20,10.35,1281500
SEV.PA,20090302,11.27,11.30,10.59,10.59,1704700
SEV.PA,20090227,11.35,11.61,11.22,11.61,1203200
SEV.PA,20090226,11.59,11.83,11.36,11.49,1048000
SEV.PA,20090225,11.93,11.93,11.41,11.45,1146400
SEV.PA,20090224,11.80,12.18,11.72,11.77,907400
SEV.PA,20090223,12.38,12.45,11.81,11.81,946600
SEV.PA,20090220,12.44,12.59,12.27,12.27,1049500
SEV.PA,20090219,12.59,12.81,12.48,12.68,708900
SEV.PA,20090218,12.66,12.81,12.30,12.53,930500
SEV.PA,20090217,12.70,12.89,12.58,12.67,714400
SEV.PA,20090216,12.85,13.00,12.70,12.81,448900
SEV.PA,20090213,12.96,13.13,12.90,12.92,845000
SEV.PA,20090212,12.94,12.94,12.51,12.74,1093800
SEV.PA,20090211,12.81,12.98,12.78,12.98,478200
SEV.PA,20090210,13.19,13.19,12.81,12.81,1174500
SEV.PA,20090209,12.94,13.29,12.77,13.22,1134500
SEV.PA,20090206,12.58,13.00,12.49,12.96,1591400
SEV.PA,20090205,12.28,12.55,12.18,12.47,855200
SEV.PA,20090204,12.36,12.74,12.26,12.50,1091400
SEV.PA,20090203,12.80,12.80,12.01,12.27,1503200
SEV.PA,20090202,12.41,12.85,12.22,12.70,1553300
SEV.PA,20090130,12.24,12.73,12.04,12.51,2436600
SEV.PA,20090129,11.68,12.28,11.43,12.16,1956600
SEV.PA,20090128,11.89,12.04,11.69,11.75,1936700
SEV.PA,20090127,12.00,12.00,11.58,11.74,1140800
SEV.PA,20090126,11.76,12.11,11.76,12.06,750000
SEV.PA,20090123,11.60,11.92,11.50,11.82,1032400
SEV.PA,20090122,11.96,12.00,11.60,11.74,1126100
SEV.PA,20090121,11.60,11.99,11.35,11.81,1523300
SEV.PA,20090120,12.00,12.22,11.62,11.70,1439900
SEV.PA,20090119,12.60,12.65,11.92,11.99,1058800
SEV.PA,20090116,12.78,12.79,12.40,12.45,1025300
SEV.PA,20090115,12.65,12.70,12.30,12.49,1223800
SEV.PA,20090114,12.98,13.09,12.48,12.65,1752800
SEV.PA,20090113,12.60,12.94,12.60,12.88,1613500
SEV.PA,20090112,12.81,12.89,12.50,12.52,884700
SEV.PA,20090109,13.05,13.20,12.60,12.69,1413000
SEV.PA,20090108,12.73,13.00,12.60,12.97,799900
SEV.PA,20090107,12.78,13.00,12.51,12.99,994800
SEV.PA,20090106,12.57,13.05,12.28,12.71,1845500
SEV.PA,20090105,12.25,12.62,12.10,12.57,1326400
SEV.PA,20090102,12.28,12.32,12.12,12.27,650000
SEV.PA,20081231,11.85,12.48,11.76,12.05,586900
SEV.PA,20081230,11.32,11.74,11.26,11.74,695800
SEV.PA,20081229,11.85,11.85,11.21,11.24,818300
SEV.PA,20081224,11.89,11.90,11.52,11.60,359700
SEV.PA,20081223,11.80,11.93,11.62,11.72,1438100
SEV.PA,20081222,12.77,12.77,11.52,11.52,2030600
SEV.PA,20081219,12.14,12.69,11.77,12.65,3140500
SEV.PA,20081218,12.20,12.33,11.87,12.12,1427700
SEV.PA,20081217,12.35,12.35,11.85,12.03,1180200
SEV.PA,20081216,11.94,12.33,11.85,12.33,1060800
SEV.PA,20081215,12.38,12.44,11.78,11.90,814200
SEV.PA,20081212,11.79,12.20,11.67,12.20,1322700
SEV.PA,20081211,12.34,12.37,11.75,12.09,1359600
SEV.PA,20081210,11.90,12.47,11.82,12.34,1632600
SEV.PA,20081209,12.08,12.20,11.77,11.77,1606600
SEV.PA,20081208,12.58,12.88,11.90,12.16,1217500
SEV.PA,20081205,12.65,12.67,11.62,12.00,1710600
SEV.PA,20081204,13.15,13.35,12.61,12.66,946700
SEV.PA,20081203,13.52,13.52,12.94,13.24,752400
SEV.PA,20081202,12.89,13.51,12.80,13.51,1154500
SEV.PA,20081201,13.48,13.54,12.81,12.97,896800
SEV.PA,20081128,13.05,13.50,12.87,13.48,1300200
SEV.PA,20081127,13.15,13.18,12.80,13.11,480500
SEV.PA,20081126,12.87,13.19,12.40,12.94,813100
SEV.PA,20081125,13.00,13.51,12.61,12.87,1015300
SEV.PA,20081124,12.50,13.12,12.40,13.04,880600
SEV.PA,20081121,12.41,13.03,12.00,12.24,1257400
SEV.PA,20081120,12.98,12.98,12.31,12.44,1802600
SEV.PA,20081119,13.16,13.40,13.07,13.11,536800
SEV.PA,20081118,13.30,13.43,13.10,13.20,665900
SEV.PA,20081117,13.37,13.61,13.10,13.24,606900
SEV.PA,20081114,13.91,14.05,13.22,13.44,799500
SEV.PA,20081113,13.28,13.80,13.28,13.60,1251100
SEV.PA,20081112,13.30,13.79,13.01,13.53,1209900
SEV.PA,20081111,13.20,13.43,12.65,12.99,1150900
SEV.PA,20081110,14.00,14.09,13.30,13.30,1488100
SEV.PA,20081107,13.95,14.10,13.35,13.60,1485100
SEV.PA,20081106,14.50,14.51,13.80,13.96,1312800
SEV.PA,20081105,15.59,15.67,14.60,14.60,1279400
SEV.PA,20081104,15.80,15.80,15.29,15.53,2224100
SEV.PA,20081103,15.00,15.98,15.00,15.94,1137500
SEV.PA,20081031,15.24,15.24,14.45,15.00,1775300
SEV.PA,20081030,14.50,15.58,14.38,15.11,2260500
SEV.PA,20081029,14.40,14.44,13.55,14.24,2169500
SEV.PA,20081028,12.45,13.52,12.45,12.85,1739900
SEV.PA,20081027,12.50,12.60,12.20,12.26,1396400
SEV.PA,20081024,12.41,13.00,12.17,12.75,2006700
SEV.PA,20081023,14.00,14.09,12.26,13.01,3086000
SEV.PA,20081022,14.63,14.67,13.72,13.94,2084700
SEV.PA,20081021,15.54,15.68,14.26,14.59,2426900
SEV.PA,20081020,15.85,15.85,14.33,15.17,3351200
SEV.PA,20081017,16.01,16.40,15.50,16.38,1965600
SEV.PA,20081016,14.91,16.41,14.52,15.71,2199400
SEV.PA,20081015,16.10,16.49,15.86,16.03,1743700
SEV.PA,20081014,17.15,17.60,15.60,16.07,2569900
SEV.PA,20081013,15.58,16.78,15.40,16.41,2403000
SEV.PA,20081010,14.40,15.25,14.06,14.43,2970900
SEV.PA,20081009,16.79,16.80,15.41,15.60,2696600
SEV.PA,20081008,16.50,16.58,15.50,16.07,3415200
SEV.PA,20081007,17.40,17.50,16.60,16.74,2411200
SEV.PA,20081006,16.81,17.26,16.50,17.00,2916700
SEV.PA,20081003,17.43,17.51,16.97,17.05,1523100
SEV.PA,20081002,17.86,18.17,17.14,17.26,1307700
SEV.PA,20081001,17.80,17.85,17.50,17.70,1103600
SEV.PA,20080930,17.25,18.00,17.20,17.49,2909400
SEV.PA,20080929,17.47,17.97,17.36,17.70,2650900
SEV.PA,20080926,17.15,17.36,16.97,17.36,1614100
SEV.PA,20080925,17.13,17.52,17.03,17.40,1584400
SEV.PA,20080924,17.80,17.80,16.86,17.18,1911600
SEV.PA,20080923,18.41,18.41,17.50,17.64,2236200
SEV.PA,20080922,19.00,19.08,18.10,18.12,2353300
SEV.PA,20080919,18.58,19.10,18.12,18.98,15205400
SEV.PA,20080918,17.99,18.40,17.55,18.00,2383900
SEV.PA,20080917,18.50,18.65,17.93,18.27,1637300
SEV.PA,20080916,17.90,18.40,17.90,18.30,1702100
SEV.PA,20080915,18.01,18.20,17.80,18.12,875100
SEV.PA,20080912,18.25,18.38,17.90,18.07,1080700
SEV.PA,20080911,18.34,18.43,17.84,18.18,1052900
SEV.PA,20080910,18.50,18.76,18.01,18.12,2091900
SEV.PA,20080909,18.67,18.78,18.15,18.58,1085500
SEV.PA,20080908,19.20,19.30,18.47,18.47,667200
SEV.PA,20080905,18.28,18.84,18.12,18.50,1466400
SEV.PA,20080904,19.20,19.30,18.25,18.36,1724300
SEV.PA,20080903,19.39,19.40,18.74,19.20,1196900
SEV.PA,20080902,19.60,19.95,18.77,19.20,2406900
SEV.PA,20080901,19.74,19.76,19.35,19.64,531400
SEV.PA,20080829,19.30,19.89,19.30,19.58,1787600
SEV.PA,20080828,18.72,19.15,18.21,18.95,1524300
SEV.PA,20080827,18.30,18.75,18.08,18.64,2503900
SEV.PA,20080826,17.73,18.10,17.65,18.07,1329900
SEV.PA,20080825,17.89,17.99,17.60,17.81,1087500
SEV.PA,20080822,17.86,17.96,17.51,17.75,1694800
SEV.PA,20080821,18.15,18.20,17.53,17.72,2358900
SEV.PA,20080820,18.70,19.10,18.10,18.15,1396000
SEV.PA,20080819,19.06,19.13,18.60,18.80,1019600
SEV.PA,20080818,19.15,19.18,18.77,19.07,847800
SEV.PA,20080815,19.20,19.30,19.02,19.15,1658000
SEV.PA,20080814,19.19,19.40,18.51,19.35,2298600
SEV.PA,20080813,18.90,19.37,18.70,18.94,1637700
SEV.PA,20080812,19.35,19.45,18.39,19.01,2871200
SEV.PA,20080811,19.35,19.55,19.04,19.23,1695600
SEV.PA,20080808,19.50,19.89,19.25,19.40,3148300
SEV.PA,20080807,18.29,19.45,18.23,19.40,3194900
SEV.PA,20080806,18.69,18.74,18.21,18.42,1899800
SEV.PA,20080805,18.40,19.00,18.31,18.49,3098900
SEV.PA,20080804,18.38,18.47,17.96,18.34,1878900
SEV.PA,20080801,18.49,18.49,18.07,18.45,1899900
SEV.PA,20080731,17.95,18.70,17.81,18.50,3331400
SEV.PA,20080730,16.94,17.95,16.87,17.80,2574000
SEV.PA,20080729,16.05,17.40,16.00,17.23,4171900
SEV.PA,20080728,16.68,16.86,16.00,16.27,3698900
SEV.PA,20080725,17.00,17.57,16.35,16.35,4614600
SEV.PA,20080724,17.77,17.89,17.05,17.23,6649100
SEV.PA,20080723,18.80,18.80,17.71,17.79,7005500
SEV.PA,20080722,17.00,19.63,16.99,18.10,32029300
