MC.PA,20000103,458.90,465.90,370.10,384.00,1374500
MC.PA,20000110,388.00,472.80,387.90,470.00,1479900
MC.PA,20000117,469.00,474.00,413.70,433.00,1201800
MC.PA,20000124,428.10,434.80,409.70,422.00,732100
MC.PA,20000131,414.90,450.00,402.00,441.00,888500
MC.PA,20000207,441.00,452.50,390.90,409.30,1277000
MC.PA,20000214,403.00,409.30,362.00,376.20,1082600
MC.PA,20000221,368.00,396.00,351.00,393.70,1045700
MC.PA,20000228,387.00,390.00,360.00,365.00,1045100
MC.PA,20000306,364.90,420.00,351.00,417.00,1940700
MC.PA,20000313,83.40,453.30,83.40,431.00,921000
MC.PA,20000320,420.00,439.80,399.50,428.00,1258100
MC.PA,20000327,434.00,440.00,416.00,437.20,672300
MC.PA,20000403,436.80,446.00,415.20,432.00,786400
MC.PA,20000410,432.00,439.00,86.50,432.50,370500
MC.PA,20000417,400.00,439.00,87.80,439.00,959200
MC.PA,20000424,87.80,484.90,87.80,461.60,928700
MC.PA,20000501,92.32,474.00,92.32,457.60,510900
MC.PA,20000508,459.60,476.50,90.40,461.20,578300
MC.PA,20000515,462.00,479.80,448.90,452.00,819100
MC.PA,20000522,455.00,464.90,436.00,447.60,1009600
MC.PA,20000529,446.00,456.00,425.50,453.00,1225600
MC.PA,20000605,453.00,462.00,428.60,439.70,673200
MC.PA,20000612,87.94,449.00,87.94,429.50,521600
MC.PA,20000619,85.90,449.00,85.90,447.50,739600
MC.PA,20000626,444.90,458.00,425.00,431.90,943300
MC.PA,20000703,87.90,89.35,84.20,86.40,431800
MC.PA,20000710,86.75,92.10,84.05,89.80,731800
MC.PA,20000717,91.00,92.25,86.85,91.00,622600
MC.PA,20000724,91.00,94.80,89.55,92.35,345500
MC.PA,20000731,92.25,98.70,90.00,92.95,683100
MC.PA,20000807,92.65,97.90,92.50,95.55,375300
MC.PA,20000814,97.00,97.80,90.20,92.60,681600
MC.PA,20000821,91.50,92.35,87.60,91.45,781100
MC.PA,20000828,91.50,92.00,85.60,90.20,1018100
MC.PA,20000904,89.80,92.30,86.10,87.00,629900
MC.PA,20000911,88.50,90.50,85.20,86.05,1307900
MC.PA,20000918,86.10,87.15,81.20,84.55,977800
MC.PA,20000925,86.00,88.20,81.80,85.55,792600
MC.PA,20001002,83.60,87.90,82.60,84.15,642400
MC.PA,20001009,84.40,85.10,78.25,81.50,983300
MC.PA,20001016,83.50,83.90,78.00,81.40,1103200
MC.PA,20001023,81.70,87.50,80.50,84.45,655200
MC.PA,20001030,83.05,88.00,83.05,86.50,372600
MC.PA,20001106,88.00,88.00,83.30,83.60,564100
MC.PA,20001113,84.40,84.40,79.10,80.50,860200
MC.PA,20001120,80.75,82.35,76.70,79.00,889900
MC.PA,20001127,80.80,82.45,72.65,73.00,1147500
MC.PA,20001204,72.95,75.95,68.85,73.50,1202700
MC.PA,20001211,75.25,77.75,69.85,69.85,922800
MC.PA,20001218,70.05,74.95,66.50,67.50,1111700
MC.PA,20001227,68.20,72.80,68.10,70.50,494100
MC.PA,20010102,72.30,72.30,65.20,66.05,923100
MC.PA,20010108,67.20,68.00,61.70,67.50,1334000
MC.PA,20010115,67.95,75.50,66.10,72.50,1384200
MC.PA,20010122,74.00,74.20,69.00,71.50,1364700
MC.PA,20010129,70.50,72.30,68.00,68.30,980700
MC.PA,20010205,68.55,69.40,66.60,66.85,706100
MC.PA,20010212,66.80,70.00,66.25,67.00,709700
MC.PA,20010219,67.30,69.30,65.55,65.55,654200
MC.PA,20010226,66.50,69.50,63.15,64.05,1395100
MC.PA,20010305,64.60,64.70,60.75,61.85,1440500
MC.PA,20010312,61.50,61.85,54.20,55.55,1378200
MC.PA,20010319,55.85,57.00,52.00,53.75,1460400
MC.PA,20010326,54.00,60.90,53.05,57.00,1489000
MC.PA,20010402,57.90,58.90,52.30,57.40,930400
MC.PA,20010409,57.90,61.15,57.50,59.35,864800
MC.PA,20010417,58.25,63.50,56.55,60.95,1048200
MC.PA,20010423,61.80,68.15,60.45,68.15,1459300
MC.PA,20010430,68.40,70.50,65.60,67.55,1497900
MC.PA,20010508,68.75,70.60,66.20,70.60,1284800
MC.PA,20010514,68.50,69.40,61.95,67.00,1707400
MC.PA,20010521,67.75,70.25,66.35,67.80,930900
MC.PA,20010528,68.00,69.30,65.60,65.95,1601200
MC.PA,20010605,65.20,67.65,64.60,65.60,1211700
MC.PA,20010611,65.90,66.45,61.90,61.90,1139200
MC.PA,20010618,62.30,63.20,58.10,59.90,1179900
MC.PA,20010625,60.15,60.80,57.90,59.50,1236200
MC.PA,20010702,59.25,59.90,53.00,53.00,1492100
MC.PA,20010709,55.00,57.90,53.25,57.10,1301900
MC.PA,20010716,57.85,58.45,55.50,57.20,857000
MC.PA,20010723,56.40,58.15,55.50,57.30,1028200
MC.PA,20010730,58.00,61.00,57.60,58.10,1090700
MC.PA,20010806,58.00,59.50,55.15,55.65,658200
MC.PA,20010813,56.00,57.95,54.50,55.00,551900
MC.PA,20010820,54.90,58.25,53.80,57.55,764400
MC.PA,20010827,57.10,58.95,53.25,53.45,1766300
MC.PA,20010903,53.35,54.60,47.30,49.15,1466200
MC.PA,20010910,48.57,51.60,36.70,37.96,3405500
MC.PA,20010917,36.50,39.93,28.40,28.40,2892100
MC.PA,20010924,30.00,35.80,29.50,34.28,2285400
MC.PA,20011001,35.75,37.45,31.02,36.27,1711500
MC.PA,20011008,35.95,39.60,33.40,38.83,2125200
MC.PA,20011015,37.90,41.25,35.50,39.00,1596500
MC.PA,20011022,39.49,45.30,39.01,42.79,1362100
MC.PA,20011029,42.10,42.34,37.50,39.55,1616500
MC.PA,20011105,39.00,43.27,39.00,42.09,1590400
MC.PA,20011112,40.00,47.74,38.30,45.80,3163700
MC.PA,20011119,46.20,50.00,45.81,46.40,2083200
MC.PA,20011126,46.90,47.69,43.25,45.33,1830600
MC.PA,20011203,45.00,50.15,43.01,49.65,1431800
MC.PA,20011210,48.51,48.99,43.33,43.70,1411400
MC.PA,20011217,43.80,46.40,42.75,43.62,1161700
MC.PA,20011224,43.62,46.20,43.51,45.70,454400
MC.PA,20011231,45.70,49.88,45.37,49.27,973900
MC.PA,20020107,49.30,49.66,45.00,45.35,1663500
MC.PA,20020114,45.39,46.19,42.23,43.16,1319800
MC.PA,20020121,42.90,47.75,42.15,47.01,2058100
MC.PA,20020128,47.25,47.96,44.91,47.20,1225500
MC.PA,20020204,47.09,47.20,42.99,45.10,1500300
MC.PA,20020211,45.20,49.44,45.08,48.07,1520500
MC.PA,20020218,47.42,48.95,45.81,48.50,1679200
MC.PA,20020225,48.88,54.90,48.80,54.25,2244900
MC.PA,20020304,54.35,60.50,54.30,59.85,3306400
MC.PA,20020311,59.00,60.10,56.85,60.10,1632600
MC.PA,20020318,59.90,61.60,58.50,59.45,1599300
MC.PA,20020325,59.70,60.40,57.20,57.95,799400
MC.PA,20020401,57.95,59.00,56.00,56.60,1007000
MC.PA,20020408,55.85,56.60,53.30,55.60,2125200
MC.PA,20020415,56.30,58.00,55.55,56.50,1091000
MC.PA,20020422,56.60,58.20,55.80,57.25,1549900
MC.PA,20020429,57.50,60.10,56.75,58.25,1666800
MC.PA,20020506,58.65,58.65,56.10,58.30,1075200
MC.PA,20020513,57.80,61.55,57.05,60.50,1661000
MC.PA,20020520,60.95,61.10,58.10,60.80,1821700
MC.PA,20020527,60.30,61.45,56.55,56.75,2261400
MC.PA,20020603,56.30,57.85,52.30,52.50,2080700
MC.PA,20020610,53.10,54.70,47.90,48.64,1837400
MC.PA,20020617,49.10,51.90,47.90,48.63,1959400
MC.PA,20020624,48.82,51.00,45.55,51.00,2281300
MC.PA,20020701,50.05,51.70,45.52,47.33,1816100
MC.PA,20020708,47.33,47.97,41.50,42.09,2064100
MC.PA,20020715,42.09,47.11,38.50,44.95,3035100
MC.PA,20020722,44.00,44.40,38.86,42.50,2512700
MC.PA,20020729,43.15,47.40,41.70,42.44,2155200
MC.PA,20020805,42.75,44.10,38.15,43.51,2252600
MC.PA,20020812,43.47,43.86,40.84,42.85,899200
MC.PA,20020819,43.10,47.40,41.93,45.65,1327600
MC.PA,20020826,45.00,46.30,41.80,42.47,1702600
MC.PA,20020902,42.40,42.50,38.70,40.90,1660700
MC.PA,20020909,40.60,44.70,40.10,41.78,1610600
MC.PA,20020916,42.10,43.30,38.00,38.54,1760700
MC.PA,20020923,39.00,39.46,35.51,38.40,2389800
MC.PA,20020930,37.59,38.20,34.15,34.75,1884600
MC.PA,20021007,34.20,37.49,31.61,37.10,2427600
MC.PA,20021014,36.50,44.30,36.21,42.37,2443300
MC.PA,20021021,42.10,45.20,41.40,43.03,1521500
MC.PA,20021028,43.99,46.17,41.40,45.79,1842300
MC.PA,20021104,46.00,47.25,42.00,42.20,1766400
MC.PA,20021111,42.10,45.00,40.08,44.10,1456200
MC.PA,20021118,44.16,46.75,42.50,46.29,1206300
MC.PA,20021125,46.70,48.50,44.10,47.40,2112800
MC.PA,20021202,47.74,49.46,41.63,43.25,1756200
MC.PA,20021209,42.75,43.75,40.78,41.25,1679600
MC.PA,20021216,41.05,42.50,38.68,39.88,1449300
MC.PA,20021223,40.17,41.00,38.65,38.72,324600
MC.PA,20021230,38.69,41.78,38.60,41.02,853400
MC.PA,20030106,41.04,41.90,36.55,38.37,1741400
MC.PA,20030113,38.83,40.20,36.92,37.33,1474000
MC.PA,20030120,37.28,38.20,35.69,37.87,2333300
MC.PA,20030127,37.58,39.83,35.25,39.38,2554000
MC.PA,20030203,39.99,40.94,38.15,39.25,1537800
MC.PA,20030210,39.39,39.88,37.22,39.15,1331800
MC.PA,20030217,39.92,40.45,38.32,39.11,936200
MC.PA,20030224,39.00,39.26,36.29,38.32,1886200
MC.PA,20030303,38.51,39.78,37.24,37.45,1965200
MC.PA,20030310,37.17,40.68,35.63,40.61,2216200
MC.PA,20030317,39.15,43.45,39.14,41.50,2364100
MC.PA,20030324,40.90,41.60,37.71,38.01,2150500
MC.PA,20030331,37.40,37.47,33.97,36.81,3389500
MC.PA,20030407,37.71,40.44,37.42,39.36,3432400
MC.PA,20030414,39.17,41.00,38.66,40.40,1447400
MC.PA,20030421,40.40,40.54,36.36,37.39,1912600
MC.PA,20030428,36.74,39.35,36.74,38.90,1808700
MC.PA,20030505,39.32,39.99,38.17,39.38,1693300
MC.PA,20030512,39.41,44.11,38.63,43.00,3122100
MC.PA,20030519,42.28,42.89,40.98,42.40,2326300
MC.PA,20030526,42.05,43.86,41.11,43.62,1910600
MC.PA,20030602,43.64,45.24,43.51,44.73,1911200
MC.PA,20030609,44.75,45.75,44.37,44.97,1814400
MC.PA,20030616,44.63,46.25,44.24,45.90,2062800
MC.PA,20030623,45.56,45.90,43.32,44.41,1780000
MC.PA,20030630,44.44,44.83,42.45,44.09,1803900
MC.PA,20030707,44.40,46.88,44.30,46.70,1641300
MC.PA,20030714,46.73,49.35,46.30,47.25,1784600
MC.PA,20030721,47.50,48.19,45.52,47.39,1408200
MC.PA,20030728,47.68,49.46,47.50,49.14,1696100
MC.PA,20030804,49.08,49.89,47.10,47.50,1165300
MC.PA,20030811,47.39,49.37,47.24,48.71,706700
MC.PA,20030818,49.03,54.65,48.25,53.55,1721500
MC.PA,20030825,52.75,55.70,52.30,54.75,1576100
MC.PA,20030901,55.00,56.95,54.35,55.00,1452400
MC.PA,20030908,55.00,56.80,52.40,53.70,2099200
MC.PA,20030915,53.75,55.40,52.95,54.75,1094400
MC.PA,20030922,54.25,54.60,51.85,52.60,1695000
MC.PA,20030929,52.90,55.50,52.30,55.40,1933800
MC.PA,20031006,55.60,57.40,54.75,57.25,1186100
MC.PA,20031013,57.00,59.90,57.00,58.35,1528400
MC.PA,20031020,58.20,58.95,56.35,57.10,1422500
MC.PA,20031027,57.85,60.70,57.20,59.45,1299400
MC.PA,20031103,59.60,61.55,59.25,60.85,1288200
MC.PA,20031110,60.10,61.45,59.30,60.15,1257100
MC.PA,20031117,59.20,59.75,55.30,56.35,1537700
MC.PA,20031124,56.40,58.35,56.00,57.45,3369100
MC.PA,20031201,57.95,59.55,57.75,58.00,1423100
MC.PA,20031208,57.60,58.00,55.60,56.40,1273700
MC.PA,20031215,57.65,58.20,55.75,56.95,1513800
MC.PA,20031222,56.80,57.10,55.75,56.50,489500
MC.PA,20031229,56.50,58.35,56.10,58.05,500100
MC.PA,20040105,58.00,60.65,57.70,59.05,1297500
MC.PA,20040112,59.00,61.25,58.30,61.10,1391600
MC.PA,20040119,61.00,63.45,60.65,61.20,2176400
MC.PA,20040126,61.15,61.70,57.90,57.90,1523200
MC.PA,20040202,58.05,58.40,56.45,57.00,1547700
MC.PA,20040209,57.45,60.40,57.00,59.30,1379300
MC.PA,20040216,59.10,61.55,58.90,61.25,1294800
MC.PA,20040223,61.50,62.50,59.90,61.50,1206200
MC.PA,20040301,61.45,62.50,60.35,61.55,1345800
MC.PA,20040308,61.60,62.00,57.30,58.70,1529200
MC.PA,20040315,58.65,59.30,56.70,57.70,1447800
MC.PA,20040322,57.10,58.15,55.20,57.85,1672200
MC.PA,20040329,57.95,60.95,57.60,60.35,1680600
MC.PA,20040405,60.75,61.85,59.90,60.40,1321800
MC.PA,20040412,60.40,61.90,59.90,60.60,1454900
MC.PA,20040419,60.70,61.90,59.55,60.80,1688100
MC.PA,20040426,60.80,61.30,58.60,58.80,1260600
MC.PA,20040503,58.40,59.90,57.45,57.90,1020400
MC.PA,20040510,57.00,58.30,56.00,56.35,2421700
MC.PA,20040517,55.40,58.25,54.70,57.60,1599400
MC.PA,20040524,58.10,59.25,57.15,58.50,1304600
MC.PA,20040531,58.45,58.80,57.35,58.40,1111000
MC.PA,20040607,59.05,59.50,58.00,58.45,839900
MC.PA,20040614,58.35,59.05,56.95,58.65,1434700
MC.PA,20040621,58.95,60.05,57.60,59.35,1561200
MC.PA,20040628,59.30,60.40,58.45,58.70,1250000
MC.PA,20040705,58.95,59.10,57.95,58.65,749600
MC.PA,20040712,58.60,58.80,57.15,57.80,696000
MC.PA,20040719,57.50,59.35,56.40,56.70,1225300
MC.PA,20040726,56.65,57.55,55.35,56.70,1546800
MC.PA,20040802,56.15,56.80,52.30,52.60,1913500
MC.PA,20040809,52.60,53.00,49.90,50.95,1966700
MC.PA,20040816,50.60,53.20,50.30,51.70,1487700
MC.PA,20040823,52.25,53.95,52.10,53.65,1005900
MC.PA,20040830,53.65,54.00,52.35,53.65,1085200
MC.PA,20040906,53.95,55.50,53.65,54.55,1063100
MC.PA,20040913,54.95,56.75,53.85,56.60,1545300
MC.PA,20040920,56.20,56.50,53.60,54.30,1209800
MC.PA,20040927,54.60,55.15,53.30,55.05,1273100
MC.PA,20041004,55.20,57.70,55.15,56.80,1462700
MC.PA,20041011,56.55,57.15,54.55,55.05,1338900
MC.PA,20041018,55.35,55.85,53.40,53.65,1253200
MC.PA,20041025,52.90,54.85,52.30,53.70,1305600
MC.PA,20041101,53.60,56.20,53.55,55.75,1034300
MC.PA,20041108,55.70,56.95,55.10,56.70,976000
MC.PA,20041115,56.80,57.30,55.70,56.30,1096200
MC.PA,20041122,56.00,56.30,53.75,53.85,1574200
MC.PA,20041129,54.20,55.00,53.05,53.50,1870100
MC.PA,20041206,53.10,54.80,52.20,53.55,1551500
MC.PA,20041213,53.60,55.15,53.45,53.70,1745000
MC.PA,20041220,53.50,56.25,53.15,56.05,1259400
MC.PA,20041227,56.00,56.55,55.60,56.35,431100
MC.PA,20050103,56.30,57.25,55.30,56.05,959400
MC.PA,20050110,56.20,56.20,53.70,54.80,1180500
MC.PA,20050117,55.05,55.60,53.35,54.10,1745400
MC.PA,20050124,53.60,54.25,53.10,53.35,1524100
MC.PA,20050131,53.65,55.25,52.95,54.40,1774900
MC.PA,20050207,54.55,56.45,54.50,56.15,1398400
MC.PA,20050214,56.20,57.30,55.45,57.20,1516200
MC.PA,20050221,56.90,57.75,55.00,55.90,1166200
MC.PA,20050228,56.25,57.75,55.70,57.60,1187700
MC.PA,20050307,57.60,58.30,56.80,57.10,1185300
MC.PA,20050314,57.00,58.00,56.50,57.25,1027200
MC.PA,20050321,57.25,57.45,56.15,56.85,701400
MC.PA,20050328,56.85,58.10,56.25,57.45,848000
MC.PA,20050404,57.00,58.75,56.30,58.45,1637000
MC.PA,20050411,58.05,58.65,56.30,56.40,1143600
MC.PA,20050418,55.85,56.40,54.75,55.75,1783100
MC.PA,20050425,55.75,56.10,53.70,54.50,1104000
MC.PA,20050502,55.00,55.85,54.60,55.75,762600
MC.PA,20050509,56.00,57.60,55.10,57.40,1670400
MC.PA,20050516,57.10,58.25,56.90,58.10,1119800
MC.PA,20050523,58.30,58.55,57.65,58.20,1012700
MC.PA,20050530,58.05,62.50,57.65,61.00,1595600
MC.PA,20050606,60.90,62.25,60.80,62.15,1194700
MC.PA,20050613,62.00,63.35,61.85,63.00,1206300
MC.PA,20050620,62.70,64.80,62.50,63.50,1378500
MC.PA,20050627,63.25,65.20,62.60,64.90,1191200
MC.PA,20050704,64.95,65.65,60.80,64.25,1821500
MC.PA,20050711,64.50,66.70,64.45,66.30,1192500
MC.PA,20050718,66.35,68.70,65.65,68.20,1281000
MC.PA,20050725,68.50,69.85,67.95,68.55,1246900
MC.PA,20050801,68.70,69.10,66.05,66.05,1112200
MC.PA,20050808,66.35,67.95,65.80,66.00,1079600
MC.PA,20050815,65.80,66.70,64.60,65.70,964500
MC.PA,20050822,66.00,66.45,64.60,64.65,934800
MC.PA,20050829,64.40,66.40,64.10,65.50,802500
MC.PA,20050905,65.25,67.45,65.00,67.40,898800
MC.PA,20050912,67.55,69.00,67.25,68.70,991500
MC.PA,20050919,68.40,68.85,65.90,67.10,929600
MC.PA,20050926,67.15,69.25,67.15,68.60,916100
MC.PA,20051003,69.00,69.50,66.40,66.40,1051500
MC.PA,20051010,66.80,69.10,66.80,68.35,1401000
MC.PA,20051017,68.80,68.95,66.05,66.15,1516300
MC.PA,20051024,66.20,67.80,65.30,65.65,980100
MC.PA,20051031,66.15,67.55,65.85,66.85,967100
MC.PA,20051107,67.00,69.95,66.90,69.70,1267200
MC.PA,20051114,69.80,72.75,69.20,71.80,1205700
MC.PA,20051121,72.25,73.00,71.35,72.65,825400
MC.PA,20051128,73.00,74.75,72.20,73.75,1427900
MC.PA,20051205,73.75,75.70,73.35,74.70,1214800
MC.PA,20051212,75.00,76.00,73.70,75.05,1136100
MC.PA,20051219,74.90,75.90,74.35,75.25,715900
MC.PA,20051226,75.25,76.85,74.80,75.05,422700
MC.PA,20060102,75.60,77.45,75.25,77.10,970200
MC.PA,20060109,77.10,77.95,76.20,77.05,1148100
MC.PA,20060116,77.10,77.75,74.60,74.75,1767400
MC.PA,20060123,74.35,76.30,72.55,75.25,2030100
MC.PA,20060130,75.25,76.30,73.60,75.35,1506900
MC.PA,20060206,75.75,76.10,73.70,75.30,1049900
MC.PA,20060213,75.15,75.70,74.55,74.90,1056100
MC.PA,20060220,74.85,77.45,73.85,76.85,1536100
MC.PA,20060227,77.00,81.20,75.60,80.60,2608800
MC.PA,20060306,81.35,81.35,78.10,80.40,1375000
MC.PA,20060313,80.95,81.95,80.30,81.30,1135700
MC.PA,20060320,81.95,81.95,80.25,81.10,966200
MC.PA,20060327,81.15,81.30,79.85,80.90,974800
MC.PA,20060403,80.50,81.85,79.85,79.90,1132200
MC.PA,20060410,79.80,80.15,78.20,78.95,1009000
MC.PA,20060417,78.95,84.75,78.35,84.40,1899800
MC.PA,20060424,84.00,85.75,82.95,83.45,1365500
MC.PA,20060502,83.15,84.90,83.10,84.90,999100
MC.PA,20060508,84.90,85.95,81.70,82.05,1689900
MC.PA,20060515,81.70,81.75,74.35,78.40,2724900
MC.PA,20060522,78.40,78.60,73.90,78.60,2160900
MC.PA,20060529,78.25,79.05,74.70,77.50,1415800
MC.PA,20060605,77.50,77.75,71.20,73.40,1864500
MC.PA,20060612,73.40,76.00,68.75,72.50,2183400
MC.PA,20060619,72.70,75.70,72.20,74.10,1100200
MC.PA,20060626,74.35,78.20,73.30,77.60,1013700
MC.PA,20060703,77.65,78.10,75.55,76.30,788500
MC.PA,20060710,75.95,77.65,71.75,72.10,1414700
MC.PA,20060717,72.00,74.80,70.25,73.45,1275100
MC.PA,20060724,73.40,79.20,73.30,78.95,1168400
MC.PA,20060731,78.65,79.80,77.30,79.05,876100
MC.PA,20060807,78.05,78.20,74.50,74.75,1121100
MC.PA,20060814,75.70,78.95,74.10,78.30,1289000
MC.PA,20060821,78.25,78.50,76.80,77.95,711200
MC.PA,20060828,77.90,81.30,77.50,80.15,1120900
MC.PA,20060904,80.80,81.65,76.95,77.90,1393800
MC.PA,20060911,77.50,79.75,76.95,78.65,1206000
MC.PA,20060918,78.95,80.95,77.90,79.55,999000
MC.PA,20060925,79.95,81.65,78.55,81.25,1086900
MC.PA,20061002,81.75,82.15,79.85,81.80,895700
MC.PA,20061009,81.50,83.20,80.20,82.90,997900
MC.PA,20061016,83.00,83.20,79.80,81.65,1231300
MC.PA,20061023,82.00,83.90,81.50,82.25,1047200
MC.PA,20061030,81.20,82.20,79.50,80.15,1048500
MC.PA,20061106,80.45,83.40,80.20,81.30,1111400
MC.PA,20061113,81.30,84.40,81.10,83.90,1192700
MC.PA,20061120,83.75,84.90,81.50,81.90,1105700
MC.PA,20061127,81.55,81.80,76.15,76.15,2488500
MC.PA,20061204,76.45,78.20,75.75,77.25,1459100
MC.PA,20061211,78.25,80.35,77.90,80.20,1716700
MC.PA,20061218,80.25,80.40,78.10,78.15,1399600
MC.PA,20061225,78.15,80.70,78.15,79.95,421400
MC.PA,20070101,79.95,80.95,78.55,78.60,1046600
MC.PA,20070108,78.50,79.80,77.10,78.80,1462300
MC.PA,20070115,79.50,79.70,77.55,79.10,1593900
MC.PA,20070122,79.40,79.60,77.45,77.90,1513200
MC.PA,20070129,79.60,82.55,79.10,81.15,2036700
MC.PA,20070205,81.05,83.25,80.30,82.80,1429400
MC.PA,20070212,82.40,88.60,81.35,87.25,2447600
MC.PA,20070219,87.69,88.55,86.15,88.20,1396600
MC.PA,20070226,88.30,89.20,81.30,82.81,2974300
MC.PA,20070305,81.90,84.49,80.95,83.96,1690900
MC.PA,20070312,84.10,84.86,80.12,80.81,2053000
MC.PA,20070319,82.39,84.09,81.33,83.28,1232300
MC.PA,20070326,83.32,83.85,81.37,83.05,1213900
MC.PA,20070402,82.95,85.22,82.36,85.00,1112300
MC.PA,20070409,85.00,85.96,84.17,85.76,1079800
MC.PA,20070416,86.00,86.50,83.41,85.77,1640600
MC.PA,20070423,86.10,88.00,84.80,85.72,1688200
MC.PA,20070430,85.69,87.89,85.46,87.75,962500
MC.PA,20070507,87.94,88.47,83.72,86.06,1300500
MC.PA,20070514,86.49,87.05,84.17,86.35,1444300
MC.PA,20070521,86.74,87.49,86.01,86.61,1046200
MC.PA,20070528,86.92,87.90,85.38,86.85,1291300
MC.PA,20070604,86.90,86.93,83.25,84.05,1702800
MC.PA,20070611,84.91,87.38,83.52,86.98,1627400
MC.PA,20070618,87.20,87.20,84.60,84.84,1347500
MC.PA,20070625,84.50,85.70,82.32,85.54,1451700
MC.PA,20070702,85.25,85.64,84.30,84.87,1071800
MC.PA,20070709,85.00,85.38,82.62,84.37,1380700
MC.PA,20070716,84.50,84.70,82.02,82.12,1398400
MC.PA,20070723,82.06,84.10,79.02,81.01,2075700
MC.PA,20070730,80.83,82.79,79.88,80.21,1968700
MC.PA,20070806,79.50,84.40,78.82,81.20,2293900
MC.PA,20070813,81.54,82.47,77.06,78.90,2202700
MC.PA,20070820,79.70,82.00,78.61,80.71,1309600
MC.PA,20070827,81.12,82.45,78.50,81.99,1446200
MC.PA,20070903,82.29,82.33,78.64,78.99,1302800
MC.PA,20070910,79.28,80.59,78.00,80.19,1343200
MC.PA,20070917,80.25,83.19,78.39,82.82,1684100
MC.PA,20070924,83.20,84.15,81.60,84.07,1320700
MC.PA,20071001,83.76,86.13,83.30,85.99,1257600
MC.PA,20071008,86.00,86.65,84.71,85.50,1003300
MC.PA,20071015,87.20,89.18,86.15,87.82,2051700
MC.PA,20071022,85.78,88.49,84.90,88.23,1552500
MC.PA,20071029,88.47,89.36,85.20,86.13,1514800
MC.PA,20071105,85.48,86.38,81.07,81.77,1807000
MC.PA,20071112,81.40,83.53,79.78,80.77,2079600
MC.PA,20071119,81.00,81.52,77.63,80.28,1879500
MC.PA,20071126,81.13,83.50,78.15,82.94,1868500
MC.PA,20071203,83.04,85.00,80.83,84.34,1441300
MC.PA,20071210,83.50,85.90,82.19,82.89,1320400
MC.PA,20071217,82.00,82.85,80.25,82.00,1840200
MC.PA,20071224,82.75,83.60,81.81,82.87,363000
MC.PA,20071231,83.11,83.93,78.71,79.11,969000
MC.PA,20080107,78.99,80.21,72.20,73.17,2780000
MC.PA,20080114,72.65,74.25,69.12,70.11,3126200
MC.PA,20080121,68.99,71.90,61.95,69.78,4598800
MC.PA,20080128,68.66,71.50,67.14,71.17,2276300
MC.PA,20080204,72.59,72.96,66.50,68.91,2891200
MC.PA,20080211,68.01,71.75,67.52,69.00,1719100
MC.PA,20080218,69.90,71.24,68.80,70.35,1345000
MC.PA,20080225,71.01,73.32,67.70,68.23,1959200
MC.PA,20080303,66.50,68.60,65.49,66.12,1644300
MC.PA,20080310,65.97,68.40,65.15,66.21,2241300
MC.PA,20080317,64.48,66.00,63.52,65.12,2283100
MC.PA,20080324,65.12,70.91,65.12,69.49,1549700
MC.PA,20080331,69.14,74.00,68.24,71.45,1848400
MC.PA,20080407,72.29,72.30,66.14,66.63,1737100
MC.PA,20080414,66.01,70.92,65.37,70.61,1925700
MC.PA,20080421,70.86,73.11,69.08,72.44,1495000
MC.PA,20080428,72.40,75.76,71.54,74.83,1095200
MC.PA,20080505,74.82,75.65,72.10,73.50,1141900
MC.PA,20080512,73.51,77.35,73.50,76.42,1490500
MC.PA,20080519,76.24,77.00,72.07,72.20,1106100
MC.PA,20080526,72.11,75.44,72.11,75.21,1013800
MC.PA,20080602,75.34,75.35,72.33,72.79,1311100
MC.PA,20080609,72.43,72.70,70.10,72.30,1203000
MC.PA,20080616,71.55,72.89,67.69,68.40,1533600
MC.PA,20080623,68.01,68.94,65.01,66.05,1604900
MC.PA,20080630,65.78,67.23,62.77,63.30,2006400
MC.PA,20080707,63.55,64.65,60.80,60.80,1850600
MC.PA,20080714,61.80,67.00,59.49,66.75,2389300
MC.PA,20080721,67.09,70.60,65.45,69.90,1527500
MC.PA,20080728,69.41,71.90,66.64,69.64,1583600
MC.PA,20080804,69.26,72.65,68.55,72.65,1123400
MC.PA,20080811,72.80,74.65,70.20,72.39,1427100
MC.PA,20080818,71.81,73.60,69.00,71.08,1069400
MC.PA,20080825,70.96,73.75,69.02,72.72,954800
MC.PA,20080901,72.29,75.51,69.00,69.44,1509500
MC.PA,20080908,70.80,72.57,66.72,68.44,1866200
MC.PA,20080915,66.89,68.74,63.90,68.14,3132600
MC.PA,20080922,67.95,69.50,62.91,63.51,2160800
MC.PA,20080929,63.71,64.14,58.50,60.42,2294500
MC.PA,20081006,57.90,58.53,45.10,51.53,4537000
MC.PA,20081013,53.79,59.82,50.00,54.63,3846800
MC.PA,20081020,56.26,58.46,45.81,48.38,2790100
MC.PA,20081027,45.96,53.57,43.60,51.87,2744100
MC.PA,20081103,52.22,56.91,49.01,49.79,2257700
MC.PA,20081110,51.00,51.60,41.01,41.33,2812200
MC.PA,20081117,41.16,42.56,38.10,39.19,2659500
MC.PA,20081124,40.20,45.96,39.65,44.58,2262800
MC.PA,20081201,44.92,45.57,40.70,41.46,1737800
MC.PA,20081208,44.44,49.60,43.88,46.66,2180500
MC.PA,20081215,47.30,48.48,45.62,47.02,1568200
MC.PA,20081222,46.94,47.46,44.21,46.00,527500
MC.PA,20081229,46.19,48.40,45.56,48.40,598900
MC.PA,20090105,49.02,49.90,45.68,45.99,1249600
MC.PA,20090112,45.96,46.15,39.87,40.76,2494100
MC.PA,20090119,39.75,42.62,39.08,41.06,2014400
MC.PA,20090126,40.68,45.84,40.68,42.81,1664400
MC.PA,20090202,42.00,50.62,41.26,50.02,2382700
MC.PA,20090209,49.50,50.60,46.96,48.58,1750100
MC.PA,20090216,47.90,48.40,45.35,45.76,1342500
MC.PA,20090223,46.50,47.40,44.32,45.38,1280900
MC.PA,20090302,44.08,47.26,43.24,44.72,1908500
MC.PA,20090309,44.94,49.90,42.75,48.39,2138000
MC.PA,20090316,49.10,50.40,47.00,49.01,1703800
MC.PA,20090323,49.80,49.87,46.47,46.81,1286200
MC.PA,20090330,45.68,52.87,44.85,51.85,1595700
MC.PA,20090406,52.45,53.82,48.89,51.95,993100
MC.PA,20090413,51.95,54.85,51.24,53.35,1065700
MC.PA,20090420,53.62,58.03,51.10,57.90,3084200
MC.PA,20090427,55.51,57.93,54.75,57.39,1118500
MC.PA,20090504,57.68,60.99,57.41,60.37,1304800
MC.PA,20090511,60.90,60.90,56.10,58.02,1185300
MC.PA,20090518,58.47,61.61,57.76,58.65,1115500
MC.PA,20090525,58.65,59.90,57.00,58.53,798900
MC.PA,20090601,59.79,61.81,58.73,59.00,1475200
MC.PA,20090608,58.70,59.92,57.59,59.44,913900
MC.PA,20090615,59.14,59.33,54.88,56.59,1379500
MC.PA,20090622,56.83,57.15,53.87,54.15,1175900
MC.PA,20090629,54.00,56.49,53.85,54.90,997600
MC.PA,20090706,54.30,55.92,52.75,53.48,840300
MC.PA,20090713,53.21,58.50,53.06,57.73,837700
MC.PA,20090720,58.13,63.00,57.88,62.54,1043900
MC.PA,20090727,63.37,64.68,60.52,63.29,1444300
MC.PA,20090803,63.40,65.45,62.05,63.70,1200400
MC.PA,20090810,63.38,69.42,61.76,65.62,1235600
MC.PA,20090817,65.45,65.86,62.03,65.47,1044000
MC.PA,20090824,65.49,69.17,64.15,67.38,1222200
MC.PA,20090831,66.55,68.80,64.11,65.06,1009400
MC.PA,20090907,65.49,69.97,65.35,69.40,1007500
MC.PA,20090914,68.50,69.97,68.10,68.50,1144700
MC.PA,20090921,67.94,69.91,66.61,68.10,1150500
MC.PA,20090928,67.99,69.95,65.54,66.10,1034200
MC.PA,20091005,65.51,72.75,65.40,72.45,1221500
MC.PA,20091012,72.62,74.42,71.10,72.45,1241400
MC.PA,20091019,72.81,75.89,71.92,72.00,1462800
MC.PA,20091026,72.47,72.86,69.24,70.65,1184800
MC.PA,20091102,70.12,73.21,68.13,73.03,1109600
MC.PA,20091109,73.40,76.44,73.14,75.20,1034500
MC.PA,20091116,76.00,76.80,71.53,71.66,1193900
MC.PA,20091123,72.70,74.70,68.95,70.92,1106600
MC.PA,20091130,70.93,74.65,69.36,74.30,1562100
MC.PA,20091207,74.10,74.99,71.74,73.62,1063100
MC.PA,20091214,74.64,77.00,73.60,75.16,1491500
MC.PA,20091221,75.21,79.27,75.21,77.90,679800
MC.PA,20091228,78.00,79.06,77.64,78.38,664100
MC.PA,20100104,78.61,81.50,77.77,81.07,1420000
MC.PA,20100111,81.50,82.00,79.11,79.41,1093500
MC.PA,20100118,79.66,82.30,76.60,77.77,1109800
MC.PA,20100125,77.17,80.84,76.70,79.07,1225500
MC.PA,20100201,78.03,82.24,74.19,74.87,1459100
MC.PA,20100208,75.69,78.98,74.95,76.42,1288600
MC.PA,20100215,77.20,79.78,76.21,79.55,1138600
MC.PA,20100222,80.00,80.70,76.44,79.60,994900
MC.PA,20100301,80.00,86.99,79.82,86.97,1281800
MC.PA,20100308,86.63,86.90,84.55,86.41,1068800
MC.PA,20100315,86.39,87.99,85.57,86.62,980600
MC.PA,20100322,86.19,87.98,84.98,87.20,817200
MC.PA,20100329,87.55,88.65,86.01,88.60,847200
MC.PA,20100405,88.60,89.40,84.41,88.39,989600
MC.PA,20100412,89.10,92.36,87.27,87.53,1808000
MC.PA,20100419,86.92,89.00,86.12,88.97,1217200
MC.PA,20100426,89.62,90.50,84.12,86.84,1472400
MC.PA,20100503,86.17,87.88,78.26,79.51,1967200
MC.PA,20100510,83.91,92.50,82.14,88.06,2269400
MC.PA,20100517,86.74,89.20,80.28,83.74,1888400
MC.PA,20100524,84.00,87.88,80.04,85.92,1507700
MC.PA,20100531,85.87,90.40,83.66,87.27,1212100
MC.PA,20100607,85.38,92.98,85.22,91.91,1635300
MC.PA,20100614,92.01,94.00,90.83,93.39,1531500
MC.PA,20100621,95.00,96.96,90.11,90.79,1342200
MC.PA,20100628,91.53,93.47,84.85,84.92,1591800
MC.PA,20100705,85.08,90.43,84.86,89.90,1025900
MC.PA,20100712,89.76,92.79,88.20,89.48,1028800
MC.PA,20100719,88.92,94.62,87.53,94.10,1088500
MC.PA,20100726,95.09,95.40,91.65,93.62,1406800
MC.PA,20100802,93.92,97.72,93.80,95.63,1019400
MC.PA,20100809,96.99,97.40,91.98,93.64,834400
MC.PA,20100816,93.96,96.24,91.85,92.27,798900
MC.PA,20100823,92.38,93.84,89.12,91.67,974000
MC.PA,20100830,92.00,98.47,89.76,98.31,896800
MC.PA,20100906,98.40,99.36,96.06,98.89,845900
MC.PA,20100913,99.48,102.00,99.30,100.85,984900
MC.PA,20100920,101.30,106.00,101.00,105.80,1078200
MC.PA,20100927,106.05,109.50,102.80,105.15,1031300
MC.PA,20101004,105.00,111.45,104.15,109.70,879700
MC.PA,20101011,109.95,112.40,108.30,111.90,943400
MC.PA,20101018,111.05,114.25,107.75,113.30,1019000
MC.PA,20101025,115.00,119.40,110.90,112.60,1111100
MC.PA,20101101,113.40,120.50,112.00,119.10,809900
MC.PA,20101108,118.95,119.50,114.70,116.10,760900
MC.PA,20101115,115.15,119.40,114.65,119.40,754200
MC.PA,20101122,119.40,121.60,116.30,119.85,968700
MC.PA,20101129,119.80,123.95,116.30,121.70,1089600
MC.PA,20101206,121.20,125.95,119.85,121.50,874900
MC.PA,20101213,121.80,124.50,120.40,123.20,849400
MC.PA,20101220,124.40,129.05,123.10,128.00,509900
MC.PA,20101227,127.35,127.90,122.90,123.10,282500
MC.PA,20110103,124.50,125.35,117.65,119.35,837100
MC.PA,20110110,119.00,122.25,115.55,116.75,1036000
MC.PA,20110117,117.90,119.65,110.90,112.30,1193800
MC.PA,20110124,112.75,117.25,111.60,113.80,936200
MC.PA,20110131,114.00,117.75,112.35,114.05,1236700
MC.PA,20110207,114.30,121.20,114.15,119.40,1008500
MC.PA,20110214,120.15,120.50,115.75,116.25,776700
MC.PA,20110221,115.90,116.90,110.90,114.20,1001800
MC.PA,20110228,113.95,117.80,111.10,111.55,992700
MC.PA,20110307,111.00,115.85,109.25,110.00,1164100
MC.PA,20110314,107.00,108.00,97.67,105.50,2903300
MC.PA,20110321,106.90,110.85,106.55,109.70,1090400
MC.PA,20110328,110.00,113.15,108.95,113.00,830800
MC.PA,20110404,112.90,115.15,110.50,111.20,879900
MC.PA,20110411,110.80,112.65,109.45,112.00,692200
MC.PA,20110418,112.30,119.50,109.00,119.30,1107800
MC.PA,20110426,118.65,121.65,118.20,121.25,699800
MC.PA,20110502,122.30,122.30,116.75,120.20,794600
MC.PA,20110509,119.65,124.25,118.10,120.75,870100
MC.PA,20110516,120.00,121.55,117.90,119.05,863300
MC.PA,20110523,117.70,119.30,115.65,118.35,823100
MC.PA,20110530,118.25,121.50,117.30,118.25,652200
MC.PA,20110606,118.15,118.40,114.50,114.80,687400
MC.PA,20110613,115.15,117.70,110.80,112.75,1025800
MC.PA,20110620,112.00,118.85,111.40,116.25,985900
MC.PA,20110627,116.00,126.50,115.20,125.85,998200
MC.PA,20110704,125.75,129.95,124.80,126.90,982200
MC.PA,20110711,125.45,126.45,119.40,124.65,959600
MC.PA,20110718,123.65,129.80,121.35,129.25,847800
MC.PA,20110725,128.75,132.65,124.90,127.95,1010100
MC.PA,20110801,129.00,131.65,109.55,115.20,1717800
MC.PA,20110808,113.55,116.95,102.50,114.75,2577100
MC.PA,20110815,116.00,118.20,105.30,107.50,1338600
MC.PA,20110822,106.05,113.75,105.35,110.65,1228000
MC.PA,20110829,112.60,119.95,112.10,114.15,1028100
MC.PA,20110905,111.55,115.85,107.90,111.30,1131300
MC.PA,20110912,107.70,117.05,105.40,116.60,1666900
MC.PA,20110919,112.05,115.95,102.20,105.45,1479100
MC.PA,20110926,104.25,110.95,98.05,99.65,1885100
MC.PA,20111003,97.93,107.60,94.16,107.30,1894400
MC.PA,20111010,108.45,115.60,107.35,114.40,1192400
MC.PA,20111017,115.75,116.20,110.70,115.40,1080200
MC.PA,20111024,116.20,125.40,116.00,122.80,998100
MC.PA,20111031,121.30,121.65,114.25,115.40,1256000
MC.PA,20111107,114.40,117.85,112.30,117.00,945000
MC.PA,20111114,117.10,117.65,111.55,112.40,799400
MC.PA,20111121,111.60,111.60,105.05,108.10,989900
MC.PA,20111128,109.60,118.60,109.35,116.25,1680000
MC.PA,20111205,117.65,118.20,110.75,114.45,905600
MC.PA,20111212,113.50,114.45,103.60,104.10,1364700
MC.PA,20111219,103.20,109.80,103.20,108.40,991500
MC.PA,20111226,108.40,109.70,106.45,109.40,342200
MC.PA,20120102,109.85,113.40,108.00,108.90,796200
MC.PA,20120109,109.45,116.40,108.55,113.80,1086800
MC.PA,20120116,113.35,120.55,112.70,120.55,973500
MC.PA,20120123,120.80,124.40,119.35,122.55,794500
MC.PA,20120130,122.00,129.60,120.80,129.30,1229000
MC.PA,20120206,128.50,129.05,122.60,123.65,1007400
MC.PA,20120213,124.25,127.30,123.40,125.30,697500
MC.PA,20120220,126.30,128.00,125.30,126.35,604400
MC.PA,20120227,126.00,129.90,123.75,129.15,681000
MC.PA,20120305,128.50,130.20,124.20,129.70,823100
MC.PA,20120312,129.65,136.80,129.40,135.40,952200
MC.PA,20120319,134.90,134.95,127.15,128.35,718900
MC.PA,20120326,129.00,132.25,125.70,128.85,854500
MC.PA,20120402,129.30,132.25,126.35,129.00,778500
MC.PA,20120409,129.00,130.40,124.60,127.15,958700
MC.PA,20120416,127.75,131.50,121.55,123.40,1897400
MC.PA,20120423,122.45,127.20,119.10,126.25,1318300
MC.PA,20120430,126.95,131.30,124.80,125.75,709400
MC.PA,20120507,124.75,127.80,121.50,123.35,850900
MC.PA,20120514,122.10,125.00,119.20,119.75,977400
MC.PA,20120521,119.75,124.15,116.90,118.30,1009900
MC.PA,20120528,119.10,122.50,112.20,112.65,1118300
MC.PA,20120604,112.05,122.45,111.00,119.35,1125700
MC.PA,20120611,122.00,123.05,115.55,118.25,1062800
MC.PA,20120618,119.45,121.90,116.05,116.70,823600
MC.PA,20120625,116.05,119.85,113.55,119.85,906500
MC.PA,20120702,120.90,124.55,120.00,120.75,809700
MC.PA,20120709,120.50,121.50,113.85,118.85,980600
MC.PA,20120716,118.55,124.00,116.55,121.00,935300
MC.PA,20120723,119.20,124.90,117.90,124.40,1149100
MC.PA,20120730,125.00,128.20,121.15,128.20,948600
MC.PA,20120806,128.30,134.85,127.65,134.65,935300
MC.PA,20120813,134.10,135.00,131.40,133.40,609600
MC.PA,20120820,133.00,134.30,129.95,131.90,500800
MC.PA,20120827,132.05,133.50,128.30,129.80,602800
MC.PA,20120903,129.70,134.00,127.70,132.85,827200
MC.PA,20120910,132.40,134.00,123.30,126.80,1331100
MC.PA,20120917,126.95,127.00,122.35,122.55,1114600
MC.PA,20120924,122.60,123.05,117.00,117.00,1018400
MC.PA,20121001,117.40,122.20,117.00,122.10,828600
MC.PA,20121008,121.90,124.25,118.00,122.85,918100
MC.PA,20121015,123.05,129.00,121.80,125.80,1045800
MC.PA,20121022,125.50,126.55,120.80,125.00,716300
MC.PA,20121029,124.20,130.00,123.15,130.00,668100
MC.PA,20121105,130.00,130.70,124.60,126.50,690300
MC.PA,20121112,126.55,128.00,123.55,123.70,654500
MC.PA,20121119,124.70,130.55,124.35,130.55,672600
MC.PA,20121126,129.60,137.60,129.05,134.90,927800
MC.PA,20121203,135.30,139.20,135.05,138.15,639900
MC.PA,20121210,137.50,140.00,136.70,137.90,635300
MC.PA,20121217,137.80,140.25,136.90,140.00,730600
MC.PA,20121224,140.00,140.40,137.50,137.80,241300
MC.PA,20121231,137.35,142.85,137.25,141.85,386400
MC.PA,20130107,141.40,142.00,135.75,137.85,588700
MC.PA,20130114,137.55,143.40,135.55,141.45,596200
MC.PA,20130121,139.80,140.95,137.25,140.85,567300
MC.PA,20130128,141.45,141.45,136.00,139.85,778400
MC.PA,20130204,140.05,140.10,130.20,133.10,966300
MC.PA,20130211,132.30,134.50,130.75,133.00,664400
MC.PA,20130218,132.60,134.65,129.05,132.45,676400
MC.PA,20130225,132.75,135.45,129.10,131.40,815300
MC.PA,20130304,130.50,136.85,129.55,136.70,690600
MC.PA,20130311,136.35,136.95,133.90,134.20,1022800
MC.PA,20130318,131.45,134.65,129.55,130.85,840900
MC.PA,20130325,132.05,134.70,129.10,133.90,819600
MC.PA,20130401,133.90,137.80,129.65,129.90,757200
MC.PA,20130408,130.50,133.90,129.05,130.85,651500
MC.PA,20130415,130.75,131.50,120.35,123.30,1266400
MC.PA,20130422,122.00,130.00,121.05,129.15,877600
MC.PA,20130429,129.80,135.20,128.90,135.20,557800
MC.PA,20130506,135.30,135.35,133.00,134.35,450200
MC.PA,20130513,134.30,141.65,132.75,141.65,860800
MC.PA,20130520,142.00,143.35,135.60,137.50,683900
MC.PA,20130527,138.35,141.00,135.45,136.65,653400
MC.PA,20130603,136.10,137.80,130.10,132.65,652700
MC.PA,20130610,133.05,133.85,124.20,125.80,821500
MC.PA,20130617,125.80,129.10,121.10,121.10,1041300
MC.PA,20130624,122.60,127.25,117.80,124.50,1033700
MC.PA,20130701,125.95,128.45,123.50,125.05,784400
MC.PA,20130708,126.65,134.60,126.05,133.25,771700
MC.PA,20130715,133.90,134.95,130.40,132.95,615100
MC.PA,20130722,133.30,137.80,129.25,135.05,954400
MC.PA,20130729,136.00,140.80,133.90,140.65,878800
MC.PA,20130805,140.80,141.25,137.10,139.05,671200
MC.PA,20130812,139.80,142.00,138.15,140.90,513600
MC.PA,20130819,140.85,141.25,137.60,139.00,508200
MC.PA,20130826,139.40,140.40,132.35,132.55,623200
MC.PA,20130902,134.20,137.25,132.25,137.25,565200
MC.PA,20130909,139.00,142.95,138.25,141.65,678200
MC.PA,20130916,143.00,150.05,142.40,148.05,1080800
MC.PA,20130923,148.55,149.20,144.90,146.05,617200
MC.PA,20130930,144.60,148.30,143.90,146.70,644800
MC.PA,20131007,145.30,146.80,143.00,146.20,548500
MC.PA,20131014,145.40,146.10,135.00,141.00,1220200
MC.PA,20131021,141.20,141.25,137.95,139.15,712300
MC.PA,20131028,140.00,142.60,139.05,141.20,512200
MC.PA,20131104,141.90,142.55,137.45,139.40,638000
MC.PA,20131111,139.90,140.95,137.65,140.35,622900
MC.PA,20131118,139.65,142.75,138.40,140.00,606300
MC.PA,20131125,141.00,142.35,138.75,138.75,612800
MC.PA,20131202,138.55,139.00,128.85,130.30,1125400
MC.PA,20131209,130.75,131.45,126.05,127.25,992700
MC.PA,20131216,127.00,131.25,126.50,129.80,1129500
MC.PA,20131223,130.25,132.35,128.15,132.35,344000
MC.PA,20131230,132.40,133.20,130.85,131.00,375700
MC.PA,20140106,131.25,131.35,122.15,125.80,1301200
MC.PA,20140113,126.70,129.20,124.50,126.70,953500
MC.PA,20140120,126.50,129.90,123.70,124.20,963100
MC.PA,20140127,123.65,132.15,121.00,132.15,1783200
MC.PA,20140203,132.35,134.25,128.30,134.20,1137700
MC.PA,20140210,134.65,135.05,131.45,134.80,840100
MC.PA,20140217,135.50,137.75,134.50,137.45,677200
MC.PA,20140224,137.00,138.75,133.40,134.85,769100
MC.PA,20140303,132.50,133.80,130.60,131.65,863200
MC.PA,20140310,131.40,132.60,125.00,126.75,834900
MC.PA,20140317,127.00,129.95,126.15,128.95,917000
MC.PA,20140324,129.00,134.00,127.80,133.75,693100
MC.PA,20140331,134.15,135.05,131.90,133.65,720400
MC.PA,20140407,132.85,142.45,131.85,141.20,1394400
MC.PA,20140414,139.30,143.55,139.30,142.70,774000
MC.PA,20140421,142.70,143.55,141.65,141.95,588700
MC.PA,20140428,142.00,142.55,139.60,140.80,638100
MC.PA,20140505,140.80,142.80,138.90,141.85,602000
MC.PA,20140512,141.95,144.65,141.70,143.75,811400
MC.PA,20140519,143.75,144.20,141.25,143.15,640800
MC.PA,20140526,143.70,146.30,142.40,145.95,848200
MC.PA,20140602,146.10,146.35,142.70,143.25,695700
MC.PA,20140609,143.90,145.75,142.85,144.40,506600
MC.PA,20140616,144.20,147.20,143.40,145.70,680500
MC.PA,20140623,146.45,146.50,139.55,140.35,693600
MC.PA,20140630,140.95,142.35,139.20,140.85,563500
MC.PA,20140707,140.85,141.50,137.90,139.35,529400
MC.PA,20140714,139.40,140.60,136.45,138.40,640700
MC.PA,20140721,138.25,141.95,131.10,131.65,1043700
MC.PA,20140728,132.75,132.85,127.35,128.25,949500
MC.PA,20140804,129.00,129.90,124.70,126.65,857400
MC.PA,20140811,127.85,129.25,126.50,127.20,630400
MC.PA,20140818,128.55,131.25,128.45,129.50,590100
MC.PA,20140825,130.65,133.45,129.80,132.05,576900
MC.PA,20140901,132.15,138.20,131.95,136.65,836800
MC.PA,20140908,137.00,137.20,134.85,136.20,605000
MC.PA,20140915,136.10,137.90,134.10,134.45,789300
MC.PA,20140922,134.50,134.70,129.80,130.85,869100
MC.PA,20140929,130.40,130.50,125.90,127.85,1248800
MC.PA,20141006,128.40,129.30,124.45,125.00,1134700
MC.PA,20141013,124.15,129.45,121.40,125.20,1609600
MC.PA,20141020,125.10,128.75,123.95,128.25,911700
MC.PA,20141027,129.40,135.50,128.10,135.35,974200
MC.PA,20141103,135.00,136.15,131.70,133.90,966200
MC.PA,20141110,133.40,138.40,133.20,137.75,672800
MC.PA,20141117,136.70,144.95,136.55,144.95,915900
MC.PA,20141124,144.50,145.00,141.30,144.50,767200
MC.PA,20141201,143.55,146.50,141.45,145.75,797500
MC.PA,20141208,144.65,145.65,137.60,137.60,947900
MC.PA,20141215,137.00,139.55,123.50,129.95,1958700
MC.PA,20141222,130.50,132.65,130.10,131.90,271100
MC.PA,20141229,131.40,133.70,129.90,130.85,361600
MC.PA,20150105,130.05,131.85,123.50,127.70,1086200
MC.PA,20150112,128.50,135.40,128.25,134.20,1498200
MC.PA,20150119,134.55,143.30,132.95,141.85,1294700
MC.PA,20150126,141.40,146.00,141.10,143.50,1225100
